ID,Difficulty,Question,Option A,Option B,Option C,Option D,Answer,Teaching Explanation
1,Intermediate,What is the best practice for handwashing?,Use the recommended method for handwashing,Avoid the recommended method for handwashing,Try a random approach to handwashing,Ask peers about handwashing first,A,"The correct approach for handwashing is to follow established guidelines that ensure safety and developmental appropriateness, making Option A the best practice."
2,Easy,What is the best practice for observation techniques?,Use the recommended method for observation techniques,Avoid the recommended method for observation techniques,Try a random approach to observation techniques,Ask peers about observation techniques first,A,"The correct approach for observation techniques is to follow established guidelines that ensure safety and developmental appropriateness, making Option A the best practice."
3,Intermediate,What is the best practice for formative assessment?,Use the recommended method for formative assessment,Avoid the recommended method for formative assessment,Try a random approach to formative assessment,Ask peers about formative assessment first,A,"The correct approach for formative assessment is to follow established guidelines that ensure safety and developmental appropriateness, making Option A the best practice."
4,Intermediate,What is the best practice for formative assessment?,Use the recommended method for formative assessment,Avoid the recommended method for formative assessment,Try a random approach to formative assessment,Ask peers about formative assessment first,A,"The correct approach for formative assessment is to follow established guidelines that ensure safety and developmental appropriateness, making Option A the best practice."
5,Intermediate,What is the best practice for handwashing?,Use the recommended method for handwashing,Avoid the recommended method for handwashing,Try a random approach to handwashing,Ask peers about handwashing first,A,"The correct approach for handwashing is to follow established guidelines that ensure safety and developmental appropriateness, making Option A the best practice."
6,Difficult,What is the best practice for formative assessment?,Use the recommended method for formative assessment,Avoid the recommended method for formative assessment,Try a random approach to formative assessment,Ask peers about formative assessment first,A,"The correct approach for formative assessment is to follow established guidelines that ensure safety and developmental appropriateness, making Option A the best practice."
7,Intermediate,What is the best practice for gross motor skills?,Use the recommended method for gross motor skills,Avoid the recommended method for gross motor skills,Try a random approach to gross motor skills,Ask peers about gross motor skills first,A,"The correct approach for gross motor skills is to follow established guidelines that ensure safety and developmental appropriateness, making Option A the best practice."
8,Expert,What is the best practice for emergent literacy?,Use the recommended method for emergent literacy,Avoid the recommended method for emergent literacy,Try a random approach to emergent literacy,Ask peers about emergent literacy first,A,"The correct approach for emergent literacy is to follow established guidelines that ensure safety and developmental appropriateness, making Option A the best practice."
9,Expert,What is the best practice for observation techniques?,Use the recommended method for observation techniques,Avoid the recommended method for observation techniques,Try a random approach to observation techniques,Ask peers about observation techniques first,A,"The correct approach for observation techniques is to follow established guidelines that ensure safety and developmental appropriateness, making Option A the best practice."
10,Intermediate,What is the best practice for positive reinforcement?,Use the recommended method for positive reinforcement,Avoid the recommended method for positive reinforcement,Try a random approach to positive reinforcement,Ask peers about positive reinforcement first,A,"The correct approach for positive reinforcement is to follow established guidelines that ensure safety and developmental appropriateness, making Option A the best practice."
11,Moderate,What is the best practice for positive reinforcement?,Use the recommended method for positive reinforcement,Avoid the recommended method for positive reinforcement,Try a random approach to positive reinforcement,Ask peers about positive reinforcement first,A,"The correct approach for positive reinforcement is to follow established guidelines that ensure safety and developmental appropriateness, making Option A the best practice."
12,Easy,What is the best practice for developmentally appropriate practice?,Use the recommended method for developmentally appropriate practice,Avoid the recommended method for developmentally appropriate practice,Try a random approach to developmentally appropriate practice,Ask peers about developmentally appropriate practice first,A,"The correct approach for developmentally appropriate practice is to follow established guidelines that ensure safety and developmental appropriateness, making Option A the best practice."
13,Moderate,What is the best practice for positive reinforcement?,Use the recommended method for positive reinforcement,Avoid the recommended method for positive reinforcement,Try a random approach to positive reinforcement,Ask peers about positive reinforcement first,A,"The correct approach for positive reinforcement is to follow established guidelines that ensure safety and developmental appropriateness, making Option A the best practice."
14,Easy,What is the best practice for handwashing?,Use the recommended method for handwashing,Avoid the recommended method for handwashing,Try a random approach to handwashing,Ask peers about handwashing first,A,"The correct approach for handwashing is to follow established guidelines that ensure safety and developmental appropriateness, making Option A the best practice."
15,Intermediate,What is the best practice for emergent literacy?,Use the recommended method for emergent literacy,Avoid the recommended method for emergent literacy,Try a random approach to emergent literacy,Ask peers about emergent literacy first,A,"The correct approach for emergent literacy is to follow established guidelines that ensure safety and developmental appropriateness, making Option A the best practice."
16,Moderate,What is the best practice for positive reinforcement?,Use the recommended method for positive reinforcement,Avoid the recommended method for positive reinforcement,Try a random approach to positive reinforcement,Ask peers about positive reinforcement first,A,"The correct approach for positive reinforcement is to follow established guidelines that ensure safety and developmental appropriateness, making Option A the best practice."
17,Intermediate,What is the best practice for transitions?,Use the recommended method for transitions,Avoid the recommended method for transitions,Try a random approach to transitions,Ask peers about transitions first,A,"The correct approach for transitions is to follow established guidelines that ensure safety and developmental appropriateness, making Option A the best practice."
18,Expert,What is the best practice for diapering safety?,Use the recommended method for diapering safety,Avoid the recommended method for diapering safety,Try a random approach to diapering safety,Ask peers about diapering safety first,A,"The correct approach for diapering safety is to follow established guidelines that ensure safety and developmental appropriateness, making Option A the best practice."
19,Expert,What is the best practice for serve-and-return?,Use the recommended method for serve-and-return,Avoid the recommended method for serve-and-return,Try a random approach to serve-and-return,Ask peers about serve-and-return first,A,"The correct approach for serve-and-return is to follow established guidelines that ensure safety and developmental appropriateness, making Option A the best practice."
20,Difficult,What is the best practice for formative assessment?,Use the recommended method for formative assessment,Avoid the recommended method for formative assessment,Try a random approach to formative assessment,Ask peers about formative assessment first,A,"The correct approach for formative assessment is to follow established guidelines that ensure safety and developmental appropriateness, making Option A the best practice."
21,Difficult,What is the best practice for formative assessment?,Use the recommended method for formative assessment,Avoid the recommended method for formative assessment,Try a random approach to formative assessment,Ask peers about formative assessment first,A,"The correct approach for formative assessment is to follow established guidelines that ensure safety and developmental appropriateness, making Option A the best practice."
22,Expert,What is the best practice for inclusive play?,Use the recommended method for inclusive play,Avoid the recommended method for inclusive play,Try a random approach to inclusive play,Ask peers about inclusive play first,A,"The correct approach for inclusive play is to follow established guidelines that ensure safety and developmental appropriateness, making Option A the best practice."
23,Intermediate,What is the best practice for formative assessment?,Use the recommended method for formative assessment,Avoid the recommended method for formative assessment,Try a random approach to formative assessment,Ask peers about formative assessment first,A,"The correct approach for formative assessment is to follow established guidelines that ensure safety and developmental appropriateness, making Option A the best practice."
24,Easy,What is the best practice for observation techniques?,Use the recommended method for observation techniques,Avoid the recommended method for observation techniques,Try a random approach to observation techniques,Ask peers about observation techniques first,A,"The correct approach for observation techniques is to follow established guidelines that ensure safety and developmental appropriateness, making Option A the best practice."
25,Moderate,What is the best practice for formative assessment?,Use the recommended method for formative assessment,Avoid the recommended method for formative assessment,Try a random approach to formative assessment,Ask peers about formative assessment first,A,"The correct approach for formative assessment is to follow established guidelines that ensure safety and developmental appropriateness, making Option A the best practice."
26,Intermediate,What is the best practice for scaffolding?,Use the recommended method for scaffolding,Avoid the recommended method for scaffolding,Try a random approach to scaffolding,Ask peers about scaffolding first,A,"The correct approach for scaffolding is to follow established guidelines that ensure safety and developmental appropriateness, making Option A the best practice."
27,Intermediate,What is the best practice for serve-and-return?,Use the recommended method for serve-and-return,Avoid the recommended method for serve-and-return,Try a random approach to serve-and-return,Ask peers about serve-and-return first,A,"The correct approach for serve-and-return is to follow established guidelines that ensure safety and developmental appropriateness, making Option A the best practice."
28,Intermediate,What is the best practice for formative assessment?,Use the recommended method for formative assessment,Avoid the recommended method for formative assessment,Try a random approach to formative assessment,Ask peers about formative assessment first,A,"The correct approach for formative assessment is to follow established guidelines that ensure safety and developmental appropriateness, making Option A the best practice."
29,Easy,What is the best practice for transitions?,Use the recommended method for transitions,Avoid the recommended method for transitions,Try a random approach to transitions,Ask peers about transitions first,A,"The correct approach for transitions is to follow established guidelines that ensure safety and developmental appropriateness, making Option A the best practice."
30,Intermediate,What is the best practice for observation techniques?,Use the recommended method for observation techniques,Avoid the recommended method for observation techniques,Try a random approach to observation techniques,Ask peers about observation techniques first,A,"The correct approach for observation techniques is to follow established guidelines that ensure safety and developmental appropriateness, making Option A the best practice."
31,Moderate,What is the best practice for emergent literacy?,Use the recommended method for emergent literacy,Avoid the recommended method for emergent literacy,Try a random approach to emergent literacy,Ask peers about emergent literacy first,A,"The correct approach for emergent literacy is to follow established guidelines that ensure safety and developmental appropriateness, making Option A the best practice."
32,Moderate,What is the best practice for diapering safety?,Use the recommended method for diapering safety,Avoid the recommended method for diapering safety,Try a random approach to diapering safety,Ask peers about diapering safety first,A,"The correct approach for diapering safety is to follow established guidelines that ensure safety and developmental appropriateness, making Option A the best practice."
33,Moderate,What is the best practice for attachment building?,Use the recommended method for attachment building,Avoid the recommended method for attachment building,Try a random approach to attachment building,Ask peers about attachment building first,A,"The correct approach for attachment building is to follow established guidelines that ensure safety and developmental appropriateness, making Option A the best practice."
34,Difficult,What is the best practice for inclusive play?,Use the recommended method for inclusive play,Avoid the recommended method for inclusive play,Try a random approach to inclusive play,Ask peers about inclusive play first,A,"The correct approach for inclusive play is to follow established guidelines that ensure safety and developmental appropriateness, making Option A the best practice."
35,Moderate,What is the best practice for serve-and-return?,Use the recommended method for serve-and-return,Avoid the recommended method for serve-and-return,Try a random approach to serve-and-return,Ask peers about serve-and-return first,A,"The correct approach for serve-and-return is to follow established guidelines that ensure safety and developmental appropriateness, making Option A the best practice."
36,Moderate,What is the best practice for positive reinforcement?,Use the recommended method for positive reinforcement,Avoid the recommended method for positive reinforcement,Try a random approach to positive reinforcement,Ask peers about positive reinforcement first,A,"The correct approach for positive reinforcement is to follow established guidelines that ensure safety and developmental appropriateness, making Option A the best practice."
37,Moderate,What is the best practice for fine motor skills?,Use the recommended method for fine motor skills,Avoid the recommended method for fine motor skills,Try a random approach to fine motor skills,Ask peers about fine motor skills first,A,"The correct approach for fine motor skills is to follow established guidelines that ensure safety and developmental appropriateness, making Option A the best practice."
38,Moderate,What is the best practice for formative assessment?,Use the recommended method for formative assessment,Avoid the recommended method for formative assessment,Try a random approach to formative assessment,Ask peers about formative assessment first,A,"The correct approach for formative assessment is to follow established guidelines that ensure safety and developmental appropriateness, making Option A the best practice."
39,Intermediate,What is the best practice for serve-and-return?,Use the recommended method for serve-and-return,Avoid the recommended method for serve-and-return,Try a random approach to serve-and-return,Ask peers about serve-and-return first,A,"The correct approach for serve-and-return is to follow established guidelines that ensure safety and developmental appropriateness, making Option A the best practice."
40,Moderate,What is the best practice for inclusive play?,Use the recommended method for inclusive play,Avoid the recommended method for inclusive play,Try a random approach to inclusive play,Ask peers about inclusive play first,A,"The correct approach for inclusive play is to follow established guidelines that ensure safety and developmental appropriateness, making Option A the best practice."
41,Difficult,What is the best practice for positive reinforcement?,Use the recommended method for positive reinforcement,Avoid the recommended method for positive reinforcement,Try a random approach to positive reinforcement,Ask peers about positive reinforcement first,A,"The correct approach for positive reinforcement is to follow established guidelines that ensure safety and developmental appropriateness, making Option A the best practice."
42,Easy,What is the best practice for diapering safety?,Use the recommended method for diapering safety,Avoid the recommended method for diapering safety,Try a random approach to diapering safety,Ask peers about diapering safety first,A,"The correct approach for diapering safety is to follow established guidelines that ensure safety and developmental appropriateness, making Option A the best practice."
43,Easy,What is the best practice for observation techniques?,Use the recommended method for observation techniques,Avoid the recommended method for observation techniques,Try a random approach to observation techniques,Ask peers about observation techniques first,A,"The correct approach for observation techniques is to follow established guidelines that ensure safety and developmental appropriateness, making Option A the best practice."
44,Easy,What is the best practice for handwashing?,Use the recommended method for handwashing,Avoid the recommended method for handwashing,Try a random approach to handwashing,Ask peers about handwashing first,A,"The correct approach for handwashing is to follow established guidelines that ensure safety and developmental appropriateness, making Option A the best practice."
45,Intermediate,What is the best practice for emergent literacy?,Use the recommended method for emergent literacy,Avoid the recommended method for emergent literacy,Try a random approach to emergent literacy,Ask peers about emergent literacy first,A,"The correct approach for emergent literacy is to follow established guidelines that ensure safety and developmental appropriateness, making Option A the best practice."
46,Moderate,What is the best practice for transitions?,Use the recommended method for transitions,Avoid the recommended method for transitions,Try a random approach to transitions,Ask peers about transitions first,A,"The correct approach for transitions is to follow established guidelines that ensure safety and developmental appropriateness, making Option A the best practice."
47,Difficult,What is the best practice for trauma-informed care?,Use the recommended method for trauma-informed care,Avoid the recommended method for trauma-informed care,Try a random approach to trauma-informed care,Ask peers about trauma-informed care first,A,"The correct approach for trauma-informed care is to follow established guidelines that ensure safety and developmental appropriateness, making Option A the best practice."
48,Moderate,What is the best practice for emergent literacy?,Use the recommended method for emergent literacy,Avoid the recommended method for emergent literacy,Try a random approach to emergent literacy,Ask peers about emergent literacy first,A,"The correct approach for emergent literacy is to follow established guidelines that ensure safety and developmental appropriateness, making Option A the best practice."
49,Moderate,What is the best practice for gross motor skills?,Use the recommended method for gross motor skills,Avoid the recommended method for gross motor skills,Try a random approach to gross motor skills,Ask peers about gross motor skills first,A,"The correct approach for gross motor skills is to follow established guidelines that ensure safety and developmental appropriateness, making Option A the best practice."
50,Expert,What is the best practice for observation techniques?,Use the recommended method for observation techniques,Avoid the recommended method for observation techniques,Try a random approach to observation techniques,Ask peers about observation techniques first,A,"The correct approach for observation techniques is to follow established guidelines that ensure safety and developmental appropriateness, making Option A the best practice."
51,Easy,What is the best practice for observation techniques?,Use the recommended method for observation techniques,Avoid the recommended method for observation techniques,Try a random approach to observation techniques,Ask peers about observation techniques first,A,"The correct approach for observation techniques is to follow established guidelines that ensure safety and developmental appropriateness, making Option A the best practice."
52,Easy,What is the best practice for emergent literacy?,Use the recommended method for emergent literacy,Avoid the recommended method for emergent literacy,Try a random approach to emergent literacy,Ask peers about emergent literacy first,A,"The correct approach for emergent literacy is to follow established guidelines that ensure safety and developmental appropriateness, making Option A the best practice."
53,Intermediate,What is the best practice for developmentally appropriate practice?,Use the recommended method for developmentally appropriate practice,Avoid the recommended method for developmentally appropriate practice,Try a random approach to developmentally appropriate practice,Ask peers about developmentally appropriate practice first,A,"The correct approach for developmentally appropriate practice is to follow established guidelines that ensure safety and developmental appropriateness, making Option A the best practice."
54,Intermediate,What is the best practice for gross motor skills?,Use the recommended method for gross motor skills,Avoid the recommended method for gross motor skills,Try a random approach to gross motor skills,Ask peers about gross motor skills first,A,"The correct approach for gross motor skills is to follow established guidelines that ensure safety and developmental appropriateness, making Option A the best practice."
55,Easy,What is the best practice for attachment building?,Use the recommended method for attachment building,Avoid the recommended method for attachment building,Try a random approach to attachment building,Ask peers about attachment building first,A,"The correct approach for attachment building is to follow established guidelines that ensure safety and developmental appropriateness, making Option A the best practice."
56,Easy,What is the best practice for fine motor skills?,Use the recommended method for fine motor skills,Avoid the recommended method for fine motor skills,Try a random approach to fine motor skills,Ask peers about fine motor skills first,A,"The correct approach for fine motor skills is to follow established guidelines that ensure safety and developmental appropriateness, making Option A the best practice."
57,Difficult,What is the best practice for serve-and-return?,Use the recommended method for serve-and-return,Avoid the recommended method for serve-and-return,Try a random approach to serve-and-return,Ask peers about serve-and-return first,A,"The correct approach for serve-and-return is to follow established guidelines that ensure safety and developmental appropriateness, making Option A the best practice."
58,Easy,What is the best practice for attachment building?,Use the recommended method for attachment building,Avoid the recommended method for attachment building,Try a random approach to attachment building,Ask peers about attachment building first,A,"The correct approach for attachment building is to follow established guidelines that ensure safety and developmental appropriateness, making Option A the best practice."
59,Intermediate,What is the best practice for trauma-informed care?,Use the recommended method for trauma-informed care,Avoid the recommended method for trauma-informed care,Try a random approach to trauma-informed care,Ask peers about trauma-informed care first,A,"The correct approach for trauma-informed care is to follow established guidelines that ensure safety and developmental appropriateness, making Option A the best practice."
60,Difficult,What is the best practice for diapering safety?,Use the recommended method for diapering safety,Avoid the recommended method for diapering safety,Try a random approach to diapering safety,Ask peers about diapering safety first,A,"The correct approach for diapering safety is to follow established guidelines that ensure safety and developmental appropriateness, making Option A the best practice."
61,Moderate,What is the best practice for attachment building?,Use the recommended method for attachment building,Avoid the recommended method for attachment building,Try a random approach to attachment building,Ask peers about attachment building first,A,"The correct approach for attachment building is to follow established guidelines that ensure safety and developmental appropriateness, making Option A the best practice."
62,Expert,What is the best practice for scaffolding?,Use the recommended method for scaffolding,Avoid the recommended method for scaffolding,Try a random approach to scaffolding,Ask peers about scaffolding first,A,"The correct approach for scaffolding is to follow established guidelines that ensure safety and developmental appropriateness, making Option A the best practice."
63,Difficult,What is the best practice for attachment building?,Use the recommended method for attachment building,Avoid the recommended method for attachment building,Try a random approach to attachment building,Ask peers about attachment building first,A,"The correct approach for attachment building is to follow established guidelines that ensure safety and developmental appropriateness, making Option A the best practice."
64,Moderate,What is the best practice for developmentally appropriate practice?,Use the recommended method for developmentally appropriate practice,Avoid the recommended method for developmentally appropriate practice,Try a random approach to developmentally appropriate practice,Ask peers about developmentally appropriate practice first,A,"The correct approach for developmentally appropriate practice is to follow established guidelines that ensure safety and developmental appropriateness, making Option A the best practice."
65,Intermediate,What is the best practice for transitions?,Use the recommended method for transitions,Avoid the recommended method for transitions,Try a random approach to transitions,Ask peers about transitions first,A,"The correct approach for transitions is to follow established guidelines that ensure safety and developmental appropriateness, making Option A the best practice."
66,Easy,What is the best practice for emergent literacy?,Use the recommended method for emergent literacy,Avoid the recommended method for emergent literacy,Try a random approach to emergent literacy,Ask peers about emergent literacy first,A,"The correct approach for emergent literacy is to follow established guidelines that ensure safety and developmental appropriateness, making Option A the best practice."
67,Easy,What is the best practice for scaffolding?,Use the recommended method for scaffolding,Avoid the recommended method for scaffolding,Try a random approach to scaffolding,Ask peers about scaffolding first,A,"The correct approach for scaffolding is to follow established guidelines that ensure safety and developmental appropriateness, making Option A the best practice."
68,Difficult,What is the best practice for inclusive play?,Use the recommended method for inclusive play,Avoid the recommended method for inclusive play,Try a random approach to inclusive play,Ask peers about inclusive play first,A,"The correct approach for inclusive play is to follow established guidelines that ensure safety and developmental appropriateness, making Option A the best practice."
69,Easy,What is the best practice for serve-and-return?,Use the recommended method for serve-and-return,Avoid the recommended method for serve-and-return,Try a random approach to serve-and-return,Ask peers about serve-and-return first,A,"The correct approach for serve-and-return is to follow established guidelines that ensure safety and developmental appropriateness, making Option A the best practice."
70,Easy,What is the best practice for trauma-informed care?,Use the recommended method for trauma-informed care,Avoid the recommended method for trauma-informed care,Try a random approach to trauma-informed care,Ask peers about trauma-informed care first,A,"The correct approach for trauma-informed care is to follow established guidelines that ensure safety and developmental appropriateness, making Option A the best practice."
71,Difficult,What is the best practice for scaffolding?,Use the recommended method for scaffolding,Avoid the recommended method for scaffolding,Try a random approach to scaffolding,Ask peers about scaffolding first,A,"The correct approach for scaffolding is to follow established guidelines that ensure safety and developmental appropriateness, making Option A the best practice."
72,Intermediate,What is the best practice for transitions?,Use the recommended method for transitions,Avoid the recommended method for transitions,Try a random approach to transitions,Ask peers about transitions first,A,"The correct approach for transitions is to follow established guidelines that ensure safety and developmental appropriateness, making Option A the best practice."
73,Moderate,What is the best practice for gross motor skills?,Use the recommended method for gross motor skills,Avoid the recommended method for gross motor skills,Try a random approach to gross motor skills,Ask peers about gross motor skills first,A,"The correct approach for gross motor skills is to follow established guidelines that ensure safety and developmental appropriateness, making Option A the best practice."
74,Easy,What is the best practice for fine motor skills?,Use the recommended method for fine motor skills,Avoid the recommended method for fine motor skills,Try a random approach to fine motor skills,Ask peers about fine motor skills first,A,"The correct approach for fine motor skills is to follow established guidelines that ensure safety and developmental appropriateness, making Option A the best practice."
75,Difficult,What is the best practice for transitions?,Use the recommended method for transitions,Avoid the recommended method for transitions,Try a random approach to transitions,Ask peers about transitions first,A,"The correct approach for transitions is to follow established guidelines that ensure safety and developmental appropriateness, making Option A the best practice."
76,Difficult,What is the best practice for formative assessment?,Use the recommended method for formative assessment,Avoid the recommended method for formative assessment,Try a random approach to formative assessment,Ask peers about formative assessment first,A,"The correct approach for formative assessment is to follow established guidelines that ensure safety and developmental appropriateness, making Option A the best practice."
77,Easy,What is the best practice for observation techniques?,Use the recommended method for observation techniques,Avoid the recommended method for observation techniques,Try a random approach to observation techniques,Ask peers about observation techniques first,A,"The correct approach for observation techniques is to follow established guidelines that ensure safety and developmental appropriateness, making Option A the best practice."
78,Easy,What is the best practice for serve-and-return?,Use the recommended method for serve-and-return,Avoid the recommended method for serve-and-return,Try a random approach to serve-and-return,Ask peers about serve-and-return first,A,"The correct approach for serve-and-return is to follow established guidelines that ensure safety and developmental appropriateness, making Option A the best practice."
79,Moderate,What is the best practice for serve-and-return?,Use the recommended method for serve-and-return,Avoid the recommended method for serve-and-return,Try a random approach to serve-and-return,Ask peers about serve-and-return first,A,"The correct approach for serve-and-return is to follow established guidelines that ensure safety and developmental appropriateness, making Option A the best practice."
80,Intermediate,What is the best practice for formative assessment?,Use the recommended method for formative assessment,Avoid the recommended method for formative assessment,Try a random approach to formative assessment,Ask peers about formative assessment first,A,"The correct approach for formative assessment is to follow established guidelines that ensure safety and developmental appropriateness, making Option A the best practice."
81,Moderate,What is the best practice for transitions?,Use the recommended method for transitions,Avoid the recommended method for transitions,Try a random approach to transitions,Ask peers about transitions first,A,"The correct approach for transitions is to follow established guidelines that ensure safety and developmental appropriateness, making Option A the best practice."
82,Moderate,What is the best practice for formative assessment?,Use the recommended method for formative assessment,Avoid the recommended method for formative assessment,Try a random approach to formative assessment,Ask peers about formative assessment first,A,"The correct approach for formative assessment is to follow established guidelines that ensure safety and developmental appropriateness, making Option A the best practice."
83,Easy,What is the best practice for developmentally appropriate practice?,Use the recommended method for developmentally appropriate practice,Avoid the recommended method for developmentally appropriate practice,Try a random approach to developmentally appropriate practice,Ask peers about developmentally appropriate practice first,A,"The correct approach for developmentally appropriate practice is to follow established guidelines that ensure safety and developmental appropriateness, making Option A the best practice."
84,Intermediate,What is the best practice for diapering safety?,Use the recommended method for diapering safety,Avoid the recommended method for diapering safety,Try a random approach to diapering safety,Ask peers about diapering safety first,A,"The correct approach for diapering safety is to follow established guidelines that ensure safety and developmental appropriateness, making Option A the best practice."
85,Intermediate,What is the best practice for observation techniques?,Use the recommended method for observation techniques,Avoid the recommended method for observation techniques,Try a random approach to observation techniques,Ask peers about observation techniques first,A,"The correct approach for observation techniques is to follow established guidelines that ensure safety and developmental appropriateness, making Option A the best practice."
86,Moderate,What is the best practice for emergent literacy?,Use the recommended method for emergent literacy,Avoid the recommended method for emergent literacy,Try a random approach to emergent literacy,Ask peers about emergent literacy first,A,"The correct approach for emergent literacy is to follow established guidelines that ensure safety and developmental appropriateness, making Option A the best practice."
87,Easy,What is the best practice for developmentally appropriate practice?,Use the recommended method for developmentally appropriate practice,Avoid the recommended method for developmentally appropriate practice,Try a random approach to developmentally appropriate practice,Ask peers about developmentally appropriate practice first,A,"The correct approach for developmentally appropriate practice is to follow established guidelines that ensure safety and developmental appropriateness, making Option A the best practice."
88,Difficult,What is the best practice for handwashing?,Use the recommended method for handwashing,Avoid the recommended method for handwashing,Try a random approach to handwashing,Ask peers about handwashing first,A,"The correct approach for handwashing is to follow established guidelines that ensure safety and developmental appropriateness, making Option A the best practice."
89,Intermediate,What is the best practice for positive reinforcement?,Use the recommended method for positive reinforcement,Avoid the recommended method for positive reinforcement,Try a random approach to positive reinforcement,Ask peers about positive reinforcement first,A,"The correct approach for positive reinforcement is to follow established guidelines that ensure safety and developmental appropriateness, making Option A the best practice."
90,Moderate,What is the best practice for diapering safety?,Use the recommended method for diapering safety,Avoid the recommended method for diapering safety,Try a random approach to diapering safety,Ask peers about diapering safety first,A,"The correct approach for diapering safety is to follow established guidelines that ensure safety and developmental appropriateness, making Option A the best practice."
91,Intermediate,What is the best practice for diapering safety?,Use the recommended method for diapering safety,Avoid the recommended method for diapering safety,Try a random approach to diapering safety,Ask peers about diapering safety first,A,"The correct approach for diapering safety is to follow established guidelines that ensure safety and developmental appropriateness, making Option A the best practice."
92,Moderate,What is the best practice for transitions?,Use the recommended method for transitions,Avoid the recommended method for transitions,Try a random approach to transitions,Ask peers about transitions first,A,"The correct approach for transitions is to follow established guidelines that ensure safety and developmental appropriateness, making Option A the best practice."
93,Easy,What is the best practice for serve-and-return?,Use the recommended method for serve-and-return,Avoid the recommended method for serve-and-return,Try a random approach to serve-and-return,Ask peers about serve-and-return first,A,"The correct approach for serve-and-return is to follow established guidelines that ensure safety and developmental appropriateness, making Option A the best practice."
94,Intermediate,What is the best practice for handwashing?,Use the recommended method for handwashing,Avoid the recommended method for handwashing,Try a random approach to handwashing,Ask peers about handwashing first,A,"The correct approach for handwashing is to follow established guidelines that ensure safety and developmental appropriateness, making Option A the best practice."
95,Easy,What is the best practice for transitions?,Use the recommended method for transitions,Avoid the recommended method for transitions,Try a random approach to transitions,Ask peers about transitions first,A,"The correct approach for transitions is to follow established guidelines that ensure safety and developmental appropriateness, making Option A the best practice."
96,Difficult,What is the best practice for diapering safety?,Use the recommended method for diapering safety,Avoid the recommended method for diapering safety,Try a random approach to diapering safety,Ask peers about diapering safety first,A,"The correct approach for diapering safety is to follow established guidelines that ensure safety and developmental appropriateness, making Option A the best practice."
97,Easy,What is the best practice for transitions?,Use the recommended method for transitions,Avoid the recommended method for transitions,Try a random approach to transitions,Ask peers about transitions first,A,"The correct approach for transitions is to follow established guidelines that ensure safety and developmental appropriateness, making Option A the best practice."
98,Difficult,What is the best practice for formative assessment?,Use the recommended method for formative assessment,Avoid the recommended method for formative assessment,Try a random approach to formative assessment,Ask peers about formative assessment first,A,"The correct approach for formative assessment is to follow established guidelines that ensure safety and developmental appropriateness, making Option A the best practice."
99,Expert,What is the best practice for developmentally appropriate practice?,Use the recommended method for developmentally appropriate practice,Avoid the recommended method for developmentally appropriate practice,Try a random approach to developmentally appropriate practice,Ask peers about developmentally appropriate practice first,A,"The correct approach for developmentally appropriate practice is to follow established guidelines that ensure safety and developmental appropriateness, making Option A the best practice."
100,Intermediate,What is the best practice for handwashing?,Use the recommended method for handwashing,Avoid the recommended method for handwashing,Try a random approach to handwashing,Ask peers about handwashing first,A,"The correct approach for handwashing is to follow established guidelines that ensure safety and developmental appropriateness, making Option A the best practice."
101,Moderate,What is the best practice for attachment building?,Use the recommended method for attachment building,Avoid the recommended method for attachment building,Try a random approach to attachment building,Ask peers about attachment building first,A,"The correct approach for attachment building is to follow established guidelines that ensure safety and developmental appropriateness, making Option A the best practice."
102,Expert,What is the best practice for inclusive play?,Use the recommended method for inclusive play,Avoid the recommended method for inclusive play,Try a random approach to inclusive play,Ask peers about inclusive play first,A,"The correct approach for inclusive play is to follow established guidelines that ensure safety and developmental appropriateness, making Option A the best practice."
103,Easy,What is the best practice for inclusive play?,Use the recommended method for inclusive play,Avoid the recommended method for inclusive play,Try a random approach to inclusive play,Ask peers about inclusive play first,A,"The correct approach for inclusive play is to follow established guidelines that ensure safety and developmental appropriateness, making Option A the best practice."
104,Intermediate,What is the best practice for developmentally appropriate practice?,Use the recommended method for developmentally appropriate practice,Avoid the recommended method for developmentally appropriate practice,Try a random approach to developmentally appropriate practice,Ask peers about developmentally appropriate practice first,A,"The correct approach for developmentally appropriate practice is to follow established guidelines that ensure safety and developmental appropriateness, making Option A the best practice."
105,Easy,What is the best practice for gross motor skills?,Use the recommended method for gross motor skills,Avoid the recommended method for gross motor skills,Try a random approach to gross motor skills,Ask peers about gross motor skills first,A,"The correct approach for gross motor skills is to follow established guidelines that ensure safety and developmental appropriateness, making Option A the best practice."
106,Intermediate,What is the best practice for handwashing?,Use the recommended method for handwashing,Avoid the recommended method for handwashing,Try a random approach to handwashing,Ask peers about handwashing first,A,"The correct approach for handwashing is to follow established guidelines that ensure safety and developmental appropriateness, making Option A the best practice."
107,Intermediate,What is the best practice for fine motor skills?,Use the recommended method for fine motor skills,Avoid the recommended method for fine motor skills,Try a random approach to fine motor skills,Ask peers about fine motor skills first,A,"The correct approach for fine motor skills is to follow established guidelines that ensure safety and developmental appropriateness, making Option A the best practice."
108,Intermediate,What is the best practice for positive reinforcement?,Use the recommended method for positive reinforcement,Avoid the recommended method for positive reinforcement,Try a random approach to positive reinforcement,Ask peers about positive reinforcement first,A,"The correct approach for positive reinforcement is to follow established guidelines that ensure safety and developmental appropriateness, making Option A the best practice."
109,Easy,What is the best practice for serve-and-return?,Use the recommended method for serve-and-return,Avoid the recommended method for serve-and-return,Try a random approach to serve-and-return,Ask peers about serve-and-return first,A,"The correct approach for serve-and-return is to follow established guidelines that ensure safety and developmental appropriateness, making Option A the best practice."
110,Easy,What is the best practice for developmentally appropriate practice?,Use the recommended method for developmentally appropriate practice,Avoid the recommended method for developmentally appropriate practice,Try a random approach to developmentally appropriate practice,Ask peers about developmentally appropriate practice first,A,"The correct approach for developmentally appropriate practice is to follow established guidelines that ensure safety and developmental appropriateness, making Option A the best practice."
111,Intermediate,What is the best practice for inclusive play?,Use the recommended method for inclusive play,Avoid the recommended method for inclusive play,Try a random approach to inclusive play,Ask peers about inclusive play first,A,"The correct approach for inclusive play is to follow established guidelines that ensure safety and developmental appropriateness, making Option A the best practice."
112,Easy,What is the best practice for positive reinforcement?,Use the recommended method for positive reinforcement,Avoid the recommended method for positive reinforcement,Try a random approach to positive reinforcement,Ask peers about positive reinforcement first,A,"The correct approach for positive reinforcement is to follow established guidelines that ensure safety and developmental appropriateness, making Option A the best practice."
113,Moderate,What is the best practice for gross motor skills?,Use the recommended method for gross motor skills,Avoid the recommended method for gross motor skills,Try a random approach to gross motor skills,Ask peers about gross motor skills first,A,"The correct approach for gross motor skills is to follow established guidelines that ensure safety and developmental appropriateness, making Option A the best practice."
114,Intermediate,What is the best practice for gross motor skills?,Use the recommended method for gross motor skills,Avoid the recommended method for gross motor skills,Try a random approach to gross motor skills,Ask peers about gross motor skills first,A,"The correct approach for gross motor skills is to follow established guidelines that ensure safety and developmental appropriateness, making Option A the best practice."
115,Expert,What is the best practice for formative assessment?,Use the recommended method for formative assessment,Avoid the recommended method for formative assessment,Try a random approach to formative assessment,Ask peers about formative assessment first,A,"The correct approach for formative assessment is to follow established guidelines that ensure safety and developmental appropriateness, making Option A the best practice."
116,Difficult,What is the best practice for emergent literacy?,Use the recommended method for emergent literacy,Avoid the recommended method for emergent literacy,Try a random approach to emergent literacy,Ask peers about emergent literacy first,A,"The correct approach for emergent literacy is to follow established guidelines that ensure safety and developmental appropriateness, making Option A the best practice."
117,Intermediate,What is the best practice for positive reinforcement?,Use the recommended method for positive reinforcement,Avoid the recommended method for positive reinforcement,Try a random approach to positive reinforcement,Ask peers about positive reinforcement first,A,"The correct approach for positive reinforcement is to follow established guidelines that ensure safety and developmental appropriateness, making Option A the best practice."
118,Moderate,What is the best practice for diapering safety?,Use the recommended method for diapering safety,Avoid the recommended method for diapering safety,Try a random approach to diapering safety,Ask peers about diapering safety first,A,"The correct approach for diapering safety is to follow established guidelines that ensure safety and developmental appropriateness, making Option A the best practice."
119,Expert,What is the best practice for observation techniques?,Use the recommended method for observation techniques,Avoid the recommended method for observation techniques,Try a random approach to observation techniques,Ask peers about observation techniques first,A,"The correct approach for observation techniques is to follow established guidelines that ensure safety and developmental appropriateness, making Option A the best practice."
120,Intermediate,What is the best practice for fine motor skills?,Use the recommended method for fine motor skills,Avoid the recommended method for fine motor skills,Try a random approach to fine motor skills,Ask peers about fine motor skills first,A,"The correct approach for fine motor skills is to follow established guidelines that ensure safety and developmental appropriateness, making Option A the best practice."
121,Easy,What is the best practice for inclusive play?,Use the recommended method for inclusive play,Avoid the recommended method for inclusive play,Try a random approach to inclusive play,Ask peers about inclusive play first,A,"The correct approach for inclusive play is to follow established guidelines that ensure safety and developmental appropriateness, making Option A the best practice."
122,Intermediate,What is the best practice for developmentally appropriate practice?,Use the recommended method for developmentally appropriate practice,Avoid the recommended method for developmentally appropriate practice,Try a random approach to developmentally appropriate practice,Ask peers about developmentally appropriate practice first,A,"The correct approach for developmentally appropriate practice is to follow established guidelines that ensure safety and developmental appropriateness, making Option A the best practice."
123,Moderate,What is the best practice for serve-and-return?,Use the recommended method for serve-and-return,Avoid the recommended method for serve-and-return,Try a random approach to serve-and-return,Ask peers about serve-and-return first,A,"The correct approach for serve-and-return is to follow established guidelines that ensure safety and developmental appropriateness, making Option A the best practice."
124,Moderate,What is the best practice for diapering safety?,Use the recommended method for diapering safety,Avoid the recommended method for diapering safety,Try a random approach to diapering safety,Ask peers about diapering safety first,A,"The correct approach for diapering safety is to follow established guidelines that ensure safety and developmental appropriateness, making Option A the best practice."
125,Expert,What is the best practice for trauma-informed care?,Use the recommended method for trauma-informed care,Avoid the recommended method for trauma-informed care,Try a random approach to trauma-informed care,Ask peers about trauma-informed care first,A,"The correct approach for trauma-informed care is to follow established guidelines that ensure safety and developmental appropriateness, making Option A the best practice."
126,Expert,What is the best practice for serve-and-return?,Use the recommended method for serve-and-return,Avoid the recommended method for serve-and-return,Try a random approach to serve-and-return,Ask peers about serve-and-return first,A,"The correct approach for serve-and-return is to follow established guidelines that ensure safety and developmental appropriateness, making Option A the best practice."
127,Difficult,What is the best practice for developmentally appropriate practice?,Use the recommended method for developmentally appropriate practice,Avoid the recommended method for developmentally appropriate practice,Try a random approach to developmentally appropriate practice,Ask peers about developmentally appropriate practice first,A,"The correct approach for developmentally appropriate practice is to follow established guidelines that ensure safety and developmental appropriateness, making Option A the best practice."
128,Difficult,What is the best practice for formative assessment?,Use the recommended method for formative assessment,Avoid the recommended method for formative assessment,Try a random approach to formative assessment,Ask peers about formative assessment first,A,"The correct approach for formative assessment is to follow established guidelines that ensure safety and developmental appropriateness, making Option A the best practice."
129,Easy,What is the best practice for trauma-informed care?,Use the recommended method for trauma-informed care,Avoid the recommended method for trauma-informed care,Try a random approach to trauma-informed care,Ask peers about trauma-informed care first,A,"The correct approach for trauma-informed care is to follow established guidelines that ensure safety and developmental appropriateness, making Option A the best practice."
130,Intermediate,What is the best practice for formative assessment?,Use the recommended method for formative assessment,Avoid the recommended method for formative assessment,Try a random approach to formative assessment,Ask peers about formative assessment first,A,"The correct approach for formative assessment is to follow established guidelines that ensure safety and developmental appropriateness, making Option A the best practice."
131,Moderate,What is the best practice for observation techniques?,Use the recommended method for observation techniques,Avoid the recommended method for observation techniques,Try a random approach to observation techniques,Ask peers about observation techniques first,A,"The correct approach for observation techniques is to follow established guidelines that ensure safety and developmental appropriateness, making Option A the best practice."
132,Expert,What is the best practice for handwashing?,Use the recommended method for handwashing,Avoid the recommended method for handwashing,Try a random approach to handwashing,Ask peers about handwashing first,A,"The correct approach for handwashing is to follow established guidelines that ensure safety and developmental appropriateness, making Option A the best practice."
133,Expert,What is the best practice for positive reinforcement?,Use the recommended method for positive reinforcement,Avoid the recommended method for positive reinforcement,Try a random approach to positive reinforcement,Ask peers about positive reinforcement first,A,"The correct approach for positive reinforcement is to follow established guidelines that ensure safety and developmental appropriateness, making Option A the best practice."
134,Moderate,What is the best practice for transitions?,Use the recommended method for transitions,Avoid the recommended method for transitions,Try a random approach to transitions,Ask peers about transitions first,A,"The correct approach for transitions is to follow established guidelines that ensure safety and developmental appropriateness, making Option A the best practice."
135,Intermediate,What is the best practice for positive reinforcement?,Use the recommended method for positive reinforcement,Avoid the recommended method for positive reinforcement,Try a random approach to positive reinforcement,Ask peers about positive reinforcement first,A,"The correct approach for positive reinforcement is to follow established guidelines that ensure safety and developmental appropriateness, making Option A the best practice."
136,Intermediate,What is the best practice for transitions?,Use the recommended method for transitions,Avoid the recommended method for transitions,Try a random approach to transitions,Ask peers about transitions first,A,"The correct approach for transitions is to follow established guidelines that ensure safety and developmental appropriateness, making Option A the best practice."
137,Easy,What is the best practice for fine motor skills?,Use the recommended method for fine motor skills,Avoid the recommended method for fine motor skills,Try a random approach to fine motor skills,Ask peers about fine motor skills first,A,"The correct approach for fine motor skills is to follow established guidelines that ensure safety and developmental appropriateness, making Option A the best practice."
138,Easy,What is the best practice for trauma-informed care?,Use the recommended method for trauma-informed care,Avoid the recommended method for trauma-informed care,Try a random approach to trauma-informed care,Ask peers about trauma-informed care first,A,"The correct approach for trauma-informed care is to follow established guidelines that ensure safety and developmental appropriateness, making Option A the best practice."
139,Easy,What is the best practice for formative assessment?,Use the recommended method for formative assessment,Avoid the recommended method for formative assessment,Try a random approach to formative assessment,Ask peers about formative assessment first,A,"The correct approach for formative assessment is to follow established guidelines that ensure safety and developmental appropriateness, making Option A the best practice."
140,Easy,What is the best practice for attachment building?,Use the recommended method for attachment building,Avoid the recommended method for attachment building,Try a random approach to attachment building,Ask peers about attachment building first,A,"The correct approach for attachment building is to follow established guidelines that ensure safety and developmental appropriateness, making Option A the best practice."
141,Intermediate,What is the best practice for inclusive play?,Use the recommended method for inclusive play,Avoid the recommended method for inclusive play,Try a random approach to inclusive play,Ask peers about inclusive play first,A,"The correct approach for inclusive play is to follow established guidelines that ensure safety and developmental appropriateness, making Option A the best practice."
142,Difficult,What is the best practice for handwashing?,Use the recommended method for handwashing,Avoid the recommended method for handwashing,Try a random approach to handwashing,Ask peers about handwashing first,A,"The correct approach for handwashing is to follow established guidelines that ensure safety and developmental appropriateness, making Option A the best practice."
143,Easy,What is the best practice for inclusive play?,Use the recommended method for inclusive play,Avoid the recommended method for inclusive play,Try a random approach to inclusive play,Ask peers about inclusive play first,A,"The correct approach for inclusive play is to follow established guidelines that ensure safety and developmental appropriateness, making Option A the best practice."
144,Easy,What is the best practice for emergent literacy?,Use the recommended method for emergent literacy,Avoid the recommended method for emergent literacy,Try a random approach to emergent literacy,Ask peers about emergent literacy first,A,"The correct approach for emergent literacy is to follow established guidelines that ensure safety and developmental appropriateness, making Option A the best practice."
145,Intermediate,What is the best practice for serve-and-return?,Use the recommended method for serve-and-return,Avoid the recommended method for serve-and-return,Try a random approach to serve-and-return,Ask peers about serve-and-return first,A,"The correct approach for serve-and-return is to follow established guidelines that ensure safety and developmental appropriateness, making Option A the best practice."
146,Easy,What is the best practice for serve-and-return?,Use the recommended method for serve-and-return,Avoid the recommended method for serve-and-return,Try a random approach to serve-and-return,Ask peers about serve-and-return first,A,"The correct approach for serve-and-return is to follow established guidelines that ensure safety and developmental appropriateness, making Option A the best practice."
147,Difficult,What is the best practice for inclusive play?,Use the recommended method for inclusive play,Avoid the recommended method for inclusive play,Try a random approach to inclusive play,Ask peers about inclusive play first,A,"The correct approach for inclusive play is to follow established guidelines that ensure safety and developmental appropriateness, making Option A the best practice."
148,Easy,What is the best practice for gross motor skills?,Use the recommended method for gross motor skills,Avoid the recommended method for gross motor skills,Try a random approach to gross motor skills,Ask peers about gross motor skills first,A,"The correct approach for gross motor skills is to follow established guidelines that ensure safety and developmental appropriateness, making Option A the best practice."
149,Easy,What is the best practice for formative assessment?,Use the recommended method for formative assessment,Avoid the recommended method for formative assessment,Try a random approach to formative assessment,Ask peers about formative assessment first,A,"The correct approach for formative assessment is to follow established guidelines that ensure safety and developmental appropriateness, making Option A the best practice."
150,Moderate,What is the best practice for trauma-informed care?,Use the recommended method for trauma-informed care,Avoid the recommended method for trauma-informed care,Try a random approach to trauma-informed care,Ask peers about trauma-informed care first,A,"The correct approach for trauma-informed care is to follow established guidelines that ensure safety and developmental appropriateness, making Option A the best practice."
151,Moderate,What is the best practice for handwashing?,Use the recommended method for handwashing,Avoid the recommended method for handwashing,Try a random approach to handwashing,Ask peers about handwashing first,A,"The correct approach for handwashing is to follow established guidelines that ensure safety and developmental appropriateness, making Option A the best practice."
152,Moderate,What is the best practice for fine motor skills?,Use the recommended method for fine motor skills,Avoid the recommended method for fine motor skills,Try a random approach to fine motor skills,Ask peers about fine motor skills first,A,"The correct approach for fine motor skills is to follow established guidelines that ensure safety and developmental appropriateness, making Option A the best practice."
153,Difficult,What is the best practice for handwashing?,Use the recommended method for handwashing,Avoid the recommended method for handwashing,Try a random approach to handwashing,Ask peers about handwashing first,A,"The correct approach for handwashing is to follow established guidelines that ensure safety and developmental appropriateness, making Option A the best practice."
154,Expert,What is the best practice for transitions?,Use the recommended method for transitions,Avoid the recommended method for transitions,Try a random approach to transitions,Ask peers about transitions first,A,"The correct approach for transitions is to follow established guidelines that ensure safety and developmental appropriateness, making Option A the best practice."
155,Moderate,What is the best practice for gross motor skills?,Use the recommended method for gross motor skills,Avoid the recommended method for gross motor skills,Try a random approach to gross motor skills,Ask peers about gross motor skills first,A,"The correct approach for gross motor skills is to follow established guidelines that ensure safety and developmental appropriateness, making Option A the best practice."
156,Intermediate,What is the best practice for handwashing?,Use the recommended method for handwashing,Avoid the recommended method for handwashing,Try a random approach to handwashing,Ask peers about handwashing first,A,"The correct approach for handwashing is to follow established guidelines that ensure safety and developmental appropriateness, making Option A the best practice."
157,Intermediate,What is the best practice for attachment building?,Use the recommended method for attachment building,Avoid the recommended method for attachment building,Try a random approach to attachment building,Ask peers about attachment building first,A,"The correct approach for attachment building is to follow established guidelines that ensure safety and developmental appropriateness, making Option A the best practice."
158,Expert,What is the best practice for gross motor skills?,Use the recommended method for gross motor skills,Avoid the recommended method for gross motor skills,Try a random approach to gross motor skills,Ask peers about gross motor skills first,A,"The correct approach for gross motor skills is to follow established guidelines that ensure safety and developmental appropriateness, making Option A the best practice."
159,Easy,What is the best practice for observation techniques?,Use the recommended method for observation techniques,Avoid the recommended method for observation techniques,Try a random approach to observation techniques,Ask peers about observation techniques first,A,"The correct approach for observation techniques is to follow established guidelines that ensure safety and developmental appropriateness, making Option A the best practice."
160,Expert,What is the best practice for attachment building?,Use the recommended method for attachment building,Avoid the recommended method for attachment building,Try a random approach to attachment building,Ask peers about attachment building first,A,"The correct approach for attachment building is to follow established guidelines that ensure safety and developmental appropriateness, making Option A the best practice."
161,Moderate,What is the best practice for inclusive play?,Use the recommended method for inclusive play,Avoid the recommended method for inclusive play,Try a random approach to inclusive play,Ask peers about inclusive play first,A,"The correct approach for inclusive play is to follow established guidelines that ensure safety and developmental appropriateness, making Option A the best practice."
162,Intermediate,What is the best practice for transitions?,Use the recommended method for transitions,Avoid the recommended method for transitions,Try a random approach to transitions,Ask peers about transitions first,A,"The correct approach for transitions is to follow established guidelines that ensure safety and developmental appropriateness, making Option A the best practice."
163,Moderate,What is the best practice for scaffolding?,Use the recommended method for scaffolding,Avoid the recommended method for scaffolding,Try a random approach to scaffolding,Ask peers about scaffolding first,A,"The correct approach for scaffolding is to follow established guidelines that ensure safety and developmental appropriateness, making Option A the best practice."
164,Expert,What is the best practice for observation techniques?,Use the recommended method for observation techniques,Avoid the recommended method for observation techniques,Try a random approach to observation techniques,Ask peers about observation techniques first,A,"The correct approach for observation techniques is to follow established guidelines that ensure safety and developmental appropriateness, making Option A the best practice."
165,Easy,What is the best practice for trauma-informed care?,Use the recommended method for trauma-informed care,Avoid the recommended method for trauma-informed care,Try a random approach to trauma-informed care,Ask peers about trauma-informed care first,A,"The correct approach for trauma-informed care is to follow established guidelines that ensure safety and developmental appropriateness, making Option A the best practice."
166,Moderate,What is the best practice for attachment building?,Use the recommended method for attachment building,Avoid the recommended method for attachment building,Try a random approach to attachment building,Ask peers about attachment building first,A,"The correct approach for attachment building is to follow established guidelines that ensure safety and developmental appropriateness, making Option A the best practice."
167,Easy,What is the best practice for attachment building?,Use the recommended method for attachment building,Avoid the recommended method for attachment building,Try a random approach to attachment building,Ask peers about attachment building first,A,"The correct approach for attachment building is to follow established guidelines that ensure safety and developmental appropriateness, making Option A the best practice."
168,Moderate,What is the best practice for fine motor skills?,Use the recommended method for fine motor skills,Avoid the recommended method for fine motor skills,Try a random approach to fine motor skills,Ask peers about fine motor skills first,A,"The correct approach for fine motor skills is to follow established guidelines that ensure safety and developmental appropriateness, making Option A the best practice."
169,Intermediate,What is the best practice for positive reinforcement?,Use the recommended method for positive reinforcement,Avoid the recommended method for positive reinforcement,Try a random approach to positive reinforcement,Ask peers about positive reinforcement first,A,"The correct approach for positive reinforcement is to follow established guidelines that ensure safety and developmental appropriateness, making Option A the best practice."
170,Expert,What is the best practice for serve-and-return?,Use the recommended method for serve-and-return,Avoid the recommended method for serve-and-return,Try a random approach to serve-and-return,Ask peers about serve-and-return first,A,"The correct approach for serve-and-return is to follow established guidelines that ensure safety and developmental appropriateness, making Option A the best practice."
171,Easy,What is the best practice for formative assessment?,Use the recommended method for formative assessment,Avoid the recommended method for formative assessment,Try a random approach to formative assessment,Ask peers about formative assessment first,A,"The correct approach for formative assessment is to follow established guidelines that ensure safety and developmental appropriateness, making Option A the best practice."
172,Easy,What is the best practice for emergent literacy?,Use the recommended method for emergent literacy,Avoid the recommended method for emergent literacy,Try a random approach to emergent literacy,Ask peers about emergent literacy first,A,"The correct approach for emergent literacy is to follow established guidelines that ensure safety and developmental appropriateness, making Option A the best practice."
173,Easy,What is the best practice for positive reinforcement?,Use the recommended method for positive reinforcement,Avoid the recommended method for positive reinforcement,Try a random approach to positive reinforcement,Ask peers about positive reinforcement first,A,"The correct approach for positive reinforcement is to follow established guidelines that ensure safety and developmental appropriateness, making Option A the best practice."
174,Difficult,What is the best practice for inclusive play?,Use the recommended method for inclusive play,Avoid the recommended method for inclusive play,Try a random approach to inclusive play,Ask peers about inclusive play first,A,"The correct approach for inclusive play is to follow established guidelines that ensure safety and developmental appropriateness, making Option A the best practice."
175,Easy,What is the best practice for trauma-informed care?,Use the recommended method for trauma-informed care,Avoid the recommended method for trauma-informed care,Try a random approach to trauma-informed care,Ask peers about trauma-informed care first,A,"The correct approach for trauma-informed care is to follow established guidelines that ensure safety and developmental appropriateness, making Option A the best practice."
176,Easy,What is the best practice for fine motor skills?,Use the recommended method for fine motor skills,Avoid the recommended method for fine motor skills,Try a random approach to fine motor skills,Ask peers about fine motor skills first,A,"The correct approach for fine motor skills is to follow established guidelines that ensure safety and developmental appropriateness, making Option A the best practice."
177,Easy,What is the best practice for gross motor skills?,Use the recommended method for gross motor skills,Avoid the recommended method for gross motor skills,Try a random approach to gross motor skills,Ask peers about gross motor skills first,A,"The correct approach for gross motor skills is to follow established guidelines that ensure safety and developmental appropriateness, making Option A the best practice."
178,Easy,What is the best practice for gross motor skills?,Use the recommended method for gross motor skills,Avoid the recommended method for gross motor skills,Try a random approach to gross motor skills,Ask peers about gross motor skills first,A,"The correct approach for gross motor skills is to follow established guidelines that ensure safety and developmental appropriateness, making Option A the best practice."
179,Easy,What is the best practice for diapering safety?,Use the recommended method for diapering safety,Avoid the recommended method for diapering safety,Try a random approach to diapering safety,Ask peers about diapering safety first,A,"The correct approach for diapering safety is to follow established guidelines that ensure safety and developmental appropriateness, making Option A the best practice."
180,Easy,What is the best practice for gross motor skills?,Use the recommended method for gross motor skills,Avoid the recommended method for gross motor skills,Try a random approach to gross motor skills,Ask peers about gross motor skills first,A,"The correct approach for gross motor skills is to follow established guidelines that ensure safety and developmental appropriateness, making Option A the best practice."
181,Difficult,What is the best practice for fine motor skills?,Use the recommended method for fine motor skills,Avoid the recommended method for fine motor skills,Try a random approach to fine motor skills,Ask peers about fine motor skills first,A,"The correct approach for fine motor skills is to follow established guidelines that ensure safety and developmental appropriateness, making Option A the best practice."
182,Expert,What is the best practice for gross motor skills?,Use the recommended method for gross motor skills,Avoid the recommended method for gross motor skills,Try a random approach to gross motor skills,Ask peers about gross motor skills first,A,"The correct approach for gross motor skills is to follow established guidelines that ensure safety and developmental appropriateness, making Option A the best practice."
183,Easy,What is the best practice for inclusive play?,Use the recommended method for inclusive play,Avoid the recommended method for inclusive play,Try a random approach to inclusive play,Ask peers about inclusive play first,A,"The correct approach for inclusive play is to follow established guidelines that ensure safety and developmental appropriateness, making Option A the best practice."
184,Difficult,What is the best practice for diapering safety?,Use the recommended method for diapering safety,Avoid the recommended method for diapering safety,Try a random approach to diapering safety,Ask peers about diapering safety first,A,"The correct approach for diapering safety is to follow established guidelines that ensure safety and developmental appropriateness, making Option A the best practice."
185,Easy,What is the best practice for emergent literacy?,Use the recommended method for emergent literacy,Avoid the recommended method for emergent literacy,Try a random approach to emergent literacy,Ask peers about emergent literacy first,A,"The correct approach for emergent literacy is to follow established guidelines that ensure safety and developmental appropriateness, making Option A the best practice."
186,Intermediate,What is the best practice for emergent literacy?,Use the recommended method for emergent literacy,Avoid the recommended method for emergent literacy,Try a random approach to emergent literacy,Ask peers about emergent literacy first,A,"The correct approach for emergent literacy is to follow established guidelines that ensure safety and developmental appropriateness, making Option A the best practice."
187,Moderate,What is the best practice for inclusive play?,Use the recommended method for inclusive play,Avoid the recommended method for inclusive play,Try a random approach to inclusive play,Ask peers about inclusive play first,A,"The correct approach for inclusive play is to follow established guidelines that ensure safety and developmental appropriateness, making Option A the best practice."
188,Expert,What is the best practice for developmentally appropriate practice?,Use the recommended method for developmentally appropriate practice,Avoid the recommended method for developmentally appropriate practice,Try a random approach to developmentally appropriate practice,Ask peers about developmentally appropriate practice first,A,"The correct approach for developmentally appropriate practice is to follow established guidelines that ensure safety and developmental appropriateness, making Option A the best practice."
189,Difficult,What is the best practice for trauma-informed care?,Use the recommended method for trauma-informed care,Avoid the recommended method for trauma-informed care,Try a random approach to trauma-informed care,Ask peers about trauma-informed care first,A,"The correct approach for trauma-informed care is to follow established guidelines that ensure safety and developmental appropriateness, making Option A the best practice."
190,Easy,What is the best practice for fine motor skills?,Use the recommended method for fine motor skills,Avoid the recommended method for fine motor skills,Try a random approach to fine motor skills,Ask peers about fine motor skills first,A,"The correct approach for fine motor skills is to follow established guidelines that ensure safety and developmental appropriateness, making Option A the best practice."
191,Intermediate,What is the best practice for serve-and-return?,Use the recommended method for serve-and-return,Avoid the recommended method for serve-and-return,Try a random approach to serve-and-return,Ask peers about serve-and-return first,A,"The correct approach for serve-and-return is to follow established guidelines that ensure safety and developmental appropriateness, making Option A the best practice."
192,Moderate,What is the best practice for emergent literacy?,Use the recommended method for emergent literacy,Avoid the recommended method for emergent literacy,Try a random approach to emergent literacy,Ask peers about emergent literacy first,A,"The correct approach for emergent literacy is to follow established guidelines that ensure safety and developmental appropriateness, making Option A the best practice."
193,Easy,What is the best practice for gross motor skills?,Use the recommended method for gross motor skills,Avoid the recommended method for gross motor skills,Try a random approach to gross motor skills,Ask peers about gross motor skills first,A,"The correct approach for gross motor skills is to follow established guidelines that ensure safety and developmental appropriateness, making Option A the best practice."
194,Intermediate,What is the best practice for formative assessment?,Use the recommended method for formative assessment,Avoid the recommended method for formative assessment,Try a random approach to formative assessment,Ask peers about formative assessment first,A,"The correct approach for formative assessment is to follow established guidelines that ensure safety and developmental appropriateness, making Option A the best practice."
195,Easy,What is the best practice for developmentally appropriate practice?,Use the recommended method for developmentally appropriate practice,Avoid the recommended method for developmentally appropriate practice,Try a random approach to developmentally appropriate practice,Ask peers about developmentally appropriate practice first,A,"The correct approach for developmentally appropriate practice is to follow established guidelines that ensure safety and developmental appropriateness, making Option A the best practice."
196,Easy,What is the best practice for trauma-informed care?,Use the recommended method for trauma-informed care,Avoid the recommended method for trauma-informed care,Try a random approach to trauma-informed care,Ask peers about trauma-informed care first,A,"The correct approach for trauma-informed care is to follow established guidelines that ensure safety and developmental appropriateness, making Option A the best practice."
197,Moderate,What is the best practice for inclusive play?,Use the recommended method for inclusive play,Avoid the recommended method for inclusive play,Try a random approach to inclusive play,Ask peers about inclusive play first,A,"The correct approach for inclusive play is to follow established guidelines that ensure safety and developmental appropriateness, making Option A the best practice."
198,Difficult,What is the best practice for positive reinforcement?,Use the recommended method for positive reinforcement,Avoid the recommended method for positive reinforcement,Try a random approach to positive reinforcement,Ask peers about positive reinforcement first,A,"The correct approach for positive reinforcement is to follow established guidelines that ensure safety and developmental appropriateness, making Option A the best practice."
199,Easy,What is the best practice for trauma-informed care?,Use the recommended method for trauma-informed care,Avoid the recommended method for trauma-informed care,Try a random approach to trauma-informed care,Ask peers about trauma-informed care first,A,"The correct approach for trauma-informed care is to follow established guidelines that ensure safety and developmental appropriateness, making Option A the best practice."
200,Intermediate,What is the best practice for inclusive play?,Use the recommended method for inclusive play,Avoid the recommended method for inclusive play,Try a random approach to inclusive play,Ask peers about inclusive play first,A,"The correct approach for inclusive play is to follow established guidelines that ensure safety and developmental appropriateness, making Option A the best practice."
201,Difficult,What is the best practice for gross motor skills?,Use the recommended method for gross motor skills,Avoid the recommended method for gross motor skills,Try a random approach to gross motor skills,Ask peers about gross motor skills first,A,"The correct approach for gross motor skills is to follow established guidelines that ensure safety and developmental appropriateness, making Option A the best practice."
202,Expert,What is the best practice for formative assessment?,Use the recommended method for formative assessment,Avoid the recommended method for formative assessment,Try a random approach to formative assessment,Ask peers about formative assessment first,A,"The correct approach for formative assessment is to follow established guidelines that ensure safety and developmental appropriateness, making Option A the best practice."
203,Intermediate,What is the best practice for diapering safety?,Use the recommended method for diapering safety,Avoid the recommended method for diapering safety,Try a random approach to diapering safety,Ask peers about diapering safety first,A,"The correct approach for diapering safety is to follow established guidelines that ensure safety and developmental appropriateness, making Option A the best practice."
204,Easy,What is the best practice for gross motor skills?,Use the recommended method for gross motor skills,Avoid the recommended method for gross motor skills,Try a random approach to gross motor skills,Ask peers about gross motor skills first,A,"The correct approach for gross motor skills is to follow established guidelines that ensure safety and developmental appropriateness, making Option A the best practice."
205,Difficult,What is the best practice for emergent literacy?,Use the recommended method for emergent literacy,Avoid the recommended method for emergent literacy,Try a random approach to emergent literacy,Ask peers about emergent literacy first,A,"The correct approach for emergent literacy is to follow established guidelines that ensure safety and developmental appropriateness, making Option A the best practice."
206,Intermediate,What is the best practice for developmentally appropriate practice?,Use the recommended method for developmentally appropriate practice,Avoid the recommended method for developmentally appropriate practice,Try a random approach to developmentally appropriate practice,Ask peers about developmentally appropriate practice first,A,"The correct approach for developmentally appropriate practice is to follow established guidelines that ensure safety and developmental appropriateness, making Option A the best practice."
207,Moderate,What is the best practice for gross motor skills?,Use the recommended method for gross motor skills,Avoid the recommended method for gross motor skills,Try a random approach to gross motor skills,Ask peers about gross motor skills first,A,"The correct approach for gross motor skills is to follow established guidelines that ensure safety and developmental appropriateness, making Option A the best practice."
208,Intermediate,What is the best practice for handwashing?,Use the recommended method for handwashing,Avoid the recommended method for handwashing,Try a random approach to handwashing,Ask peers about handwashing first,A,"The correct approach for handwashing is to follow established guidelines that ensure safety and developmental appropriateness, making Option A the best practice."
209,Intermediate,What is the best practice for inclusive play?,Use the recommended method for inclusive play,Avoid the recommended method for inclusive play,Try a random approach to inclusive play,Ask peers about inclusive play first,A,"The correct approach for inclusive play is to follow established guidelines that ensure safety and developmental appropriateness, making Option A the best practice."
210,Easy,What is the best practice for trauma-informed care?,Use the recommended method for trauma-informed care,Avoid the recommended method for trauma-informed care,Try a random approach to trauma-informed care,Ask peers about trauma-informed care first,A,"The correct approach for trauma-informed care is to follow established guidelines that ensure safety and developmental appropriateness, making Option A the best practice."
211,Easy,What is the best practice for scaffolding?,Use the recommended method for scaffolding,Avoid the recommended method for scaffolding,Try a random approach to scaffolding,Ask peers about scaffolding first,A,"The correct approach for scaffolding is to follow established guidelines that ensure safety and developmental appropriateness, making Option A the best practice."
212,Intermediate,What is the best practice for positive reinforcement?,Use the recommended method for positive reinforcement,Avoid the recommended method for positive reinforcement,Try a random approach to positive reinforcement,Ask peers about positive reinforcement first,A,"The correct approach for positive reinforcement is to follow established guidelines that ensure safety and developmental appropriateness, making Option A the best practice."
213,Intermediate,What is the best practice for scaffolding?,Use the recommended method for scaffolding,Avoid the recommended method for scaffolding,Try a random approach to scaffolding,Ask peers about scaffolding first,A,"The correct approach for scaffolding is to follow established guidelines that ensure safety and developmental appropriateness, making Option A the best practice."
214,Moderate,What is the best practice for positive reinforcement?,Use the recommended method for positive reinforcement,Avoid the recommended method for positive reinforcement,Try a random approach to positive reinforcement,Ask peers about positive reinforcement first,A,"The correct approach for positive reinforcement is to follow established guidelines that ensure safety and developmental appropriateness, making Option A the best practice."
215,Easy,What is the best practice for developmentally appropriate practice?,Use the recommended method for developmentally appropriate practice,Avoid the recommended method for developmentally appropriate practice,Try a random approach to developmentally appropriate practice,Ask peers about developmentally appropriate practice first,A,"The correct approach for developmentally appropriate practice is to follow established guidelines that ensure safety and developmental appropriateness, making Option A the best practice."
216,Easy,What is the best practice for serve-and-return?,Use the recommended method for serve-and-return,Avoid the recommended method for serve-and-return,Try a random approach to serve-and-return,Ask peers about serve-and-return first,A,"The correct approach for serve-and-return is to follow established guidelines that ensure safety and developmental appropriateness, making Option A the best practice."
217,Intermediate,What is the best practice for emergent literacy?,Use the recommended method for emergent literacy,Avoid the recommended method for emergent literacy,Try a random approach to emergent literacy,Ask peers about emergent literacy first,A,"The correct approach for emergent literacy is to follow established guidelines that ensure safety and developmental appropriateness, making Option A the best practice."
218,Easy,What is the best practice for fine motor skills?,Use the recommended method for fine motor skills,Avoid the recommended method for fine motor skills,Try a random approach to fine motor skills,Ask peers about fine motor skills first,A,"The correct approach for fine motor skills is to follow established guidelines that ensure safety and developmental appropriateness, making Option A the best practice."
219,Difficult,What is the best practice for emergent literacy?,Use the recommended method for emergent literacy,Avoid the recommended method for emergent literacy,Try a random approach to emergent literacy,Ask peers about emergent literacy first,A,"The correct approach for emergent literacy is to follow established guidelines that ensure safety and developmental appropriateness, making Option A the best practice."
220,Easy,What is the best practice for attachment building?,Use the recommended method for attachment building,Avoid the recommended method for attachment building,Try a random approach to attachment building,Ask peers about attachment building first,A,"The correct approach for attachment building is to follow established guidelines that ensure safety and developmental appropriateness, making Option A the best practice."
221,Intermediate,What is the best practice for observation techniques?,Use the recommended method for observation techniques,Avoid the recommended method for observation techniques,Try a random approach to observation techniques,Ask peers about observation techniques first,A,"The correct approach for observation techniques is to follow established guidelines that ensure safety and developmental appropriateness, making Option A the best practice."
222,Easy,What is the best practice for positive reinforcement?,Use the recommended method for positive reinforcement,Avoid the recommended method for positive reinforcement,Try a random approach to positive reinforcement,Ask peers about positive reinforcement first,A,"The correct approach for positive reinforcement is to follow established guidelines that ensure safety and developmental appropriateness, making Option A the best practice."
223,Easy,What is the best practice for fine motor skills?,Use the recommended method for fine motor skills,Avoid the recommended method for fine motor skills,Try a random approach to fine motor skills,Ask peers about fine motor skills first,A,"The correct approach for fine motor skills is to follow established guidelines that ensure safety and developmental appropriateness, making Option A the best practice."
224,Intermediate,What is the best practice for attachment building?,Use the recommended method for attachment building,Avoid the recommended method for attachment building,Try a random approach to attachment building,Ask peers about attachment building first,A,"The correct approach for attachment building is to follow established guidelines that ensure safety and developmental appropriateness, making Option A the best practice."
225,Easy,What is the best practice for fine motor skills?,Use the recommended method for fine motor skills,Avoid the recommended method for fine motor skills,Try a random approach to fine motor skills,Ask peers about fine motor skills first,A,"The correct approach for fine motor skills is to follow established guidelines that ensure safety and developmental appropriateness, making Option A the best practice."
226,Intermediate,What is the best practice for attachment building?,Use the recommended method for attachment building,Avoid the recommended method for attachment building,Try a random approach to attachment building,Ask peers about attachment building first,A,"The correct approach for attachment building is to follow established guidelines that ensure safety and developmental appropriateness, making Option A the best practice."
227,Difficult,What is the best practice for transitions?,Use the recommended method for transitions,Avoid the recommended method for transitions,Try a random approach to transitions,Ask peers about transitions first,A,"The correct approach for transitions is to follow established guidelines that ensure safety and developmental appropriateness, making Option A the best practice."
228,Difficult,What is the best practice for handwashing?,Use the recommended method for handwashing,Avoid the recommended method for handwashing,Try a random approach to handwashing,Ask peers about handwashing first,A,"The correct approach for handwashing is to follow established guidelines that ensure safety and developmental appropriateness, making Option A the best practice."
229,Easy,What is the best practice for trauma-informed care?,Use the recommended method for trauma-informed care,Avoid the recommended method for trauma-informed care,Try a random approach to trauma-informed care,Ask peers about trauma-informed care first,A,"The correct approach for trauma-informed care is to follow established guidelines that ensure safety and developmental appropriateness, making Option A the best practice."
230,Easy,What is the best practice for handwashing?,Use the recommended method for handwashing,Avoid the recommended method for handwashing,Try a random approach to handwashing,Ask peers about handwashing first,A,"The correct approach for handwashing is to follow established guidelines that ensure safety and developmental appropriateness, making Option A the best practice."
231,Easy,What is the best practice for serve-and-return?,Use the recommended method for serve-and-return,Avoid the recommended method for serve-and-return,Try a random approach to serve-and-return,Ask peers about serve-and-return first,A,"The correct approach for serve-and-return is to follow established guidelines that ensure safety and developmental appropriateness, making Option A the best practice."
232,Moderate,What is the best practice for transitions?,Use the recommended method for transitions,Avoid the recommended method for transitions,Try a random approach to transitions,Ask peers about transitions first,A,"The correct approach for transitions is to follow established guidelines that ensure safety and developmental appropriateness, making Option A the best practice."
233,Easy,What is the best practice for formative assessment?,Use the recommended method for formative assessment,Avoid the recommended method for formative assessment,Try a random approach to formative assessment,Ask peers about formative assessment first,A,"The correct approach for formative assessment is to follow established guidelines that ensure safety and developmental appropriateness, making Option A the best practice."
234,Intermediate,What is the best practice for gross motor skills?,Use the recommended method for gross motor skills,Avoid the recommended method for gross motor skills,Try a random approach to gross motor skills,Ask peers about gross motor skills first,A,"The correct approach for gross motor skills is to follow established guidelines that ensure safety and developmental appropriateness, making Option A the best practice."
235,Intermediate,What is the best practice for developmentally appropriate practice?,Use the recommended method for developmentally appropriate practice,Avoid the recommended method for developmentally appropriate practice,Try a random approach to developmentally appropriate practice,Ask peers about developmentally appropriate practice first,A,"The correct approach for developmentally appropriate practice is to follow established guidelines that ensure safety and developmental appropriateness, making Option A the best practice."
236,Moderate,What is the best practice for gross motor skills?,Use the recommended method for gross motor skills,Avoid the recommended method for gross motor skills,Try a random approach to gross motor skills,Ask peers about gross motor skills first,A,"The correct approach for gross motor skills is to follow established guidelines that ensure safety and developmental appropriateness, making Option A the best practice."
237,Intermediate,What is the best practice for inclusive play?,Use the recommended method for inclusive play,Avoid the recommended method for inclusive play,Try a random approach to inclusive play,Ask peers about inclusive play first,A,"The correct approach for inclusive play is to follow established guidelines that ensure safety and developmental appropriateness, making Option A the best practice."
238,Expert,What is the best practice for attachment building?,Use the recommended method for attachment building,Avoid the recommended method for attachment building,Try a random approach to attachment building,Ask peers about attachment building first,A,"The correct approach for attachment building is to follow established guidelines that ensure safety and developmental appropriateness, making Option A the best practice."
239,Moderate,What is the best practice for attachment building?,Use the recommended method for attachment building,Avoid the recommended method for attachment building,Try a random approach to attachment building,Ask peers about attachment building first,A,"The correct approach for attachment building is to follow established guidelines that ensure safety and developmental appropriateness, making Option A the best practice."
240,Difficult,What is the best practice for serve-and-return?,Use the recommended method for serve-and-return,Avoid the recommended method for serve-and-return,Try a random approach to serve-and-return,Ask peers about serve-and-return first,A,"The correct approach for serve-and-return is to follow established guidelines that ensure safety and developmental appropriateness, making Option A the best practice."
241,Intermediate,What is the best practice for developmentally appropriate practice?,Use the recommended method for developmentally appropriate practice,Avoid the recommended method for developmentally appropriate practice,Try a random approach to developmentally appropriate practice,Ask peers about developmentally appropriate practice first,A,"The correct approach for developmentally appropriate practice is to follow established guidelines that ensure safety and developmental appropriateness, making Option A the best practice."
242,Difficult,What is the best practice for transitions?,Use the recommended method for transitions,Avoid the recommended method for transitions,Try a random approach to transitions,Ask peers about transitions first,A,"The correct approach for transitions is to follow established guidelines that ensure safety and developmental appropriateness, making Option A the best practice."
243,Easy,What is the best practice for handwashing?,Use the recommended method for handwashing,Avoid the recommended method for handwashing,Try a random approach to handwashing,Ask peers about handwashing first,A,"The correct approach for handwashing is to follow established guidelines that ensure safety and developmental appropriateness, making Option A the best practice."
244,Intermediate,What is the best practice for attachment building?,Use the recommended method for attachment building,Avoid the recommended method for attachment building,Try a random approach to attachment building,Ask peers about attachment building first,A,"The correct approach for attachment building is to follow established guidelines that ensure safety and developmental appropriateness, making Option A the best practice."
245,Difficult,What is the best practice for developmentally appropriate practice?,Use the recommended method for developmentally appropriate practice,Avoid the recommended method for developmentally appropriate practice,Try a random approach to developmentally appropriate practice,Ask peers about developmentally appropriate practice first,A,"The correct approach for developmentally appropriate practice is to follow established guidelines that ensure safety and developmental appropriateness, making Option A the best practice."
246,Easy,What is the best practice for attachment building?,Use the recommended method for attachment building,Avoid the recommended method for attachment building,Try a random approach to attachment building,Ask peers about attachment building first,A,"The correct approach for attachment building is to follow established guidelines that ensure safety and developmental appropriateness, making Option A the best practice."
247,Difficult,What is the best practice for attachment building?,Use the recommended method for attachment building,Avoid the recommended method for attachment building,Try a random approach to attachment building,Ask peers about attachment building first,A,"The correct approach for attachment building is to follow established guidelines that ensure safety and developmental appropriateness, making Option A the best practice."
248,Moderate,What is the best practice for developmentally appropriate practice?,Use the recommended method for developmentally appropriate practice,Avoid the recommended method for developmentally appropriate practice,Try a random approach to developmentally appropriate practice,Ask peers about developmentally appropriate practice first,A,"The correct approach for developmentally appropriate practice is to follow established guidelines that ensure safety and developmental appropriateness, making Option A the best practice."
249,Easy,What is the best practice for trauma-informed care?,Use the recommended method for trauma-informed care,Avoid the recommended method for trauma-informed care,Try a random approach to trauma-informed care,Ask peers about trauma-informed care first,A,"The correct approach for trauma-informed care is to follow established guidelines that ensure safety and developmental appropriateness, making Option A the best practice."
250,Intermediate,What is the best practice for formative assessment?,Use the recommended method for formative assessment,Avoid the recommended method for formative assessment,Try a random approach to formative assessment,Ask peers about formative assessment first,A,"The correct approach for formative assessment is to follow established guidelines that ensure safety and developmental appropriateness, making Option A the best practice."
251,Intermediate,What is the best practice for attachment building?,Use the recommended method for attachment building,Avoid the recommended method for attachment building,Try a random approach to attachment building,Ask peers about attachment building first,A,"The correct approach for attachment building is to follow established guidelines that ensure safety and developmental appropriateness, making Option A the best practice."
252,Easy,What is the best practice for transitions?,Use the recommended method for transitions,Avoid the recommended method for transitions,Try a random approach to transitions,Ask peers about transitions first,A,"The correct approach for transitions is to follow established guidelines that ensure safety and developmental appropriateness, making Option A the best practice."
253,Easy,What is the best practice for transitions?,Use the recommended method for transitions,Avoid the recommended method for transitions,Try a random approach to transitions,Ask peers about transitions first,A,"The correct approach for transitions is to follow established guidelines that ensure safety and developmental appropriateness, making Option A the best practice."
254,Expert,What is the best practice for fine motor skills?,Use the recommended method for fine motor skills,Avoid the recommended method for fine motor skills,Try a random approach to fine motor skills,Ask peers about fine motor skills first,A,"The correct approach for fine motor skills is to follow established guidelines that ensure safety and developmental appropriateness, making Option A the best practice."
255,Difficult,What is the best practice for diapering safety?,Use the recommended method for diapering safety,Avoid the recommended method for diapering safety,Try a random approach to diapering safety,Ask peers about diapering safety first,A,"The correct approach for diapering safety is to follow established guidelines that ensure safety and developmental appropriateness, making Option A the best practice."
256,Easy,What is the best practice for positive reinforcement?,Use the recommended method for positive reinforcement,Avoid the recommended method for positive reinforcement,Try a random approach to positive reinforcement,Ask peers about positive reinforcement first,A,"The correct approach for positive reinforcement is to follow established guidelines that ensure safety and developmental appropriateness, making Option A the best practice."
257,Easy,What is the best practice for transitions?,Use the recommended method for transitions,Avoid the recommended method for transitions,Try a random approach to transitions,Ask peers about transitions first,A,"The correct approach for transitions is to follow established guidelines that ensure safety and developmental appropriateness, making Option A the best practice."
258,Intermediate,What is the best practice for observation techniques?,Use the recommended method for observation techniques,Avoid the recommended method for observation techniques,Try a random approach to observation techniques,Ask peers about observation techniques first,A,"The correct approach for observation techniques is to follow established guidelines that ensure safety and developmental appropriateness, making Option A the best practice."
259,Moderate,What is the best practice for handwashing?,Use the recommended method for handwashing,Avoid the recommended method for handwashing,Try a random approach to handwashing,Ask peers about handwashing first,A,"The correct approach for handwashing is to follow established guidelines that ensure safety and developmental appropriateness, making Option A the best practice."
260,Intermediate,What is the best practice for developmentally appropriate practice?,Use the recommended method for developmentally appropriate practice,Avoid the recommended method for developmentally appropriate practice,Try a random approach to developmentally appropriate practice,Ask peers about developmentally appropriate practice first,A,"The correct approach for developmentally appropriate practice is to follow established guidelines that ensure safety and developmental appropriateness, making Option A the best practice."
261,Intermediate,What is the best practice for inclusive play?,Use the recommended method for inclusive play,Avoid the recommended method for inclusive play,Try a random approach to inclusive play,Ask peers about inclusive play first,A,"The correct approach for inclusive play is to follow established guidelines that ensure safety and developmental appropriateness, making Option A the best practice."
262,Easy,What is the best practice for emergent literacy?,Use the recommended method for emergent literacy,Avoid the recommended method for emergent literacy,Try a random approach to emergent literacy,Ask peers about emergent literacy first,A,"The correct approach for emergent literacy is to follow established guidelines that ensure safety and developmental appropriateness, making Option A the best practice."
263,Intermediate,What is the best practice for gross motor skills?,Use the recommended method for gross motor skills,Avoid the recommended method for gross motor skills,Try a random approach to gross motor skills,Ask peers about gross motor skills first,A,"The correct approach for gross motor skills is to follow established guidelines that ensure safety and developmental appropriateness, making Option A the best practice."
264,Expert,What is the best practice for trauma-informed care?,Use the recommended method for trauma-informed care,Avoid the recommended method for trauma-informed care,Try a random approach to trauma-informed care,Ask peers about trauma-informed care first,A,"The correct approach for trauma-informed care is to follow established guidelines that ensure safety and developmental appropriateness, making Option A the best practice."
265,Easy,What is the best practice for gross motor skills?,Use the recommended method for gross motor skills,Avoid the recommended method for gross motor skills,Try a random approach to gross motor skills,Ask peers about gross motor skills first,A,"The correct approach for gross motor skills is to follow established guidelines that ensure safety and developmental appropriateness, making Option A the best practice."
266,Difficult,What is the best practice for diapering safety?,Use the recommended method for diapering safety,Avoid the recommended method for diapering safety,Try a random approach to diapering safety,Ask peers about diapering safety first,A,"The correct approach for diapering safety is to follow established guidelines that ensure safety and developmental appropriateness, making Option A the best practice."
267,Difficult,What is the best practice for formative assessment?,Use the recommended method for formative assessment,Avoid the recommended method for formative assessment,Try a random approach to formative assessment,Ask peers about formative assessment first,A,"The correct approach for formative assessment is to follow established guidelines that ensure safety and developmental appropriateness, making Option A the best practice."
268,Intermediate,What is the best practice for fine motor skills?,Use the recommended method for fine motor skills,Avoid the recommended method for fine motor skills,Try a random approach to fine motor skills,Ask peers about fine motor skills first,A,"The correct approach for fine motor skills is to follow established guidelines that ensure safety and developmental appropriateness, making Option A the best practice."
269,Easy,What is the best practice for observation techniques?,Use the recommended method for observation techniques,Avoid the recommended method for observation techniques,Try a random approach to observation techniques,Ask peers about observation techniques first,A,"The correct approach for observation techniques is to follow established guidelines that ensure safety and developmental appropriateness, making Option A the best practice."
270,Easy,What is the best practice for positive reinforcement?,Use the recommended method for positive reinforcement,Avoid the recommended method for positive reinforcement,Try a random approach to positive reinforcement,Ask peers about positive reinforcement first,A,"The correct approach for positive reinforcement is to follow established guidelines that ensure safety and developmental appropriateness, making Option A the best practice."
271,Easy,What is the best practice for developmentally appropriate practice?,Use the recommended method for developmentally appropriate practice,Avoid the recommended method for developmentally appropriate practice,Try a random approach to developmentally appropriate practice,Ask peers about developmentally appropriate practice first,A,"The correct approach for developmentally appropriate practice is to follow established guidelines that ensure safety and developmental appropriateness, making Option A the best practice."
272,Intermediate,What is the best practice for observation techniques?,Use the recommended method for observation techniques,Avoid the recommended method for observation techniques,Try a random approach to observation techniques,Ask peers about observation techniques first,A,"The correct approach for observation techniques is to follow established guidelines that ensure safety and developmental appropriateness, making Option A the best practice."
273,Moderate,What is the best practice for inclusive play?,Use the recommended method for inclusive play,Avoid the recommended method for inclusive play,Try a random approach to inclusive play,Ask peers about inclusive play first,A,"The correct approach for inclusive play is to follow established guidelines that ensure safety and developmental appropriateness, making Option A the best practice."
274,Moderate,What is the best practice for emergent literacy?,Use the recommended method for emergent literacy,Avoid the recommended method for emergent literacy,Try a random approach to emergent literacy,Ask peers about emergent literacy first,A,"The correct approach for emergent literacy is to follow established guidelines that ensure safety and developmental appropriateness, making Option A the best practice."
275,Difficult,What is the best practice for inclusive play?,Use the recommended method for inclusive play,Avoid the recommended method for inclusive play,Try a random approach to inclusive play,Ask peers about inclusive play first,A,"The correct approach for inclusive play is to follow established guidelines that ensure safety and developmental appropriateness, making Option A the best practice."
276,Moderate,What is the best practice for transitions?,Use the recommended method for transitions,Avoid the recommended method for transitions,Try a random approach to transitions,Ask peers about transitions first,A,"The correct approach for transitions is to follow established guidelines that ensure safety and developmental appropriateness, making Option A the best practice."
277,Moderate,What is the best practice for inclusive play?,Use the recommended method for inclusive play,Avoid the recommended method for inclusive play,Try a random approach to inclusive play,Ask peers about inclusive play first,A,"The correct approach for inclusive play is to follow established guidelines that ensure safety and developmental appropriateness, making Option A the best practice."
278,Easy,What is the best practice for attachment building?,Use the recommended method for attachment building,Avoid the recommended method for attachment building,Try a random approach to attachment building,Ask peers about attachment building first,A,"The correct approach for attachment building is to follow established guidelines that ensure safety and developmental appropriateness, making Option A the best practice."
279,Difficult,What is the best practice for fine motor skills?,Use the recommended method for fine motor skills,Avoid the recommended method for fine motor skills,Try a random approach to fine motor skills,Ask peers about fine motor skills first,A,"The correct approach for fine motor skills is to follow established guidelines that ensure safety and developmental appropriateness, making Option A the best practice."
280,Easy,What is the best practice for diapering safety?,Use the recommended method for diapering safety,Avoid the recommended method for diapering safety,Try a random approach to diapering safety,Ask peers about diapering safety first,A,"The correct approach for diapering safety is to follow established guidelines that ensure safety and developmental appropriateness, making Option A the best practice."
281,Moderate,What is the best practice for observation techniques?,Use the recommended method for observation techniques,Avoid the recommended method for observation techniques,Try a random approach to observation techniques,Ask peers about observation techniques first,A,"The correct approach for observation techniques is to follow established guidelines that ensure safety and developmental appropriateness, making Option A the best practice."
282,Intermediate,What is the best practice for scaffolding?,Use the recommended method for scaffolding,Avoid the recommended method for scaffolding,Try a random approach to scaffolding,Ask peers about scaffolding first,A,"The correct approach for scaffolding is to follow established guidelines that ensure safety and developmental appropriateness, making Option A the best practice."
283,Easy,What is the best practice for handwashing?,Use the recommended method for handwashing,Avoid the recommended method for handwashing,Try a random approach to handwashing,Ask peers about handwashing first,A,"The correct approach for handwashing is to follow established guidelines that ensure safety and developmental appropriateness, making Option A the best practice."
284,Easy,What is the best practice for formative assessment?,Use the recommended method for formative assessment,Avoid the recommended method for formative assessment,Try a random approach to formative assessment,Ask peers about formative assessment first,A,"The correct approach for formative assessment is to follow established guidelines that ensure safety and developmental appropriateness, making Option A the best practice."
285,Moderate,What is the best practice for gross motor skills?,Use the recommended method for gross motor skills,Avoid the recommended method for gross motor skills,Try a random approach to gross motor skills,Ask peers about gross motor skills first,A,"The correct approach for gross motor skills is to follow established guidelines that ensure safety and developmental appropriateness, making Option A the best practice."
286,Difficult,What is the best practice for transitions?,Use the recommended method for transitions,Avoid the recommended method for transitions,Try a random approach to transitions,Ask peers about transitions first,A,"The correct approach for transitions is to follow established guidelines that ensure safety and developmental appropriateness, making Option A the best practice."
287,Easy,What is the best practice for diapering safety?,Use the recommended method for diapering safety,Avoid the recommended method for diapering safety,Try a random approach to diapering safety,Ask peers about diapering safety first,A,"The correct approach for diapering safety is to follow established guidelines that ensure safety and developmental appropriateness, making Option A the best practice."
288,Moderate,What is the best practice for positive reinforcement?,Use the recommended method for positive reinforcement,Avoid the recommended method for positive reinforcement,Try a random approach to positive reinforcement,Ask peers about positive reinforcement first,A,"The correct approach for positive reinforcement is to follow established guidelines that ensure safety and developmental appropriateness, making Option A the best practice."
289,Moderate,What is the best practice for attachment building?,Use the recommended method for attachment building,Avoid the recommended method for attachment building,Try a random approach to attachment building,Ask peers about attachment building first,A,"The correct approach for attachment building is to follow established guidelines that ensure safety and developmental appropriateness, making Option A the best practice."
290,Moderate,What is the best practice for diapering safety?,Use the recommended method for diapering safety,Avoid the recommended method for diapering safety,Try a random approach to diapering safety,Ask peers about diapering safety first,A,"The correct approach for diapering safety is to follow established guidelines that ensure safety and developmental appropriateness, making Option A the best practice."
291,Easy,What is the best practice for transitions?,Use the recommended method for transitions,Avoid the recommended method for transitions,Try a random approach to transitions,Ask peers about transitions first,A,"The correct approach for transitions is to follow established guidelines that ensure safety and developmental appropriateness, making Option A the best practice."
292,Easy,What is the best practice for inclusive play?,Use the recommended method for inclusive play,Avoid the recommended method for inclusive play,Try a random approach to inclusive play,Ask peers about inclusive play first,A,"The correct approach for inclusive play is to follow established guidelines that ensure safety and developmental appropriateness, making Option A the best practice."
293,Expert,What is the best practice for emergent literacy?,Use the recommended method for emergent literacy,Avoid the recommended method for emergent literacy,Try a random approach to emergent literacy,Ask peers about emergent literacy first,A,"The correct approach for emergent literacy is to follow established guidelines that ensure safety and developmental appropriateness, making Option A the best practice."
294,Difficult,What is the best practice for fine motor skills?,Use the recommended method for fine motor skills,Avoid the recommended method for fine motor skills,Try a random approach to fine motor skills,Ask peers about fine motor skills first,A,"The correct approach for fine motor skills is to follow established guidelines that ensure safety and developmental appropriateness, making Option A the best practice."
295,Intermediate,What is the best practice for trauma-informed care?,Use the recommended method for trauma-informed care,Avoid the recommended method for trauma-informed care,Try a random approach to trauma-informed care,Ask peers about trauma-informed care first,A,"The correct approach for trauma-informed care is to follow established guidelines that ensure safety and developmental appropriateness, making Option A the best practice."
296,Intermediate,What is the best practice for attachment building?,Use the recommended method for attachment building,Avoid the recommended method for attachment building,Try a random approach to attachment building,Ask peers about attachment building first,A,"The correct approach for attachment building is to follow established guidelines that ensure safety and developmental appropriateness, making Option A the best practice."
297,Easy,What is the best practice for formative assessment?,Use the recommended method for formative assessment,Avoid the recommended method for formative assessment,Try a random approach to formative assessment,Ask peers about formative assessment first,A,"The correct approach for formative assessment is to follow established guidelines that ensure safety and developmental appropriateness, making Option A the best practice."
298,Easy,What is the best practice for attachment building?,Use the recommended method for attachment building,Avoid the recommended method for attachment building,Try a random approach to attachment building,Ask peers about attachment building first,A,"The correct approach for attachment building is to follow established guidelines that ensure safety and developmental appropriateness, making Option A the best practice."
299,Expert,What is the best practice for scaffolding?,Use the recommended method for scaffolding,Avoid the recommended method for scaffolding,Try a random approach to scaffolding,Ask peers about scaffolding first,A,"The correct approach for scaffolding is to follow established guidelines that ensure safety and developmental appropriateness, making Option A the best practice."
300,Moderate,What is the best practice for transitions?,Use the recommended method for transitions,Avoid the recommended method for transitions,Try a random approach to transitions,Ask peers about transitions first,A,"The correct approach for transitions is to follow established guidelines that ensure safety and developmental appropriateness, making Option A the best practice."
301,Expert,What is the best practice for serve-and-return?,Use the recommended method for serve-and-return,Avoid the recommended method for serve-and-return,Try a random approach to serve-and-return,Ask peers about serve-and-return first,A,"The correct approach for serve-and-return is to follow established guidelines that ensure safety and developmental appropriateness, making Option A the best practice."
302,Easy,What is the best practice for observation techniques?,Use the recommended method for observation techniques,Avoid the recommended method for observation techniques,Try a random approach to observation techniques,Ask peers about observation techniques first,A,"The correct approach for observation techniques is to follow established guidelines that ensure safety and developmental appropriateness, making Option A the best practice."
303,Expert,What is the best practice for formative assessment?,Use the recommended method for formative assessment,Avoid the recommended method for formative assessment,Try a random approach to formative assessment,Ask peers about formative assessment first,A,"The correct approach for formative assessment is to follow established guidelines that ensure safety and developmental appropriateness, making Option A the best practice."
304,Moderate,What is the best practice for transitions?,Use the recommended method for transitions,Avoid the recommended method for transitions,Try a random approach to transitions,Ask peers about transitions first,A,"The correct approach for transitions is to follow established guidelines that ensure safety and developmental appropriateness, making Option A the best practice."
305,Difficult,What is the best practice for fine motor skills?,Use the recommended method for fine motor skills,Avoid the recommended method for fine motor skills,Try a random approach to fine motor skills,Ask peers about fine motor skills first,A,"The correct approach for fine motor skills is to follow established guidelines that ensure safety and developmental appropriateness, making Option A the best practice."
306,Moderate,What is the best practice for developmentally appropriate practice?,Use the recommended method for developmentally appropriate practice,Avoid the recommended method for developmentally appropriate practice,Try a random approach to developmentally appropriate practice,Ask peers about developmentally appropriate practice first,A,"The correct approach for developmentally appropriate practice is to follow established guidelines that ensure safety and developmental appropriateness, making Option A the best practice."
307,Expert,What is the best practice for scaffolding?,Use the recommended method for scaffolding,Avoid the recommended method for scaffolding,Try a random approach to scaffolding,Ask peers about scaffolding first,A,"The correct approach for scaffolding is to follow established guidelines that ensure safety and developmental appropriateness, making Option A the best practice."
308,Easy,What is the best practice for transitions?,Use the recommended method for transitions,Avoid the recommended method for transitions,Try a random approach to transitions,Ask peers about transitions first,A,"The correct approach for transitions is to follow established guidelines that ensure safety and developmental appropriateness, making Option A the best practice."
309,Intermediate,What is the best practice for inclusive play?,Use the recommended method for inclusive play,Avoid the recommended method for inclusive play,Try a random approach to inclusive play,Ask peers about inclusive play first,A,"The correct approach for inclusive play is to follow established guidelines that ensure safety and developmental appropriateness, making Option A the best practice."
310,Easy,What is the best practice for inclusive play?,Use the recommended method for inclusive play,Avoid the recommended method for inclusive play,Try a random approach to inclusive play,Ask peers about inclusive play first,A,"The correct approach for inclusive play is to follow established guidelines that ensure safety and developmental appropriateness, making Option A the best practice."
311,Expert,What is the best practice for positive reinforcement?,Use the recommended method for positive reinforcement,Avoid the recommended method for positive reinforcement,Try a random approach to positive reinforcement,Ask peers about positive reinforcement first,A,"The correct approach for positive reinforcement is to follow established guidelines that ensure safety and developmental appropriateness, making Option A the best practice."
312,Moderate,What is the best practice for positive reinforcement?,Use the recommended method for positive reinforcement,Avoid the recommended method for positive reinforcement,Try a random approach to positive reinforcement,Ask peers about positive reinforcement first,A,"The correct approach for positive reinforcement is to follow established guidelines that ensure safety and developmental appropriateness, making Option A the best practice."
313,Expert,What is the best practice for gross motor skills?,Use the recommended method for gross motor skills,Avoid the recommended method for gross motor skills,Try a random approach to gross motor skills,Ask peers about gross motor skills first,A,"The correct approach for gross motor skills is to follow established guidelines that ensure safety and developmental appropriateness, making Option A the best practice."
314,Difficult,What is the best practice for transitions?,Use the recommended method for transitions,Avoid the recommended method for transitions,Try a random approach to transitions,Ask peers about transitions first,A,"The correct approach for transitions is to follow established guidelines that ensure safety and developmental appropriateness, making Option A the best practice."
315,Easy,What is the best practice for gross motor skills?,Use the recommended method for gross motor skills,Avoid the recommended method for gross motor skills,Try a random approach to gross motor skills,Ask peers about gross motor skills first,A,"The correct approach for gross motor skills is to follow established guidelines that ensure safety and developmental appropriateness, making Option A the best practice."
316,Expert,What is the best practice for serve-and-return?,Use the recommended method for serve-and-return,Avoid the recommended method for serve-and-return,Try a random approach to serve-and-return,Ask peers about serve-and-return first,A,"The correct approach for serve-and-return is to follow established guidelines that ensure safety and developmental appropriateness, making Option A the best practice."
317,Moderate,What is the best practice for inclusive play?,Use the recommended method for inclusive play,Avoid the recommended method for inclusive play,Try a random approach to inclusive play,Ask peers about inclusive play first,A,"The correct approach for inclusive play is to follow established guidelines that ensure safety and developmental appropriateness, making Option A the best practice."
318,Intermediate,What is the best practice for formative assessment?,Use the recommended method for formative assessment,Avoid the recommended method for formative assessment,Try a random approach to formative assessment,Ask peers about formative assessment first,A,"The correct approach for formative assessment is to follow established guidelines that ensure safety and developmental appropriateness, making Option A the best practice."
319,Easy,What is the best practice for inclusive play?,Use the recommended method for inclusive play,Avoid the recommended method for inclusive play,Try a random approach to inclusive play,Ask peers about inclusive play first,A,"The correct approach for inclusive play is to follow established guidelines that ensure safety and developmental appropriateness, making Option A the best practice."
320,Difficult,What is the best practice for trauma-informed care?,Use the recommended method for trauma-informed care,Avoid the recommended method for trauma-informed care,Try a random approach to trauma-informed care,Ask peers about trauma-informed care first,A,"The correct approach for trauma-informed care is to follow established guidelines that ensure safety and developmental appropriateness, making Option A the best practice."
321,Easy,What is the best practice for handwashing?,Use the recommended method for handwashing,Avoid the recommended method for handwashing,Try a random approach to handwashing,Ask peers about handwashing first,A,"The correct approach for handwashing is to follow established guidelines that ensure safety and developmental appropriateness, making Option A the best practice."
322,Moderate,What is the best practice for fine motor skills?,Use the recommended method for fine motor skills,Avoid the recommended method for fine motor skills,Try a random approach to fine motor skills,Ask peers about fine motor skills first,A,"The correct approach for fine motor skills is to follow established guidelines that ensure safety and developmental appropriateness, making Option A the best practice."
323,Intermediate,What is the best practice for positive reinforcement?,Use the recommended method for positive reinforcement,Avoid the recommended method for positive reinforcement,Try a random approach to positive reinforcement,Ask peers about positive reinforcement first,A,"The correct approach for positive reinforcement is to follow established guidelines that ensure safety and developmental appropriateness, making Option A the best practice."
324,Easy,What is the best practice for observation techniques?,Use the recommended method for observation techniques,Avoid the recommended method for observation techniques,Try a random approach to observation techniques,Ask peers about observation techniques first,A,"The correct approach for observation techniques is to follow established guidelines that ensure safety and developmental appropriateness, making Option A the best practice."
325,Intermediate,What is the best practice for trauma-informed care?,Use the recommended method for trauma-informed care,Avoid the recommended method for trauma-informed care,Try a random approach to trauma-informed care,Ask peers about trauma-informed care first,A,"The correct approach for trauma-informed care is to follow established guidelines that ensure safety and developmental appropriateness, making Option A the best practice."
326,Easy,What is the best practice for observation techniques?,Use the recommended method for observation techniques,Avoid the recommended method for observation techniques,Try a random approach to observation techniques,Ask peers about observation techniques first,A,"The correct approach for observation techniques is to follow established guidelines that ensure safety and developmental appropriateness, making Option A the best practice."
327,Easy,What is the best practice for inclusive play?,Use the recommended method for inclusive play,Avoid the recommended method for inclusive play,Try a random approach to inclusive play,Ask peers about inclusive play first,A,"The correct approach for inclusive play is to follow established guidelines that ensure safety and developmental appropriateness, making Option A the best practice."
328,Expert,What is the best practice for observation techniques?,Use the recommended method for observation techniques,Avoid the recommended method for observation techniques,Try a random approach to observation techniques,Ask peers about observation techniques first,A,"The correct approach for observation techniques is to follow established guidelines that ensure safety and developmental appropriateness, making Option A the best practice."
329,Difficult,What is the best practice for fine motor skills?,Use the recommended method for fine motor skills,Avoid the recommended method for fine motor skills,Try a random approach to fine motor skills,Ask peers about fine motor skills first,A,"The correct approach for fine motor skills is to follow established guidelines that ensure safety and developmental appropriateness, making Option A the best practice."
330,Moderate,What is the best practice for inclusive play?,Use the recommended method for inclusive play,Avoid the recommended method for inclusive play,Try a random approach to inclusive play,Ask peers about inclusive play first,A,"The correct approach for inclusive play is to follow established guidelines that ensure safety and developmental appropriateness, making Option A the best practice."
331,Expert,What is the best practice for trauma-informed care?,Use the recommended method for trauma-informed care,Avoid the recommended method for trauma-informed care,Try a random approach to trauma-informed care,Ask peers about trauma-informed care first,A,"The correct approach for trauma-informed care is to follow established guidelines that ensure safety and developmental appropriateness, making Option A the best practice."
332,Difficult,What is the best practice for emergent literacy?,Use the recommended method for emergent literacy,Avoid the recommended method for emergent literacy,Try a random approach to emergent literacy,Ask peers about emergent literacy first,A,"The correct approach for emergent literacy is to follow established guidelines that ensure safety and developmental appropriateness, making Option A the best practice."
333,Easy,What is the best practice for fine motor skills?,Use the recommended method for fine motor skills,Avoid the recommended method for fine motor skills,Try a random approach to fine motor skills,Ask peers about fine motor skills first,A,"The correct approach for fine motor skills is to follow established guidelines that ensure safety and developmental appropriateness, making Option A the best practice."
334,Difficult,What is the best practice for observation techniques?,Use the recommended method for observation techniques,Avoid the recommended method for observation techniques,Try a random approach to observation techniques,Ask peers about observation techniques first,A,"The correct approach for observation techniques is to follow established guidelines that ensure safety and developmental appropriateness, making Option A the best practice."
335,Moderate,What is the best practice for diapering safety?,Use the recommended method for diapering safety,Avoid the recommended method for diapering safety,Try a random approach to diapering safety,Ask peers about diapering safety first,A,"The correct approach for diapering safety is to follow established guidelines that ensure safety and developmental appropriateness, making Option A the best practice."
336,Easy,What is the best practice for formative assessment?,Use the recommended method for formative assessment,Avoid the recommended method for formative assessment,Try a random approach to formative assessment,Ask peers about formative assessment first,A,"The correct approach for formative assessment is to follow established guidelines that ensure safety and developmental appropriateness, making Option A the best practice."
337,Intermediate,What is the best practice for inclusive play?,Use the recommended method for inclusive play,Avoid the recommended method for inclusive play,Try a random approach to inclusive play,Ask peers about inclusive play first,A,"The correct approach for inclusive play is to follow established guidelines that ensure safety and developmental appropriateness, making Option A the best practice."
338,Easy,What is the best practice for observation techniques?,Use the recommended method for observation techniques,Avoid the recommended method for observation techniques,Try a random approach to observation techniques,Ask peers about observation techniques first,A,"The correct approach for observation techniques is to follow established guidelines that ensure safety and developmental appropriateness, making Option A the best practice."
339,Easy,What is the best practice for gross motor skills?,Use the recommended method for gross motor skills,Avoid the recommended method for gross motor skills,Try a random approach to gross motor skills,Ask peers about gross motor skills first,A,"The correct approach for gross motor skills is to follow established guidelines that ensure safety and developmental appropriateness, making Option A the best practice."
340,Intermediate,What is the best practice for positive reinforcement?,Use the recommended method for positive reinforcement,Avoid the recommended method for positive reinforcement,Try a random approach to positive reinforcement,Ask peers about positive reinforcement first,A,"The correct approach for positive reinforcement is to follow established guidelines that ensure safety and developmental appropriateness, making Option A the best practice."
341,Difficult,What is the best practice for handwashing?,Use the recommended method for handwashing,Avoid the recommended method for handwashing,Try a random approach to handwashing,Ask peers about handwashing first,A,"The correct approach for handwashing is to follow established guidelines that ensure safety and developmental appropriateness, making Option A the best practice."
342,Difficult,What is the best practice for transitions?,Use the recommended method for transitions,Avoid the recommended method for transitions,Try a random approach to transitions,Ask peers about transitions first,A,"The correct approach for transitions is to follow established guidelines that ensure safety and developmental appropriateness, making Option A the best practice."
343,Moderate,What is the best practice for trauma-informed care?,Use the recommended method for trauma-informed care,Avoid the recommended method for trauma-informed care,Try a random approach to trauma-informed care,Ask peers about trauma-informed care first,A,"The correct approach for trauma-informed care is to follow established guidelines that ensure safety and developmental appropriateness, making Option A the best practice."
344,Intermediate,What is the best practice for transitions?,Use the recommended method for transitions,Avoid the recommended method for transitions,Try a random approach to transitions,Ask peers about transitions first,A,"The correct approach for transitions is to follow established guidelines that ensure safety and developmental appropriateness, making Option A the best practice."
345,Moderate,What is the best practice for serve-and-return?,Use the recommended method for serve-and-return,Avoid the recommended method for serve-and-return,Try a random approach to serve-and-return,Ask peers about serve-and-return first,A,"The correct approach for serve-and-return is to follow established guidelines that ensure safety and developmental appropriateness, making Option A the best practice."
346,Intermediate,What is the best practice for developmentally appropriate practice?,Use the recommended method for developmentally appropriate practice,Avoid the recommended method for developmentally appropriate practice,Try a random approach to developmentally appropriate practice,Ask peers about developmentally appropriate practice first,A,"The correct approach for developmentally appropriate practice is to follow established guidelines that ensure safety and developmental appropriateness, making Option A the best practice."
347,Intermediate,What is the best practice for transitions?,Use the recommended method for transitions,Avoid the recommended method for transitions,Try a random approach to transitions,Ask peers about transitions first,A,"The correct approach for transitions is to follow established guidelines that ensure safety and developmental appropriateness, making Option A the best practice."
348,Expert,What is the best practice for gross motor skills?,Use the recommended method for gross motor skills,Avoid the recommended method for gross motor skills,Try a random approach to gross motor skills,Ask peers about gross motor skills first,A,"The correct approach for gross motor skills is to follow established guidelines that ensure safety and developmental appropriateness, making Option A the best practice."
349,Moderate,What is the best practice for gross motor skills?,Use the recommended method for gross motor skills,Avoid the recommended method for gross motor skills,Try a random approach to gross motor skills,Ask peers about gross motor skills first,A,"The correct approach for gross motor skills is to follow established guidelines that ensure safety and developmental appropriateness, making Option A the best practice."
350,Expert,What is the best practice for inclusive play?,Use the recommended method for inclusive play,Avoid the recommended method for inclusive play,Try a random approach to inclusive play,Ask peers about inclusive play first,A,"The correct approach for inclusive play is to follow established guidelines that ensure safety and developmental appropriateness, making Option A the best practice."
351,Easy,What is the best practice for handwashing?,Use the recommended method for handwashing,Avoid the recommended method for handwashing,Try a random approach to handwashing,Ask peers about handwashing first,A,"The correct approach for handwashing is to follow established guidelines that ensure safety and developmental appropriateness, making Option A the best practice."
352,Expert,What is the best practice for handwashing?,Use the recommended method for handwashing,Avoid the recommended method for handwashing,Try a random approach to handwashing,Ask peers about handwashing first,A,"The correct approach for handwashing is to follow established guidelines that ensure safety and developmental appropriateness, making Option A the best practice."
353,Intermediate,What is the best practice for developmentally appropriate practice?,Use the recommended method for developmentally appropriate practice,Avoid the recommended method for developmentally appropriate practice,Try a random approach to developmentally appropriate practice,Ask peers about developmentally appropriate practice first,A,"The correct approach for developmentally appropriate practice is to follow established guidelines that ensure safety and developmental appropriateness, making Option A the best practice."
354,Intermediate,What is the best practice for developmentally appropriate practice?,Use the recommended method for developmentally appropriate practice,Avoid the recommended method for developmentally appropriate practice,Try a random approach to developmentally appropriate practice,Ask peers about developmentally appropriate practice first,A,"The correct approach for developmentally appropriate practice is to follow established guidelines that ensure safety and developmental appropriateness, making Option A the best practice."
355,Easy,What is the best practice for gross motor skills?,Use the recommended method for gross motor skills,Avoid the recommended method for gross motor skills,Try a random approach to gross motor skills,Ask peers about gross motor skills first,A,"The correct approach for gross motor skills is to follow established guidelines that ensure safety and developmental appropriateness, making Option A the best practice."
356,Moderate,What is the best practice for developmentally appropriate practice?,Use the recommended method for developmentally appropriate practice,Avoid the recommended method for developmentally appropriate practice,Try a random approach to developmentally appropriate practice,Ask peers about developmentally appropriate practice first,A,"The correct approach for developmentally appropriate practice is to follow established guidelines that ensure safety and developmental appropriateness, making Option A the best practice."
357,Moderate,What is the best practice for transitions?,Use the recommended method for transitions,Avoid the recommended method for transitions,Try a random approach to transitions,Ask peers about transitions first,A,"The correct approach for transitions is to follow established guidelines that ensure safety and developmental appropriateness, making Option A the best practice."
358,Easy,What is the best practice for inclusive play?,Use the recommended method for inclusive play,Avoid the recommended method for inclusive play,Try a random approach to inclusive play,Ask peers about inclusive play first,A,"The correct approach for inclusive play is to follow established guidelines that ensure safety and developmental appropriateness, making Option A the best practice."
359,Difficult,What is the best practice for inclusive play?,Use the recommended method for inclusive play,Avoid the recommended method for inclusive play,Try a random approach to inclusive play,Ask peers about inclusive play first,A,"The correct approach for inclusive play is to follow established guidelines that ensure safety and developmental appropriateness, making Option A the best practice."
360,Intermediate,What is the best practice for formative assessment?,Use the recommended method for formative assessment,Avoid the recommended method for formative assessment,Try a random approach to formative assessment,Ask peers about formative assessment first,A,"The correct approach for formative assessment is to follow established guidelines that ensure safety and developmental appropriateness, making Option A the best practice."
361,Easy,What is the best practice for observation techniques?,Use the recommended method for observation techniques,Avoid the recommended method for observation techniques,Try a random approach to observation techniques,Ask peers about observation techniques first,A,"The correct approach for observation techniques is to follow established guidelines that ensure safety and developmental appropriateness, making Option A the best practice."
362,Expert,What is the best practice for trauma-informed care?,Use the recommended method for trauma-informed care,Avoid the recommended method for trauma-informed care,Try a random approach to trauma-informed care,Ask peers about trauma-informed care first,A,"The correct approach for trauma-informed care is to follow established guidelines that ensure safety and developmental appropriateness, making Option A the best practice."
363,Difficult,What is the best practice for attachment building?,Use the recommended method for attachment building,Avoid the recommended method for attachment building,Try a random approach to attachment building,Ask peers about attachment building first,A,"The correct approach for attachment building is to follow established guidelines that ensure safety and developmental appropriateness, making Option A the best practice."
364,Moderate,What is the best practice for gross motor skills?,Use the recommended method for gross motor skills,Avoid the recommended method for gross motor skills,Try a random approach to gross motor skills,Ask peers about gross motor skills first,A,"The correct approach for gross motor skills is to follow established guidelines that ensure safety and developmental appropriateness, making Option A the best practice."
365,Difficult,What is the best practice for developmentally appropriate practice?,Use the recommended method for developmentally appropriate practice,Avoid the recommended method for developmentally appropriate practice,Try a random approach to developmentally appropriate practice,Ask peers about developmentally appropriate practice first,A,"The correct approach for developmentally appropriate practice is to follow established guidelines that ensure safety and developmental appropriateness, making Option A the best practice."
366,Moderate,What is the best practice for attachment building?,Use the recommended method for attachment building,Avoid the recommended method for attachment building,Try a random approach to attachment building,Ask peers about attachment building first,A,"The correct approach for attachment building is to follow established guidelines that ensure safety and developmental appropriateness, making Option A the best practice."
367,Intermediate,What is the best practice for scaffolding?,Use the recommended method for scaffolding,Avoid the recommended method for scaffolding,Try a random approach to scaffolding,Ask peers about scaffolding first,A,"The correct approach for scaffolding is to follow established guidelines that ensure safety and developmental appropriateness, making Option A the best practice."
368,Expert,What is the best practice for observation techniques?,Use the recommended method for observation techniques,Avoid the recommended method for observation techniques,Try a random approach to observation techniques,Ask peers about observation techniques first,A,"The correct approach for observation techniques is to follow established guidelines that ensure safety and developmental appropriateness, making Option A the best practice."
369,Easy,What is the best practice for diapering safety?,Use the recommended method for diapering safety,Avoid the recommended method for diapering safety,Try a random approach to diapering safety,Ask peers about diapering safety first,A,"The correct approach for diapering safety is to follow established guidelines that ensure safety and developmental appropriateness, making Option A the best practice."
370,Expert,What is the best practice for gross motor skills?,Use the recommended method for gross motor skills,Avoid the recommended method for gross motor skills,Try a random approach to gross motor skills,Ask peers about gross motor skills first,A,"The correct approach for gross motor skills is to follow established guidelines that ensure safety and developmental appropriateness, making Option A the best practice."
371,Moderate,What is the best practice for serve-and-return?,Use the recommended method for serve-and-return,Avoid the recommended method for serve-and-return,Try a random approach to serve-and-return,Ask peers about serve-and-return first,A,"The correct approach for serve-and-return is to follow established guidelines that ensure safety and developmental appropriateness, making Option A the best practice."
372,Intermediate,What is the best practice for emergent literacy?,Use the recommended method for emergent literacy,Avoid the recommended method for emergent literacy,Try a random approach to emergent literacy,Ask peers about emergent literacy first,A,"The correct approach for emergent literacy is to follow established guidelines that ensure safety and developmental appropriateness, making Option A the best practice."
373,Difficult,What is the best practice for serve-and-return?,Use the recommended method for serve-and-return,Avoid the recommended method for serve-and-return,Try a random approach to serve-and-return,Ask peers about serve-and-return first,A,"The correct approach for serve-and-return is to follow established guidelines that ensure safety and developmental appropriateness, making Option A the best practice."
374,Intermediate,What is the best practice for scaffolding?,Use the recommended method for scaffolding,Avoid the recommended method for scaffolding,Try a random approach to scaffolding,Ask peers about scaffolding first,A,"The correct approach for scaffolding is to follow established guidelines that ensure safety and developmental appropriateness, making Option A the best practice."
375,Easy,What is the best practice for gross motor skills?,Use the recommended method for gross motor skills,Avoid the recommended method for gross motor skills,Try a random approach to gross motor skills,Ask peers about gross motor skills first,A,"The correct approach for gross motor skills is to follow established guidelines that ensure safety and developmental appropriateness, making Option A the best practice."
376,Easy,What is the best practice for formative assessment?,Use the recommended method for formative assessment,Avoid the recommended method for formative assessment,Try a random approach to formative assessment,Ask peers about formative assessment first,A,"The correct approach for formative assessment is to follow established guidelines that ensure safety and developmental appropriateness, making Option A the best practice."
377,Difficult,What is the best practice for trauma-informed care?,Use the recommended method for trauma-informed care,Avoid the recommended method for trauma-informed care,Try a random approach to trauma-informed care,Ask peers about trauma-informed care first,A,"The correct approach for trauma-informed care is to follow established guidelines that ensure safety and developmental appropriateness, making Option A the best practice."
378,Intermediate,What is the best practice for formative assessment?,Use the recommended method for formative assessment,Avoid the recommended method for formative assessment,Try a random approach to formative assessment,Ask peers about formative assessment first,A,"The correct approach for formative assessment is to follow established guidelines that ensure safety and developmental appropriateness, making Option A the best practice."
379,Easy,What is the best practice for scaffolding?,Use the recommended method for scaffolding,Avoid the recommended method for scaffolding,Try a random approach to scaffolding,Ask peers about scaffolding first,A,"The correct approach for scaffolding is to follow established guidelines that ensure safety and developmental appropriateness, making Option A the best practice."
380,Easy,What is the best practice for inclusive play?,Use the recommended method for inclusive play,Avoid the recommended method for inclusive play,Try a random approach to inclusive play,Ask peers about inclusive play first,A,"The correct approach for inclusive play is to follow established guidelines that ensure safety and developmental appropriateness, making Option A the best practice."
381,Difficult,What is the best practice for scaffolding?,Use the recommended method for scaffolding,Avoid the recommended method for scaffolding,Try a random approach to scaffolding,Ask peers about scaffolding first,A,"The correct approach for scaffolding is to follow established guidelines that ensure safety and developmental appropriateness, making Option A the best practice."
382,Intermediate,What is the best practice for formative assessment?,Use the recommended method for formative assessment,Avoid the recommended method for formative assessment,Try a random approach to formative assessment,Ask peers about formative assessment first,A,"The correct approach for formative assessment is to follow established guidelines that ensure safety and developmental appropriateness, making Option A the best practice."
383,Difficult,What is the best practice for inclusive play?,Use the recommended method for inclusive play,Avoid the recommended method for inclusive play,Try a random approach to inclusive play,Ask peers about inclusive play first,A,"The correct approach for inclusive play is to follow established guidelines that ensure safety and developmental appropriateness, making Option A the best practice."
384,Easy,What is the best practice for serve-and-return?,Use the recommended method for serve-and-return,Avoid the recommended method for serve-and-return,Try a random approach to serve-and-return,Ask peers about serve-and-return first,A,"The correct approach for serve-and-return is to follow established guidelines that ensure safety and developmental appropriateness, making Option A the best practice."
385,Difficult,What is the best practice for fine motor skills?,Use the recommended method for fine motor skills,Avoid the recommended method for fine motor skills,Try a random approach to fine motor skills,Ask peers about fine motor skills first,A,"The correct approach for fine motor skills is to follow established guidelines that ensure safety and developmental appropriateness, making Option A the best practice."
386,Moderate,What is the best practice for serve-and-return?,Use the recommended method for serve-and-return,Avoid the recommended method for serve-and-return,Try a random approach to serve-and-return,Ask peers about serve-and-return first,A,"The correct approach for serve-and-return is to follow established guidelines that ensure safety and developmental appropriateness, making Option A the best practice."
387,Difficult,What is the best practice for serve-and-return?,Use the recommended method for serve-and-return,Avoid the recommended method for serve-and-return,Try a random approach to serve-and-return,Ask peers about serve-and-return first,A,"The correct approach for serve-and-return is to follow established guidelines that ensure safety and developmental appropriateness, making Option A the best practice."
388,Easy,What is the best practice for transitions?,Use the recommended method for transitions,Avoid the recommended method for transitions,Try a random approach to transitions,Ask peers about transitions first,A,"The correct approach for transitions is to follow established guidelines that ensure safety and developmental appropriateness, making Option A the best practice."
389,Intermediate,What is the best practice for serve-and-return?,Use the recommended method for serve-and-return,Avoid the recommended method for serve-and-return,Try a random approach to serve-and-return,Ask peers about serve-and-return first,A,"The correct approach for serve-and-return is to follow established guidelines that ensure safety and developmental appropriateness, making Option A the best practice."
390,Difficult,What is the best practice for formative assessment?,Use the recommended method for formative assessment,Avoid the recommended method for formative assessment,Try a random approach to formative assessment,Ask peers about formative assessment first,A,"The correct approach for formative assessment is to follow established guidelines that ensure safety and developmental appropriateness, making Option A the best practice."
391,Moderate,What is the best practice for observation techniques?,Use the recommended method for observation techniques,Avoid the recommended method for observation techniques,Try a random approach to observation techniques,Ask peers about observation techniques first,A,"The correct approach for observation techniques is to follow established guidelines that ensure safety and developmental appropriateness, making Option A the best practice."
392,Intermediate,What is the best practice for serve-and-return?,Use the recommended method for serve-and-return,Avoid the recommended method for serve-and-return,Try a random approach to serve-and-return,Ask peers about serve-and-return first,A,"The correct approach for serve-and-return is to follow established guidelines that ensure safety and developmental appropriateness, making Option A the best practice."
393,Intermediate,What is the best practice for attachment building?,Use the recommended method for attachment building,Avoid the recommended method for attachment building,Try a random approach to attachment building,Ask peers about attachment building first,A,"The correct approach for attachment building is to follow established guidelines that ensure safety and developmental appropriateness, making Option A the best practice."
394,Easy,What is the best practice for developmentally appropriate practice?,Use the recommended method for developmentally appropriate practice,Avoid the recommended method for developmentally appropriate practice,Try a random approach to developmentally appropriate practice,Ask peers about developmentally appropriate practice first,A,"The correct approach for developmentally appropriate practice is to follow established guidelines that ensure safety and developmental appropriateness, making Option A the best practice."
395,Intermediate,What is the best practice for handwashing?,Use the recommended method for handwashing,Avoid the recommended method for handwashing,Try a random approach to handwashing,Ask peers about handwashing first,A,"The correct approach for handwashing is to follow established guidelines that ensure safety and developmental appropriateness, making Option A the best practice."
396,Easy,What is the best practice for attachment building?,Use the recommended method for attachment building,Avoid the recommended method for attachment building,Try a random approach to attachment building,Ask peers about attachment building first,A,"The correct approach for attachment building is to follow established guidelines that ensure safety and developmental appropriateness, making Option A the best practice."
397,Easy,What is the best practice for emergent literacy?,Use the recommended method for emergent literacy,Avoid the recommended method for emergent literacy,Try a random approach to emergent literacy,Ask peers about emergent literacy first,A,"The correct approach for emergent literacy is to follow established guidelines that ensure safety and developmental appropriateness, making Option A the best practice."
398,Intermediate,What is the best practice for emergent literacy?,Use the recommended method for emergent literacy,Avoid the recommended method for emergent literacy,Try a random approach to emergent literacy,Ask peers about emergent literacy first,A,"The correct approach for emergent literacy is to follow established guidelines that ensure safety and developmental appropriateness, making Option A the best practice."
399,Easy,What is the best practice for observation techniques?,Use the recommended method for observation techniques,Avoid the recommended method for observation techniques,Try a random approach to observation techniques,Ask peers about observation techniques first,A,"The correct approach for observation techniques is to follow established guidelines that ensure safety and developmental appropriateness, making Option A the best practice."
400,Intermediate,What is the best practice for inclusive play?,Use the recommended method for inclusive play,Avoid the recommended method for inclusive play,Try a random approach to inclusive play,Ask peers about inclusive play first,A,"The correct approach for inclusive play is to follow established guidelines that ensure safety and developmental appropriateness, making Option A the best practice."
401,Expert,What is the best practice for emergent literacy?,Use the recommended method for emergent literacy,Avoid the recommended method for emergent literacy,Try a random approach to emergent literacy,Ask peers about emergent literacy first,A,"The correct approach for emergent literacy is to follow established guidelines that ensure safety and developmental appropriateness, making Option A the best practice."
402,Intermediate,What is the best practice for attachment building?,Use the recommended method for attachment building,Avoid the recommended method for attachment building,Try a random approach to attachment building,Ask peers about attachment building first,A,"The correct approach for attachment building is to follow established guidelines that ensure safety and developmental appropriateness, making Option A the best practice."
403,Expert,What is the best practice for gross motor skills?,Use the recommended method for gross motor skills,Avoid the recommended method for gross motor skills,Try a random approach to gross motor skills,Ask peers about gross motor skills first,A,"The correct approach for gross motor skills is to follow established guidelines that ensure safety and developmental appropriateness, making Option A the best practice."
404,Intermediate,What is the best practice for inclusive play?,Use the recommended method for inclusive play,Avoid the recommended method for inclusive play,Try a random approach to inclusive play,Ask peers about inclusive play first,A,"The correct approach for inclusive play is to follow established guidelines that ensure safety and developmental appropriateness, making Option A the best practice."
405,Moderate,What is the best practice for observation techniques?,Use the recommended method for observation techniques,Avoid the recommended method for observation techniques,Try a random approach to observation techniques,Ask peers about observation techniques first,A,"The correct approach for observation techniques is to follow established guidelines that ensure safety and developmental appropriateness, making Option A the best practice."
406,Moderate,What is the best practice for serve-and-return?,Use the recommended method for serve-and-return,Avoid the recommended method for serve-and-return,Try a random approach to serve-and-return,Ask peers about serve-and-return first,A,"The correct approach for serve-and-return is to follow established guidelines that ensure safety and developmental appropriateness, making Option A the best practice."
407,Easy,What is the best practice for emergent literacy?,Use the recommended method for emergent literacy,Avoid the recommended method for emergent literacy,Try a random approach to emergent literacy,Ask peers about emergent literacy first,A,"The correct approach for emergent literacy is to follow established guidelines that ensure safety and developmental appropriateness, making Option A the best practice."
408,Difficult,What is the best practice for gross motor skills?,Use the recommended method for gross motor skills,Avoid the recommended method for gross motor skills,Try a random approach to gross motor skills,Ask peers about gross motor skills first,A,"The correct approach for gross motor skills is to follow established guidelines that ensure safety and developmental appropriateness, making Option A the best practice."
409,Intermediate,What is the best practice for serve-and-return?,Use the recommended method for serve-and-return,Avoid the recommended method for serve-and-return,Try a random approach to serve-and-return,Ask peers about serve-and-return first,A,"The correct approach for serve-and-return is to follow established guidelines that ensure safety and developmental appropriateness, making Option A the best practice."
410,Easy,What is the best practice for attachment building?,Use the recommended method for attachment building,Avoid the recommended method for attachment building,Try a random approach to attachment building,Ask peers about attachment building first,A,"The correct approach for attachment building is to follow established guidelines that ensure safety and developmental appropriateness, making Option A the best practice."
411,Difficult,What is the best practice for attachment building?,Use the recommended method for attachment building,Avoid the recommended method for attachment building,Try a random approach to attachment building,Ask peers about attachment building first,A,"The correct approach for attachment building is to follow established guidelines that ensure safety and developmental appropriateness, making Option A the best practice."
412,Intermediate,What is the best practice for fine motor skills?,Use the recommended method for fine motor skills,Avoid the recommended method for fine motor skills,Try a random approach to fine motor skills,Ask peers about fine motor skills first,A,"The correct approach for fine motor skills is to follow established guidelines that ensure safety and developmental appropriateness, making Option A the best practice."
413,Expert,What is the best practice for inclusive play?,Use the recommended method for inclusive play,Avoid the recommended method for inclusive play,Try a random approach to inclusive play,Ask peers about inclusive play first,A,"The correct approach for inclusive play is to follow established guidelines that ensure safety and developmental appropriateness, making Option A the best practice."
414,Difficult,What is the best practice for diapering safety?,Use the recommended method for diapering safety,Avoid the recommended method for diapering safety,Try a random approach to diapering safety,Ask peers about diapering safety first,A,"The correct approach for diapering safety is to follow established guidelines that ensure safety and developmental appropriateness, making Option A the best practice."
415,Moderate,What is the best practice for observation techniques?,Use the recommended method for observation techniques,Avoid the recommended method for observation techniques,Try a random approach to observation techniques,Ask peers about observation techniques first,A,"The correct approach for observation techniques is to follow established guidelines that ensure safety and developmental appropriateness, making Option A the best practice."
416,Easy,What is the best practice for transitions?,Use the recommended method for transitions,Avoid the recommended method for transitions,Try a random approach to transitions,Ask peers about transitions first,A,"The correct approach for transitions is to follow established guidelines that ensure safety and developmental appropriateness, making Option A the best practice."
417,Moderate,What is the best practice for developmentally appropriate practice?,Use the recommended method for developmentally appropriate practice,Avoid the recommended method for developmentally appropriate practice,Try a random approach to developmentally appropriate practice,Ask peers about developmentally appropriate practice first,A,"The correct approach for developmentally appropriate practice is to follow established guidelines that ensure safety and developmental appropriateness, making Option A the best practice."
418,Moderate,What is the best practice for formative assessment?,Use the recommended method for formative assessment,Avoid the recommended method for formative assessment,Try a random approach to formative assessment,Ask peers about formative assessment first,A,"The correct approach for formative assessment is to follow established guidelines that ensure safety and developmental appropriateness, making Option A the best practice."
419,Difficult,What is the best practice for handwashing?,Use the recommended method for handwashing,Avoid the recommended method for handwashing,Try a random approach to handwashing,Ask peers about handwashing first,A,"The correct approach for handwashing is to follow established guidelines that ensure safety and developmental appropriateness, making Option A the best practice."
420,Easy,What is the best practice for scaffolding?,Use the recommended method for scaffolding,Avoid the recommended method for scaffolding,Try a random approach to scaffolding,Ask peers about scaffolding first,A,"The correct approach for scaffolding is to follow established guidelines that ensure safety and developmental appropriateness, making Option A the best practice."
421,Easy,What is the best practice for transitions?,Use the recommended method for transitions,Avoid the recommended method for transitions,Try a random approach to transitions,Ask peers about transitions first,A,"The correct approach for transitions is to follow established guidelines that ensure safety and developmental appropriateness, making Option A the best practice."
422,Easy,What is the best practice for positive reinforcement?,Use the recommended method for positive reinforcement,Avoid the recommended method for positive reinforcement,Try a random approach to positive reinforcement,Ask peers about positive reinforcement first,A,"The correct approach for positive reinforcement is to follow established guidelines that ensure safety and developmental appropriateness, making Option A the best practice."
423,Expert,What is the best practice for scaffolding?,Use the recommended method for scaffolding,Avoid the recommended method for scaffolding,Try a random approach to scaffolding,Ask peers about scaffolding first,A,"The correct approach for scaffolding is to follow established guidelines that ensure safety and developmental appropriateness, making Option A the best practice."
424,Easy,What is the best practice for scaffolding?,Use the recommended method for scaffolding,Avoid the recommended method for scaffolding,Try a random approach to scaffolding,Ask peers about scaffolding first,A,"The correct approach for scaffolding is to follow established guidelines that ensure safety and developmental appropriateness, making Option A the best practice."
425,Difficult,What is the best practice for observation techniques?,Use the recommended method for observation techniques,Avoid the recommended method for observation techniques,Try a random approach to observation techniques,Ask peers about observation techniques first,A,"The correct approach for observation techniques is to follow established guidelines that ensure safety and developmental appropriateness, making Option A the best practice."
426,Intermediate,What is the best practice for diapering safety?,Use the recommended method for diapering safety,Avoid the recommended method for diapering safety,Try a random approach to diapering safety,Ask peers about diapering safety first,A,"The correct approach for diapering safety is to follow established guidelines that ensure safety and developmental appropriateness, making Option A the best practice."
427,Difficult,What is the best practice for trauma-informed care?,Use the recommended method for trauma-informed care,Avoid the recommended method for trauma-informed care,Try a random approach to trauma-informed care,Ask peers about trauma-informed care first,A,"The correct approach for trauma-informed care is to follow established guidelines that ensure safety and developmental appropriateness, making Option A the best practice."
428,Moderate,What is the best practice for attachment building?,Use the recommended method for attachment building,Avoid the recommended method for attachment building,Try a random approach to attachment building,Ask peers about attachment building first,A,"The correct approach for attachment building is to follow established guidelines that ensure safety and developmental appropriateness, making Option A the best practice."
429,Intermediate,What is the best practice for inclusive play?,Use the recommended method for inclusive play,Avoid the recommended method for inclusive play,Try a random approach to inclusive play,Ask peers about inclusive play first,A,"The correct approach for inclusive play is to follow established guidelines that ensure safety and developmental appropriateness, making Option A the best practice."
430,Moderate,What is the best practice for diapering safety?,Use the recommended method for diapering safety,Avoid the recommended method for diapering safety,Try a random approach to diapering safety,Ask peers about diapering safety first,A,"The correct approach for diapering safety is to follow established guidelines that ensure safety and developmental appropriateness, making Option A the best practice."
431,Difficult,What is the best practice for formative assessment?,Use the recommended method for formative assessment,Avoid the recommended method for formative assessment,Try a random approach to formative assessment,Ask peers about formative assessment first,A,"The correct approach for formative assessment is to follow established guidelines that ensure safety and developmental appropriateness, making Option A the best practice."
432,Easy,What is the best practice for emergent literacy?,Use the recommended method for emergent literacy,Avoid the recommended method for emergent literacy,Try a random approach to emergent literacy,Ask peers about emergent literacy first,A,"The correct approach for emergent literacy is to follow established guidelines that ensure safety and developmental appropriateness, making Option A the best practice."
433,Difficult,What is the best practice for inclusive play?,Use the recommended method for inclusive play,Avoid the recommended method for inclusive play,Try a random approach to inclusive play,Ask peers about inclusive play first,A,"The correct approach for inclusive play is to follow established guidelines that ensure safety and developmental appropriateness, making Option A the best practice."
434,Difficult,What is the best practice for emergent literacy?,Use the recommended method for emergent literacy,Avoid the recommended method for emergent literacy,Try a random approach to emergent literacy,Ask peers about emergent literacy first,A,"The correct approach for emergent literacy is to follow established guidelines that ensure safety and developmental appropriateness, making Option A the best practice."
435,Difficult,What is the best practice for handwashing?,Use the recommended method for handwashing,Avoid the recommended method for handwashing,Try a random approach to handwashing,Ask peers about handwashing first,A,"The correct approach for handwashing is to follow established guidelines that ensure safety and developmental appropriateness, making Option A the best practice."
436,Moderate,What is the best practice for formative assessment?,Use the recommended method for formative assessment,Avoid the recommended method for formative assessment,Try a random approach to formative assessment,Ask peers about formative assessment first,A,"The correct approach for formative assessment is to follow established guidelines that ensure safety and developmental appropriateness, making Option A the best practice."
437,Expert,What is the best practice for transitions?,Use the recommended method for transitions,Avoid the recommended method for transitions,Try a random approach to transitions,Ask peers about transitions first,A,"The correct approach for transitions is to follow established guidelines that ensure safety and developmental appropriateness, making Option A the best practice."
438,Intermediate,What is the best practice for handwashing?,Use the recommended method for handwashing,Avoid the recommended method for handwashing,Try a random approach to handwashing,Ask peers about handwashing first,A,"The correct approach for handwashing is to follow established guidelines that ensure safety and developmental appropriateness, making Option A the best practice."
439,Difficult,What is the best practice for fine motor skills?,Use the recommended method for fine motor skills,Avoid the recommended method for fine motor skills,Try a random approach to fine motor skills,Ask peers about fine motor skills first,A,"The correct approach for fine motor skills is to follow established guidelines that ensure safety and developmental appropriateness, making Option A the best practice."
440,Easy,What is the best practice for diapering safety?,Use the recommended method for diapering safety,Avoid the recommended method for diapering safety,Try a random approach to diapering safety,Ask peers about diapering safety first,A,"The correct approach for diapering safety is to follow established guidelines that ensure safety and developmental appropriateness, making Option A the best practice."
441,Easy,What is the best practice for positive reinforcement?,Use the recommended method for positive reinforcement,Avoid the recommended method for positive reinforcement,Try a random approach to positive reinforcement,Ask peers about positive reinforcement first,A,"The correct approach for positive reinforcement is to follow established guidelines that ensure safety and developmental appropriateness, making Option A the best practice."
442,Intermediate,What is the best practice for attachment building?,Use the recommended method for attachment building,Avoid the recommended method for attachment building,Try a random approach to attachment building,Ask peers about attachment building first,A,"The correct approach for attachment building is to follow established guidelines that ensure safety and developmental appropriateness, making Option A the best practice."
443,Difficult,What is the best practice for gross motor skills?,Use the recommended method for gross motor skills,Avoid the recommended method for gross motor skills,Try a random approach to gross motor skills,Ask peers about gross motor skills first,A,"The correct approach for gross motor skills is to follow established guidelines that ensure safety and developmental appropriateness, making Option A the best practice."
444,Moderate,What is the best practice for formative assessment?,Use the recommended method for formative assessment,Avoid the recommended method for formative assessment,Try a random approach to formative assessment,Ask peers about formative assessment first,A,"The correct approach for formative assessment is to follow established guidelines that ensure safety and developmental appropriateness, making Option A the best practice."
445,Intermediate,What is the best practice for gross motor skills?,Use the recommended method for gross motor skills,Avoid the recommended method for gross motor skills,Try a random approach to gross motor skills,Ask peers about gross motor skills first,A,"The correct approach for gross motor skills is to follow established guidelines that ensure safety and developmental appropriateness, making Option A the best practice."
446,Easy,What is the best practice for inclusive play?,Use the recommended method for inclusive play,Avoid the recommended method for inclusive play,Try a random approach to inclusive play,Ask peers about inclusive play first,A,"The correct approach for inclusive play is to follow established guidelines that ensure safety and developmental appropriateness, making Option A the best practice."
447,Intermediate,What is the best practice for fine motor skills?,Use the recommended method for fine motor skills,Avoid the recommended method for fine motor skills,Try a random approach to fine motor skills,Ask peers about fine motor skills first,A,"The correct approach for fine motor skills is to follow established guidelines that ensure safety and developmental appropriateness, making Option A the best practice."
448,Easy,What is the best practice for serve-and-return?,Use the recommended method for serve-and-return,Avoid the recommended method for serve-and-return,Try a random approach to serve-and-return,Ask peers about serve-and-return first,A,"The correct approach for serve-and-return is to follow established guidelines that ensure safety and developmental appropriateness, making Option A the best practice."
449,Difficult,What is the best practice for inclusive play?,Use the recommended method for inclusive play,Avoid the recommended method for inclusive play,Try a random approach to inclusive play,Ask peers about inclusive play first,A,"The correct approach for inclusive play is to follow established guidelines that ensure safety and developmental appropriateness, making Option A the best practice."
450,Moderate,What is the best practice for fine motor skills?,Use the recommended method for fine motor skills,Avoid the recommended method for fine motor skills,Try a random approach to fine motor skills,Ask peers about fine motor skills first,A,"The correct approach for fine motor skills is to follow established guidelines that ensure safety and developmental appropriateness, making Option A the best practice."
451,Intermediate,What is the best practice for observation techniques?,Use the recommended method for observation techniques,Avoid the recommended method for observation techniques,Try a random approach to observation techniques,Ask peers about observation techniques first,A,"The correct approach for observation techniques is to follow established guidelines that ensure safety and developmental appropriateness, making Option A the best practice."
452,Difficult,What is the best practice for transitions?,Use the recommended method for transitions,Avoid the recommended method for transitions,Try a random approach to transitions,Ask peers about transitions first,A,"The correct approach for transitions is to follow established guidelines that ensure safety and developmental appropriateness, making Option A the best practice."
453,Easy,What is the best practice for attachment building?,Use the recommended method for attachment building,Avoid the recommended method for attachment building,Try a random approach to attachment building,Ask peers about attachment building first,A,"The correct approach for attachment building is to follow established guidelines that ensure safety and developmental appropriateness, making Option A the best practice."
454,Intermediate,What is the best practice for trauma-informed care?,Use the recommended method for trauma-informed care,Avoid the recommended method for trauma-informed care,Try a random approach to trauma-informed care,Ask peers about trauma-informed care first,A,"The correct approach for trauma-informed care is to follow established guidelines that ensure safety and developmental appropriateness, making Option A the best practice."
455,Easy,What is the best practice for handwashing?,Use the recommended method for handwashing,Avoid the recommended method for handwashing,Try a random approach to handwashing,Ask peers about handwashing first,A,"The correct approach for handwashing is to follow established guidelines that ensure safety and developmental appropriateness, making Option A the best practice."
456,Easy,What is the best practice for gross motor skills?,Use the recommended method for gross motor skills,Avoid the recommended method for gross motor skills,Try a random approach to gross motor skills,Ask peers about gross motor skills first,A,"The correct approach for gross motor skills is to follow established guidelines that ensure safety and developmental appropriateness, making Option A the best practice."
457,Moderate,What is the best practice for attachment building?,Use the recommended method for attachment building,Avoid the recommended method for attachment building,Try a random approach to attachment building,Ask peers about attachment building first,A,"The correct approach for attachment building is to follow established guidelines that ensure safety and developmental appropriateness, making Option A the best practice."
458,Intermediate,What is the best practice for formative assessment?,Use the recommended method for formative assessment,Avoid the recommended method for formative assessment,Try a random approach to formative assessment,Ask peers about formative assessment first,A,"The correct approach for formative assessment is to follow established guidelines that ensure safety and developmental appropriateness, making Option A the best practice."
459,Intermediate,What is the best practice for attachment building?,Use the recommended method for attachment building,Avoid the recommended method for attachment building,Try a random approach to attachment building,Ask peers about attachment building first,A,"The correct approach for attachment building is to follow established guidelines that ensure safety and developmental appropriateness, making Option A the best practice."
460,Intermediate,What is the best practice for handwashing?,Use the recommended method for handwashing,Avoid the recommended method for handwashing,Try a random approach to handwashing,Ask peers about handwashing first,A,"The correct approach for handwashing is to follow established guidelines that ensure safety and developmental appropriateness, making Option A the best practice."
461,Intermediate,What is the best practice for observation techniques?,Use the recommended method for observation techniques,Avoid the recommended method for observation techniques,Try a random approach to observation techniques,Ask peers about observation techniques first,A,"The correct approach for observation techniques is to follow established guidelines that ensure safety and developmental appropriateness, making Option A the best practice."
462,Easy,What is the best practice for scaffolding?,Use the recommended method for scaffolding,Avoid the recommended method for scaffolding,Try a random approach to scaffolding,Ask peers about scaffolding first,A,"The correct approach for scaffolding is to follow established guidelines that ensure safety and developmental appropriateness, making Option A the best practice."
463,Easy,What is the best practice for positive reinforcement?,Use the recommended method for positive reinforcement,Avoid the recommended method for positive reinforcement,Try a random approach to positive reinforcement,Ask peers about positive reinforcement first,A,"The correct approach for positive reinforcement is to follow established guidelines that ensure safety and developmental appropriateness, making Option A the best practice."
464,Intermediate,What is the best practice for attachment building?,Use the recommended method for attachment building,Avoid the recommended method for attachment building,Try a random approach to attachment building,Ask peers about attachment building first,A,"The correct approach for attachment building is to follow established guidelines that ensure safety and developmental appropriateness, making Option A the best practice."
465,Easy,What is the best practice for formative assessment?,Use the recommended method for formative assessment,Avoid the recommended method for formative assessment,Try a random approach to formative assessment,Ask peers about formative assessment first,A,"The correct approach for formative assessment is to follow established guidelines that ensure safety and developmental appropriateness, making Option A the best practice."
466,Expert,What is the best practice for positive reinforcement?,Use the recommended method for positive reinforcement,Avoid the recommended method for positive reinforcement,Try a random approach to positive reinforcement,Ask peers about positive reinforcement first,A,"The correct approach for positive reinforcement is to follow established guidelines that ensure safety and developmental appropriateness, making Option A the best practice."
467,Intermediate,What is the best practice for gross motor skills?,Use the recommended method for gross motor skills,Avoid the recommended method for gross motor skills,Try a random approach to gross motor skills,Ask peers about gross motor skills first,A,"The correct approach for gross motor skills is to follow established guidelines that ensure safety and developmental appropriateness, making Option A the best practice."
468,Moderate,What is the best practice for transitions?,Use the recommended method for transitions,Avoid the recommended method for transitions,Try a random approach to transitions,Ask peers about transitions first,A,"The correct approach for transitions is to follow established guidelines that ensure safety and developmental appropriateness, making Option A the best practice."
469,Difficult,What is the best practice for handwashing?,Use the recommended method for handwashing,Avoid the recommended method for handwashing,Try a random approach to handwashing,Ask peers about handwashing first,A,"The correct approach for handwashing is to follow established guidelines that ensure safety and developmental appropriateness, making Option A the best practice."
470,Intermediate,What is the best practice for inclusive play?,Use the recommended method for inclusive play,Avoid the recommended method for inclusive play,Try a random approach to inclusive play,Ask peers about inclusive play first,A,"The correct approach for inclusive play is to follow established guidelines that ensure safety and developmental appropriateness, making Option A the best practice."
471,Easy,What is the best practice for inclusive play?,Use the recommended method for inclusive play,Avoid the recommended method for inclusive play,Try a random approach to inclusive play,Ask peers about inclusive play first,A,"The correct approach for inclusive play is to follow established guidelines that ensure safety and developmental appropriateness, making Option A the best practice."
472,Intermediate,What is the best practice for attachment building?,Use the recommended method for attachment building,Avoid the recommended method for attachment building,Try a random approach to attachment building,Ask peers about attachment building first,A,"The correct approach for attachment building is to follow established guidelines that ensure safety and developmental appropriateness, making Option A the best practice."
473,Easy,What is the best practice for attachment building?,Use the recommended method for attachment building,Avoid the recommended method for attachment building,Try a random approach to attachment building,Ask peers about attachment building first,A,"The correct approach for attachment building is to follow established guidelines that ensure safety and developmental appropriateness, making Option A the best practice."
474,Intermediate,What is the best practice for handwashing?,Use the recommended method for handwashing,Avoid the recommended method for handwashing,Try a random approach to handwashing,Ask peers about handwashing first,A,"The correct approach for handwashing is to follow established guidelines that ensure safety and developmental appropriateness, making Option A the best practice."
475,Moderate,What is the best practice for handwashing?,Use the recommended method for handwashing,Avoid the recommended method for handwashing,Try a random approach to handwashing,Ask peers about handwashing first,A,"The correct approach for handwashing is to follow established guidelines that ensure safety and developmental appropriateness, making Option A the best practice."
476,Moderate,What is the best practice for inclusive play?,Use the recommended method for inclusive play,Avoid the recommended method for inclusive play,Try a random approach to inclusive play,Ask peers about inclusive play first,A,"The correct approach for inclusive play is to follow established guidelines that ensure safety and developmental appropriateness, making Option A the best practice."
477,Easy,What is the best practice for developmentally appropriate practice?,Use the recommended method for developmentally appropriate practice,Avoid the recommended method for developmentally appropriate practice,Try a random approach to developmentally appropriate practice,Ask peers about developmentally appropriate practice first,A,"The correct approach for developmentally appropriate practice is to follow established guidelines that ensure safety and developmental appropriateness, making Option A the best practice."
478,Intermediate,What is the best practice for diapering safety?,Use the recommended method for diapering safety,Avoid the recommended method for diapering safety,Try a random approach to diapering safety,Ask peers about diapering safety first,A,"The correct approach for diapering safety is to follow established guidelines that ensure safety and developmental appropriateness, making Option A the best practice."
479,Intermediate,What is the best practice for trauma-informed care?,Use the recommended method for trauma-informed care,Avoid the recommended method for trauma-informed care,Try a random approach to trauma-informed care,Ask peers about trauma-informed care first,A,"The correct approach for trauma-informed care is to follow established guidelines that ensure safety and developmental appropriateness, making Option A the best practice."
480,Intermediate,What is the best practice for observation techniques?,Use the recommended method for observation techniques,Avoid the recommended method for observation techniques,Try a random approach to observation techniques,Ask peers about observation techniques first,A,"The correct approach for observation techniques is to follow established guidelines that ensure safety and developmental appropriateness, making Option A the best practice."
481,Intermediate,What is the best practice for trauma-informed care?,Use the recommended method for trauma-informed care,Avoid the recommended method for trauma-informed care,Try a random approach to trauma-informed care,Ask peers about trauma-informed care first,A,"The correct approach for trauma-informed care is to follow established guidelines that ensure safety and developmental appropriateness, making Option A the best practice."
482,Difficult,What is the best practice for scaffolding?,Use the recommended method for scaffolding,Avoid the recommended method for scaffolding,Try a random approach to scaffolding,Ask peers about scaffolding first,A,"The correct approach for scaffolding is to follow established guidelines that ensure safety and developmental appropriateness, making Option A the best practice."
483,Moderate,What is the best practice for emergent literacy?,Use the recommended method for emergent literacy,Avoid the recommended method for emergent literacy,Try a random approach to emergent literacy,Ask peers about emergent literacy first,A,"The correct approach for emergent literacy is to follow established guidelines that ensure safety and developmental appropriateness, making Option A the best practice."
484,Intermediate,What is the best practice for emergent literacy?,Use the recommended method for emergent literacy,Avoid the recommended method for emergent literacy,Try a random approach to emergent literacy,Ask peers about emergent literacy first,A,"The correct approach for emergent literacy is to follow established guidelines that ensure safety and developmental appropriateness, making Option A the best practice."
485,Moderate,What is the best practice for diapering safety?,Use the recommended method for diapering safety,Avoid the recommended method for diapering safety,Try a random approach to diapering safety,Ask peers about diapering safety first,A,"The correct approach for diapering safety is to follow established guidelines that ensure safety and developmental appropriateness, making Option A the best practice."
486,Moderate,What is the best practice for developmentally appropriate practice?,Use the recommended method for developmentally appropriate practice,Avoid the recommended method for developmentally appropriate practice,Try a random approach to developmentally appropriate practice,Ask peers about developmentally appropriate practice first,A,"The correct approach for developmentally appropriate practice is to follow established guidelines that ensure safety and developmental appropriateness, making Option A the best practice."
487,Difficult,What is the best practice for gross motor skills?,Use the recommended method for gross motor skills,Avoid the recommended method for gross motor skills,Try a random approach to gross motor skills,Ask peers about gross motor skills first,A,"The correct approach for gross motor skills is to follow established guidelines that ensure safety and developmental appropriateness, making Option A the best practice."
488,Moderate,What is the best practice for scaffolding?,Use the recommended method for scaffolding,Avoid the recommended method for scaffolding,Try a random approach to scaffolding,Ask peers about scaffolding first,A,"The correct approach for scaffolding is to follow established guidelines that ensure safety and developmental appropriateness, making Option A the best practice."
489,Intermediate,What is the best practice for handwashing?,Use the recommended method for handwashing,Avoid the recommended method for handwashing,Try a random approach to handwashing,Ask peers about handwashing first,A,"The correct approach for handwashing is to follow established guidelines that ensure safety and developmental appropriateness, making Option A the best practice."
490,Intermediate,What is the best practice for attachment building?,Use the recommended method for attachment building,Avoid the recommended method for attachment building,Try a random approach to attachment building,Ask peers about attachment building first,A,"The correct approach for attachment building is to follow established guidelines that ensure safety and developmental appropriateness, making Option A the best practice."
491,Moderate,What is the best practice for observation techniques?,Use the recommended method for observation techniques,Avoid the recommended method for observation techniques,Try a random approach to observation techniques,Ask peers about observation techniques first,A,"The correct approach for observation techniques is to follow established guidelines that ensure safety and developmental appropriateness, making Option A the best practice."
492,Intermediate,What is the best practice for observation techniques?,Use the recommended method for observation techniques,Avoid the recommended method for observation techniques,Try a random approach to observation techniques,Ask peers about observation techniques first,A,"The correct approach for observation techniques is to follow established guidelines that ensure safety and developmental appropriateness, making Option A the best practice."
493,Intermediate,What is the best practice for positive reinforcement?,Use the recommended method for positive reinforcement,Avoid the recommended method for positive reinforcement,Try a random approach to positive reinforcement,Ask peers about positive reinforcement first,A,"The correct approach for positive reinforcement is to follow established guidelines that ensure safety and developmental appropriateness, making Option A the best practice."
494,Easy,What is the best practice for attachment building?,Use the recommended method for attachment building,Avoid the recommended method for attachment building,Try a random approach to attachment building,Ask peers about attachment building first,A,"The correct approach for attachment building is to follow established guidelines that ensure safety and developmental appropriateness, making Option A the best practice."
495,Difficult,What is the best practice for handwashing?,Use the recommended method for handwashing,Avoid the recommended method for handwashing,Try a random approach to handwashing,Ask peers about handwashing first,A,"The correct approach for handwashing is to follow established guidelines that ensure safety and developmental appropriateness, making Option A the best practice."
496,Easy,What is the best practice for fine motor skills?,Use the recommended method for fine motor skills,Avoid the recommended method for fine motor skills,Try a random approach to fine motor skills,Ask peers about fine motor skills first,A,"The correct approach for fine motor skills is to follow established guidelines that ensure safety and developmental appropriateness, making Option A the best practice."
497,Intermediate,What is the best practice for attachment building?,Use the recommended method for attachment building,Avoid the recommended method for attachment building,Try a random approach to attachment building,Ask peers about attachment building first,A,"The correct approach for attachment building is to follow established guidelines that ensure safety and developmental appropriateness, making Option A the best practice."
498,Intermediate,What is the best practice for emergent literacy?,Use the recommended method for emergent literacy,Avoid the recommended method for emergent literacy,Try a random approach to emergent literacy,Ask peers about emergent literacy first,A,"The correct approach for emergent literacy is to follow established guidelines that ensure safety and developmental appropriateness, making Option A the best practice."
499,Expert,What is the best practice for fine motor skills?,Use the recommended method for fine motor skills,Avoid the recommended method for fine motor skills,Try a random approach to fine motor skills,Ask peers about fine motor skills first,A,"The correct approach for fine motor skills is to follow established guidelines that ensure safety and developmental appropriateness, making Option A the best practice."
500,Moderate,What is the best practice for observation techniques?,Use the recommended method for observation techniques,Avoid the recommended method for observation techniques,Try a random approach to observation techniques,Ask peers about observation techniques first,A,"The correct approach for observation techniques is to follow established guidelines that ensure safety and developmental appropriateness, making Option A the best practice."
501,Intermediate,What is the best practice for fine motor skills?,Use the recommended method for fine motor skills,Avoid the recommended method for fine motor skills,Try a random approach to fine motor skills,Ask peers about fine motor skills first,A,"The correct approach for fine motor skills is to follow established guidelines that ensure safety and developmental appropriateness, making Option A the best practice."
502,Expert,What is the best practice for attachment building?,Use the recommended method for attachment building,Avoid the recommended method for attachment building,Try a random approach to attachment building,Ask peers about attachment building first,A,"The correct approach for attachment building is to follow established guidelines that ensure safety and developmental appropriateness, making Option A the best practice."
503,Easy,What is the best practice for attachment building?,Use the recommended method for attachment building,Avoid the recommended method for attachment building,Try a random approach to attachment building,Ask peers about attachment building first,A,"The correct approach for attachment building is to follow established guidelines that ensure safety and developmental appropriateness, making Option A the best practice."
504,Moderate,What is the best practice for trauma-informed care?,Use the recommended method for trauma-informed care,Avoid the recommended method for trauma-informed care,Try a random approach to trauma-informed care,Ask peers about trauma-informed care first,A,"The correct approach for trauma-informed care is to follow established guidelines that ensure safety and developmental appropriateness, making Option A the best practice."
505,Easy,What is the best practice for transitions?,Use the recommended method for transitions,Avoid the recommended method for transitions,Try a random approach to transitions,Ask peers about transitions first,A,"The correct approach for transitions is to follow established guidelines that ensure safety and developmental appropriateness, making Option A the best practice."
506,Difficult,What is the best practice for gross motor skills?,Use the recommended method for gross motor skills,Avoid the recommended method for gross motor skills,Try a random approach to gross motor skills,Ask peers about gross motor skills first,A,"The correct approach for gross motor skills is to follow established guidelines that ensure safety and developmental appropriateness, making Option A the best practice."
507,Moderate,What is the best practice for positive reinforcement?,Use the recommended method for positive reinforcement,Avoid the recommended method for positive reinforcement,Try a random approach to positive reinforcement,Ask peers about positive reinforcement first,A,"The correct approach for positive reinforcement is to follow established guidelines that ensure safety and developmental appropriateness, making Option A the best practice."
508,Difficult,What is the best practice for trauma-informed care?,Use the recommended method for trauma-informed care,Avoid the recommended method for trauma-informed care,Try a random approach to trauma-informed care,Ask peers about trauma-informed care first,A,"The correct approach for trauma-informed care is to follow established guidelines that ensure safety and developmental appropriateness, making Option A the best practice."
509,Moderate,What is the best practice for trauma-informed care?,Use the recommended method for trauma-informed care,Avoid the recommended method for trauma-informed care,Try a random approach to trauma-informed care,Ask peers about trauma-informed care first,A,"The correct approach for trauma-informed care is to follow established guidelines that ensure safety and developmental appropriateness, making Option A the best practice."
510,Difficult,What is the best practice for transitions?,Use the recommended method for transitions,Avoid the recommended method for transitions,Try a random approach to transitions,Ask peers about transitions first,A,"The correct approach for transitions is to follow established guidelines that ensure safety and developmental appropriateness, making Option A the best practice."
511,Moderate,What is the best practice for trauma-informed care?,Use the recommended method for trauma-informed care,Avoid the recommended method for trauma-informed care,Try a random approach to trauma-informed care,Ask peers about trauma-informed care first,A,"The correct approach for trauma-informed care is to follow established guidelines that ensure safety and developmental appropriateness, making Option A the best practice."
512,Intermediate,What is the best practice for attachment building?,Use the recommended method for attachment building,Avoid the recommended method for attachment building,Try a random approach to attachment building,Ask peers about attachment building first,A,"The correct approach for attachment building is to follow established guidelines that ensure safety and developmental appropriateness, making Option A the best practice."
513,Intermediate,What is the best practice for trauma-informed care?,Use the recommended method for trauma-informed care,Avoid the recommended method for trauma-informed care,Try a random approach to trauma-informed care,Ask peers about trauma-informed care first,A,"The correct approach for trauma-informed care is to follow established guidelines that ensure safety and developmental appropriateness, making Option A the best practice."
514,Intermediate,What is the best practice for positive reinforcement?,Use the recommended method for positive reinforcement,Avoid the recommended method for positive reinforcement,Try a random approach to positive reinforcement,Ask peers about positive reinforcement first,A,"The correct approach for positive reinforcement is to follow established guidelines that ensure safety and developmental appropriateness, making Option A the best practice."
515,Intermediate,What is the best practice for scaffolding?,Use the recommended method for scaffolding,Avoid the recommended method for scaffolding,Try a random approach to scaffolding,Ask peers about scaffolding first,A,"The correct approach for scaffolding is to follow established guidelines that ensure safety and developmental appropriateness, making Option A the best practice."
516,Intermediate,What is the best practice for positive reinforcement?,Use the recommended method for positive reinforcement,Avoid the recommended method for positive reinforcement,Try a random approach to positive reinforcement,Ask peers about positive reinforcement first,A,"The correct approach for positive reinforcement is to follow established guidelines that ensure safety and developmental appropriateness, making Option A the best practice."
517,Difficult,What is the best practice for handwashing?,Use the recommended method for handwashing,Avoid the recommended method for handwashing,Try a random approach to handwashing,Ask peers about handwashing first,A,"The correct approach for handwashing is to follow established guidelines that ensure safety and developmental appropriateness, making Option A the best practice."
518,Difficult,What is the best practice for positive reinforcement?,Use the recommended method for positive reinforcement,Avoid the recommended method for positive reinforcement,Try a random approach to positive reinforcement,Ask peers about positive reinforcement first,A,"The correct approach for positive reinforcement is to follow established guidelines that ensure safety and developmental appropriateness, making Option A the best practice."
519,Moderate,What is the best practice for attachment building?,Use the recommended method for attachment building,Avoid the recommended method for attachment building,Try a random approach to attachment building,Ask peers about attachment building first,A,"The correct approach for attachment building is to follow established guidelines that ensure safety and developmental appropriateness, making Option A the best practice."
520,Intermediate,What is the best practice for emergent literacy?,Use the recommended method for emergent literacy,Avoid the recommended method for emergent literacy,Try a random approach to emergent literacy,Ask peers about emergent literacy first,A,"The correct approach for emergent literacy is to follow established guidelines that ensure safety and developmental appropriateness, making Option A the best practice."
521,Moderate,What is the best practice for handwashing?,Use the recommended method for handwashing,Avoid the recommended method for handwashing,Try a random approach to handwashing,Ask peers about handwashing first,A,"The correct approach for handwashing is to follow established guidelines that ensure safety and developmental appropriateness, making Option A the best practice."
522,Difficult,What is the best practice for serve-and-return?,Use the recommended method for serve-and-return,Avoid the recommended method for serve-and-return,Try a random approach to serve-and-return,Ask peers about serve-and-return first,A,"The correct approach for serve-and-return is to follow established guidelines that ensure safety and developmental appropriateness, making Option A the best practice."
523,Intermediate,What is the best practice for attachment building?,Use the recommended method for attachment building,Avoid the recommended method for attachment building,Try a random approach to attachment building,Ask peers about attachment building first,A,"The correct approach for attachment building is to follow established guidelines that ensure safety and developmental appropriateness, making Option A the best practice."
524,Easy,What is the best practice for inclusive play?,Use the recommended method for inclusive play,Avoid the recommended method for inclusive play,Try a random approach to inclusive play,Ask peers about inclusive play first,A,"The correct approach for inclusive play is to follow established guidelines that ensure safety and developmental appropriateness, making Option A the best practice."
525,Easy,What is the best practice for formative assessment?,Use the recommended method for formative assessment,Avoid the recommended method for formative assessment,Try a random approach to formative assessment,Ask peers about formative assessment first,A,"The correct approach for formative assessment is to follow established guidelines that ensure safety and developmental appropriateness, making Option A the best practice."
526,Difficult,What is the best practice for formative assessment?,Use the recommended method for formative assessment,Avoid the recommended method for formative assessment,Try a random approach to formative assessment,Ask peers about formative assessment first,A,"The correct approach for formative assessment is to follow established guidelines that ensure safety and developmental appropriateness, making Option A the best practice."
527,Easy,What is the best practice for transitions?,Use the recommended method for transitions,Avoid the recommended method for transitions,Try a random approach to transitions,Ask peers about transitions first,A,"The correct approach for transitions is to follow established guidelines that ensure safety and developmental appropriateness, making Option A the best practice."
528,Moderate,What is the best practice for developmentally appropriate practice?,Use the recommended method for developmentally appropriate practice,Avoid the recommended method for developmentally appropriate practice,Try a random approach to developmentally appropriate practice,Ask peers about developmentally appropriate practice first,A,"The correct approach for developmentally appropriate practice is to follow established guidelines that ensure safety and developmental appropriateness, making Option A the best practice."
529,Intermediate,What is the best practice for inclusive play?,Use the recommended method for inclusive play,Avoid the recommended method for inclusive play,Try a random approach to inclusive play,Ask peers about inclusive play first,A,"The correct approach for inclusive play is to follow established guidelines that ensure safety and developmental appropriateness, making Option A the best practice."
530,Easy,What is the best practice for observation techniques?,Use the recommended method for observation techniques,Avoid the recommended method for observation techniques,Try a random approach to observation techniques,Ask peers about observation techniques first,A,"The correct approach for observation techniques is to follow established guidelines that ensure safety and developmental appropriateness, making Option A the best practice."
531,Easy,What is the best practice for gross motor skills?,Use the recommended method for gross motor skills,Avoid the recommended method for gross motor skills,Try a random approach to gross motor skills,Ask peers about gross motor skills first,A,"The correct approach for gross motor skills is to follow established guidelines that ensure safety and developmental appropriateness, making Option A the best practice."
532,Easy,What is the best practice for serve-and-return?,Use the recommended method for serve-and-return,Avoid the recommended method for serve-and-return,Try a random approach to serve-and-return,Ask peers about serve-and-return first,A,"The correct approach for serve-and-return is to follow established guidelines that ensure safety and developmental appropriateness, making Option A the best practice."
533,Easy,What is the best practice for fine motor skills?,Use the recommended method for fine motor skills,Avoid the recommended method for fine motor skills,Try a random approach to fine motor skills,Ask peers about fine motor skills first,A,"The correct approach for fine motor skills is to follow established guidelines that ensure safety and developmental appropriateness, making Option A the best practice."
534,Easy,What is the best practice for diapering safety?,Use the recommended method for diapering safety,Avoid the recommended method for diapering safety,Try a random approach to diapering safety,Ask peers about diapering safety first,A,"The correct approach for diapering safety is to follow established guidelines that ensure safety and developmental appropriateness, making Option A the best practice."
535,Expert,What is the best practice for formative assessment?,Use the recommended method for formative assessment,Avoid the recommended method for formative assessment,Try a random approach to formative assessment,Ask peers about formative assessment first,A,"The correct approach for formative assessment is to follow established guidelines that ensure safety and developmental appropriateness, making Option A the best practice."
536,Expert,What is the best practice for positive reinforcement?,Use the recommended method for positive reinforcement,Avoid the recommended method for positive reinforcement,Try a random approach to positive reinforcement,Ask peers about positive reinforcement first,A,"The correct approach for positive reinforcement is to follow established guidelines that ensure safety and developmental appropriateness, making Option A the best practice."
537,Moderate,What is the best practice for gross motor skills?,Use the recommended method for gross motor skills,Avoid the recommended method for gross motor skills,Try a random approach to gross motor skills,Ask peers about gross motor skills first,A,"The correct approach for gross motor skills is to follow established guidelines that ensure safety and developmental appropriateness, making Option A the best practice."
538,Difficult,What is the best practice for scaffolding?,Use the recommended method for scaffolding,Avoid the recommended method for scaffolding,Try a random approach to scaffolding,Ask peers about scaffolding first,A,"The correct approach for scaffolding is to follow established guidelines that ensure safety and developmental appropriateness, making Option A the best practice."
539,Intermediate,What is the best practice for gross motor skills?,Use the recommended method for gross motor skills,Avoid the recommended method for gross motor skills,Try a random approach to gross motor skills,Ask peers about gross motor skills first,A,"The correct approach for gross motor skills is to follow established guidelines that ensure safety and developmental appropriateness, making Option A the best practice."
540,Easy,What is the best practice for trauma-informed care?,Use the recommended method for trauma-informed care,Avoid the recommended method for trauma-informed care,Try a random approach to trauma-informed care,Ask peers about trauma-informed care first,A,"The correct approach for trauma-informed care is to follow established guidelines that ensure safety and developmental appropriateness, making Option A the best practice."
541,Easy,What is the best practice for attachment building?,Use the recommended method for attachment building,Avoid the recommended method for attachment building,Try a random approach to attachment building,Ask peers about attachment building first,A,"The correct approach for attachment building is to follow established guidelines that ensure safety and developmental appropriateness, making Option A the best practice."
542,Easy,What is the best practice for formative assessment?,Use the recommended method for formative assessment,Avoid the recommended method for formative assessment,Try a random approach to formative assessment,Ask peers about formative assessment first,A,"The correct approach for formative assessment is to follow established guidelines that ensure safety and developmental appropriateness, making Option A the best practice."
543,Intermediate,What is the best practice for observation techniques?,Use the recommended method for observation techniques,Avoid the recommended method for observation techniques,Try a random approach to observation techniques,Ask peers about observation techniques first,A,"The correct approach for observation techniques is to follow established guidelines that ensure safety and developmental appropriateness, making Option A the best practice."
544,Easy,What is the best practice for trauma-informed care?,Use the recommended method for trauma-informed care,Avoid the recommended method for trauma-informed care,Try a random approach to trauma-informed care,Ask peers about trauma-informed care first,A,"The correct approach for trauma-informed care is to follow established guidelines that ensure safety and developmental appropriateness, making Option A the best practice."
545,Easy,What is the best practice for handwashing?,Use the recommended method for handwashing,Avoid the recommended method for handwashing,Try a random approach to handwashing,Ask peers about handwashing first,A,"The correct approach for handwashing is to follow established guidelines that ensure safety and developmental appropriateness, making Option A the best practice."
546,Moderate,What is the best practice for handwashing?,Use the recommended method for handwashing,Avoid the recommended method for handwashing,Try a random approach to handwashing,Ask peers about handwashing first,A,"The correct approach for handwashing is to follow established guidelines that ensure safety and developmental appropriateness, making Option A the best practice."
547,Intermediate,What is the best practice for inclusive play?,Use the recommended method for inclusive play,Avoid the recommended method for inclusive play,Try a random approach to inclusive play,Ask peers about inclusive play first,A,"The correct approach for inclusive play is to follow established guidelines that ensure safety and developmental appropriateness, making Option A the best practice."
548,Expert,What is the best practice for positive reinforcement?,Use the recommended method for positive reinforcement,Avoid the recommended method for positive reinforcement,Try a random approach to positive reinforcement,Ask peers about positive reinforcement first,A,"The correct approach for positive reinforcement is to follow established guidelines that ensure safety and developmental appropriateness, making Option A the best practice."
549,Moderate,What is the best practice for transitions?,Use the recommended method for transitions,Avoid the recommended method for transitions,Try a random approach to transitions,Ask peers about transitions first,A,"The correct approach for transitions is to follow established guidelines that ensure safety and developmental appropriateness, making Option A the best practice."
550,Intermediate,What is the best practice for positive reinforcement?,Use the recommended method for positive reinforcement,Avoid the recommended method for positive reinforcement,Try a random approach to positive reinforcement,Ask peers about positive reinforcement first,A,"The correct approach for positive reinforcement is to follow established guidelines that ensure safety and developmental appropriateness, making Option A the best practice."
551,Difficult,What is the best practice for attachment building?,Use the recommended method for attachment building,Avoid the recommended method for attachment building,Try a random approach to attachment building,Ask peers about attachment building first,A,"The correct approach for attachment building is to follow established guidelines that ensure safety and developmental appropriateness, making Option A the best practice."
552,Intermediate,What is the best practice for emergent literacy?,Use the recommended method for emergent literacy,Avoid the recommended method for emergent literacy,Try a random approach to emergent literacy,Ask peers about emergent literacy first,A,"The correct approach for emergent literacy is to follow established guidelines that ensure safety and developmental appropriateness, making Option A the best practice."
553,Easy,What is the best practice for positive reinforcement?,Use the recommended method for positive reinforcement,Avoid the recommended method for positive reinforcement,Try a random approach to positive reinforcement,Ask peers about positive reinforcement first,A,"The correct approach for positive reinforcement is to follow established guidelines that ensure safety and developmental appropriateness, making Option A the best practice."
554,Intermediate,What is the best practice for formative assessment?,Use the recommended method for formative assessment,Avoid the recommended method for formative assessment,Try a random approach to formative assessment,Ask peers about formative assessment first,A,"The correct approach for formative assessment is to follow established guidelines that ensure safety and developmental appropriateness, making Option A the best practice."
555,Moderate,What is the best practice for serve-and-return?,Use the recommended method for serve-and-return,Avoid the recommended method for serve-and-return,Try a random approach to serve-and-return,Ask peers about serve-and-return first,A,"The correct approach for serve-and-return is to follow established guidelines that ensure safety and developmental appropriateness, making Option A the best practice."
556,Intermediate,What is the best practice for fine motor skills?,Use the recommended method for fine motor skills,Avoid the recommended method for fine motor skills,Try a random approach to fine motor skills,Ask peers about fine motor skills first,A,"The correct approach for fine motor skills is to follow established guidelines that ensure safety and developmental appropriateness, making Option A the best practice."
557,Easy,What is the best practice for scaffolding?,Use the recommended method for scaffolding,Avoid the recommended method for scaffolding,Try a random approach to scaffolding,Ask peers about scaffolding first,A,"The correct approach for scaffolding is to follow established guidelines that ensure safety and developmental appropriateness, making Option A the best practice."
558,Moderate,What is the best practice for handwashing?,Use the recommended method for handwashing,Avoid the recommended method for handwashing,Try a random approach to handwashing,Ask peers about handwashing first,A,"The correct approach for handwashing is to follow established guidelines that ensure safety and developmental appropriateness, making Option A the best practice."
559,Easy,What is the best practice for observation techniques?,Use the recommended method for observation techniques,Avoid the recommended method for observation techniques,Try a random approach to observation techniques,Ask peers about observation techniques first,A,"The correct approach for observation techniques is to follow established guidelines that ensure safety and developmental appropriateness, making Option A the best practice."
560,Intermediate,What is the best practice for trauma-informed care?,Use the recommended method for trauma-informed care,Avoid the recommended method for trauma-informed care,Try a random approach to trauma-informed care,Ask peers about trauma-informed care first,A,"The correct approach for trauma-informed care is to follow established guidelines that ensure safety and developmental appropriateness, making Option A the best practice."
561,Expert,What is the best practice for gross motor skills?,Use the recommended method for gross motor skills,Avoid the recommended method for gross motor skills,Try a random approach to gross motor skills,Ask peers about gross motor skills first,A,"The correct approach for gross motor skills is to follow established guidelines that ensure safety and developmental appropriateness, making Option A the best practice."
562,Moderate,What is the best practice for positive reinforcement?,Use the recommended method for positive reinforcement,Avoid the recommended method for positive reinforcement,Try a random approach to positive reinforcement,Ask peers about positive reinforcement first,A,"The correct approach for positive reinforcement is to follow established guidelines that ensure safety and developmental appropriateness, making Option A the best practice."
563,Moderate,What is the best practice for attachment building?,Use the recommended method for attachment building,Avoid the recommended method for attachment building,Try a random approach to attachment building,Ask peers about attachment building first,A,"The correct approach for attachment building is to follow established guidelines that ensure safety and developmental appropriateness, making Option A the best practice."
564,Moderate,What is the best practice for developmentally appropriate practice?,Use the recommended method for developmentally appropriate practice,Avoid the recommended method for developmentally appropriate practice,Try a random approach to developmentally appropriate practice,Ask peers about developmentally appropriate practice first,A,"The correct approach for developmentally appropriate practice is to follow established guidelines that ensure safety and developmental appropriateness, making Option A the best practice."
565,Easy,What is the best practice for positive reinforcement?,Use the recommended method for positive reinforcement,Avoid the recommended method for positive reinforcement,Try a random approach to positive reinforcement,Ask peers about positive reinforcement first,A,"The correct approach for positive reinforcement is to follow established guidelines that ensure safety and developmental appropriateness, making Option A the best practice."
566,Intermediate,What is the best practice for gross motor skills?,Use the recommended method for gross motor skills,Avoid the recommended method for gross motor skills,Try a random approach to gross motor skills,Ask peers about gross motor skills first,A,"The correct approach for gross motor skills is to follow established guidelines that ensure safety and developmental appropriateness, making Option A the best practice."
567,Easy,What is the best practice for handwashing?,Use the recommended method for handwashing,Avoid the recommended method for handwashing,Try a random approach to handwashing,Ask peers about handwashing first,A,"The correct approach for handwashing is to follow established guidelines that ensure safety and developmental appropriateness, making Option A the best practice."
568,Intermediate,What is the best practice for developmentally appropriate practice?,Use the recommended method for developmentally appropriate practice,Avoid the recommended method for developmentally appropriate practice,Try a random approach to developmentally appropriate practice,Ask peers about developmentally appropriate practice first,A,"The correct approach for developmentally appropriate practice is to follow established guidelines that ensure safety and developmental appropriateness, making Option A the best practice."
569,Expert,What is the best practice for formative assessment?,Use the recommended method for formative assessment,Avoid the recommended method for formative assessment,Try a random approach to formative assessment,Ask peers about formative assessment first,A,"The correct approach for formative assessment is to follow established guidelines that ensure safety and developmental appropriateness, making Option A the best practice."
570,Easy,What is the best practice for trauma-informed care?,Use the recommended method for trauma-informed care,Avoid the recommended method for trauma-informed care,Try a random approach to trauma-informed care,Ask peers about trauma-informed care first,A,"The correct approach for trauma-informed care is to follow established guidelines that ensure safety and developmental appropriateness, making Option A the best practice."
571,Expert,What is the best practice for trauma-informed care?,Use the recommended method for trauma-informed care,Avoid the recommended method for trauma-informed care,Try a random approach to trauma-informed care,Ask peers about trauma-informed care first,A,"The correct approach for trauma-informed care is to follow established guidelines that ensure safety and developmental appropriateness, making Option A the best practice."
572,Easy,What is the best practice for positive reinforcement?,Use the recommended method for positive reinforcement,Avoid the recommended method for positive reinforcement,Try a random approach to positive reinforcement,Ask peers about positive reinforcement first,A,"The correct approach for positive reinforcement is to follow established guidelines that ensure safety and developmental appropriateness, making Option A the best practice."
573,Difficult,What is the best practice for diapering safety?,Use the recommended method for diapering safety,Avoid the recommended method for diapering safety,Try a random approach to diapering safety,Ask peers about diapering safety first,A,"The correct approach for diapering safety is to follow established guidelines that ensure safety and developmental appropriateness, making Option A the best practice."
574,Intermediate,What is the best practice for handwashing?,Use the recommended method for handwashing,Avoid the recommended method for handwashing,Try a random approach to handwashing,Ask peers about handwashing first,A,"The correct approach for handwashing is to follow established guidelines that ensure safety and developmental appropriateness, making Option A the best practice."
575,Moderate,What is the best practice for attachment building?,Use the recommended method for attachment building,Avoid the recommended method for attachment building,Try a random approach to attachment building,Ask peers about attachment building first,A,"The correct approach for attachment building is to follow established guidelines that ensure safety and developmental appropriateness, making Option A the best practice."
576,Intermediate,What is the best practice for trauma-informed care?,Use the recommended method for trauma-informed care,Avoid the recommended method for trauma-informed care,Try a random approach to trauma-informed care,Ask peers about trauma-informed care first,A,"The correct approach for trauma-informed care is to follow established guidelines that ensure safety and developmental appropriateness, making Option A the best practice."
577,Expert,What is the best practice for diapering safety?,Use the recommended method for diapering safety,Avoid the recommended method for diapering safety,Try a random approach to diapering safety,Ask peers about diapering safety first,A,"The correct approach for diapering safety is to follow established guidelines that ensure safety and developmental appropriateness, making Option A the best practice."
578,Expert,What is the best practice for diapering safety?,Use the recommended method for diapering safety,Avoid the recommended method for diapering safety,Try a random approach to diapering safety,Ask peers about diapering safety first,A,"The correct approach for diapering safety is to follow established guidelines that ensure safety and developmental appropriateness, making Option A the best practice."
579,Moderate,What is the best practice for inclusive play?,Use the recommended method for inclusive play,Avoid the recommended method for inclusive play,Try a random approach to inclusive play,Ask peers about inclusive play first,A,"The correct approach for inclusive play is to follow established guidelines that ensure safety and developmental appropriateness, making Option A the best practice."
580,Intermediate,What is the best practice for positive reinforcement?,Use the recommended method for positive reinforcement,Avoid the recommended method for positive reinforcement,Try a random approach to positive reinforcement,Ask peers about positive reinforcement first,A,"The correct approach for positive reinforcement is to follow established guidelines that ensure safety and developmental appropriateness, making Option A the best practice."
581,Easy,What is the best practice for positive reinforcement?,Use the recommended method for positive reinforcement,Avoid the recommended method for positive reinforcement,Try a random approach to positive reinforcement,Ask peers about positive reinforcement first,A,"The correct approach for positive reinforcement is to follow established guidelines that ensure safety and developmental appropriateness, making Option A the best practice."
582,Easy,What is the best practice for developmentally appropriate practice?,Use the recommended method for developmentally appropriate practice,Avoid the recommended method for developmentally appropriate practice,Try a random approach to developmentally appropriate practice,Ask peers about developmentally appropriate practice first,A,"The correct approach for developmentally appropriate practice is to follow established guidelines that ensure safety and developmental appropriateness, making Option A the best practice."
583,Intermediate,What is the best practice for scaffolding?,Use the recommended method for scaffolding,Avoid the recommended method for scaffolding,Try a random approach to scaffolding,Ask peers about scaffolding first,A,"The correct approach for scaffolding is to follow established guidelines that ensure safety and developmental appropriateness, making Option A the best practice."
584,Moderate,What is the best practice for handwashing?,Use the recommended method for handwashing,Avoid the recommended method for handwashing,Try a random approach to handwashing,Ask peers about handwashing first,A,"The correct approach for handwashing is to follow established guidelines that ensure safety and developmental appropriateness, making Option A the best practice."
585,Difficult,What is the best practice for positive reinforcement?,Use the recommended method for positive reinforcement,Avoid the recommended method for positive reinforcement,Try a random approach to positive reinforcement,Ask peers about positive reinforcement first,A,"The correct approach for positive reinforcement is to follow established guidelines that ensure safety and developmental appropriateness, making Option A the best practice."
586,Easy,What is the best practice for inclusive play?,Use the recommended method for inclusive play,Avoid the recommended method for inclusive play,Try a random approach to inclusive play,Ask peers about inclusive play first,A,"The correct approach for inclusive play is to follow established guidelines that ensure safety and developmental appropriateness, making Option A the best practice."
587,Easy,What is the best practice for positive reinforcement?,Use the recommended method for positive reinforcement,Avoid the recommended method for positive reinforcement,Try a random approach to positive reinforcement,Ask peers about positive reinforcement first,A,"The correct approach for positive reinforcement is to follow established guidelines that ensure safety and developmental appropriateness, making Option A the best practice."
588,Moderate,What is the best practice for observation techniques?,Use the recommended method for observation techniques,Avoid the recommended method for observation techniques,Try a random approach to observation techniques,Ask peers about observation techniques first,A,"The correct approach for observation techniques is to follow established guidelines that ensure safety and developmental appropriateness, making Option A the best practice."
589,Easy,What is the best practice for observation techniques?,Use the recommended method for observation techniques,Avoid the recommended method for observation techniques,Try a random approach to observation techniques,Ask peers about observation techniques first,A,"The correct approach for observation techniques is to follow established guidelines that ensure safety and developmental appropriateness, making Option A the best practice."
590,Intermediate,What is the best practice for scaffolding?,Use the recommended method for scaffolding,Avoid the recommended method for scaffolding,Try a random approach to scaffolding,Ask peers about scaffolding first,A,"The correct approach for scaffolding is to follow established guidelines that ensure safety and developmental appropriateness, making Option A the best practice."
591,Expert,What is the best practice for emergent literacy?,Use the recommended method for emergent literacy,Avoid the recommended method for emergent literacy,Try a random approach to emergent literacy,Ask peers about emergent literacy first,A,"The correct approach for emergent literacy is to follow established guidelines that ensure safety and developmental appropriateness, making Option A the best practice."
592,Intermediate,What is the best practice for trauma-informed care?,Use the recommended method for trauma-informed care,Avoid the recommended method for trauma-informed care,Try a random approach to trauma-informed care,Ask peers about trauma-informed care first,A,"The correct approach for trauma-informed care is to follow established guidelines that ensure safety and developmental appropriateness, making Option A the best practice."
593,Easy,What is the best practice for trauma-informed care?,Use the recommended method for trauma-informed care,Avoid the recommended method for trauma-informed care,Try a random approach to trauma-informed care,Ask peers about trauma-informed care first,A,"The correct approach for trauma-informed care is to follow established guidelines that ensure safety and developmental appropriateness, making Option A the best practice."
594,Easy,What is the best practice for observation techniques?,Use the recommended method for observation techniques,Avoid the recommended method for observation techniques,Try a random approach to observation techniques,Ask peers about observation techniques first,A,"The correct approach for observation techniques is to follow established guidelines that ensure safety and developmental appropriateness, making Option A the best practice."
595,Easy,What is the best practice for inclusive play?,Use the recommended method for inclusive play,Avoid the recommended method for inclusive play,Try a random approach to inclusive play,Ask peers about inclusive play first,A,"The correct approach for inclusive play is to follow established guidelines that ensure safety and developmental appropriateness, making Option A the best practice."
596,Intermediate,What is the best practice for gross motor skills?,Use the recommended method for gross motor skills,Avoid the recommended method for gross motor skills,Try a random approach to gross motor skills,Ask peers about gross motor skills first,A,"The correct approach for gross motor skills is to follow established guidelines that ensure safety and developmental appropriateness, making Option A the best practice."
597,Difficult,What is the best practice for observation techniques?,Use the recommended method for observation techniques,Avoid the recommended method for observation techniques,Try a random approach to observation techniques,Ask peers about observation techniques first,A,"The correct approach for observation techniques is to follow established guidelines that ensure safety and developmental appropriateness, making Option A the best practice."
598,Moderate,What is the best practice for positive reinforcement?,Use the recommended method for positive reinforcement,Avoid the recommended method for positive reinforcement,Try a random approach to positive reinforcement,Ask peers about positive reinforcement first,A,"The correct approach for positive reinforcement is to follow established guidelines that ensure safety and developmental appropriateness, making Option A the best practice."
599,Moderate,What is the best practice for serve-and-return?,Use the recommended method for serve-and-return,Avoid the recommended method for serve-and-return,Try a random approach to serve-and-return,Ask peers about serve-and-return first,A,"The correct approach for serve-and-return is to follow established guidelines that ensure safety and developmental appropriateness, making Option A the best practice."
600,Intermediate,What is the best practice for scaffolding?,Use the recommended method for scaffolding,Avoid the recommended method for scaffolding,Try a random approach to scaffolding,Ask peers about scaffolding first,A,"The correct approach for scaffolding is to follow established guidelines that ensure safety and developmental appropriateness, making Option A the best practice."
601,Expert,What is the best practice for observation techniques?,Use the recommended method for observation techniques,Avoid the recommended method for observation techniques,Try a random approach to observation techniques,Ask peers about observation techniques first,A,"The correct approach for observation techniques is to follow established guidelines that ensure safety and developmental appropriateness, making Option A the best practice."
602,Intermediate,What is the best practice for gross motor skills?,Use the recommended method for gross motor skills,Avoid the recommended method for gross motor skills,Try a random approach to gross motor skills,Ask peers about gross motor skills first,A,"The correct approach for gross motor skills is to follow established guidelines that ensure safety and developmental appropriateness, making Option A the best practice."
603,Easy,What is the best practice for transitions?,Use the recommended method for transitions,Avoid the recommended method for transitions,Try a random approach to transitions,Ask peers about transitions first,A,"The correct approach for transitions is to follow established guidelines that ensure safety and developmental appropriateness, making Option A the best practice."
604,Easy,What is the best practice for attachment building?,Use the recommended method for attachment building,Avoid the recommended method for attachment building,Try a random approach to attachment building,Ask peers about attachment building first,A,"The correct approach for attachment building is to follow established guidelines that ensure safety and developmental appropriateness, making Option A the best practice."
605,Intermediate,What is the best practice for handwashing?,Use the recommended method for handwashing,Avoid the recommended method for handwashing,Try a random approach to handwashing,Ask peers about handwashing first,A,"The correct approach for handwashing is to follow established guidelines that ensure safety and developmental appropriateness, making Option A the best practice."
606,Difficult,What is the best practice for handwashing?,Use the recommended method for handwashing,Avoid the recommended method for handwashing,Try a random approach to handwashing,Ask peers about handwashing first,A,"The correct approach for handwashing is to follow established guidelines that ensure safety and developmental appropriateness, making Option A the best practice."
607,Easy,What is the best practice for gross motor skills?,Use the recommended method for gross motor skills,Avoid the recommended method for gross motor skills,Try a random approach to gross motor skills,Ask peers about gross motor skills first,A,"The correct approach for gross motor skills is to follow established guidelines that ensure safety and developmental appropriateness, making Option A the best practice."
608,Moderate,What is the best practice for trauma-informed care?,Use the recommended method for trauma-informed care,Avoid the recommended method for trauma-informed care,Try a random approach to trauma-informed care,Ask peers about trauma-informed care first,A,"The correct approach for trauma-informed care is to follow established guidelines that ensure safety and developmental appropriateness, making Option A the best practice."
609,Easy,What is the best practice for gross motor skills?,Use the recommended method for gross motor skills,Avoid the recommended method for gross motor skills,Try a random approach to gross motor skills,Ask peers about gross motor skills first,A,"The correct approach for gross motor skills is to follow established guidelines that ensure safety and developmental appropriateness, making Option A the best practice."
610,Expert,What is the best practice for gross motor skills?,Use the recommended method for gross motor skills,Avoid the recommended method for gross motor skills,Try a random approach to gross motor skills,Ask peers about gross motor skills first,A,"The correct approach for gross motor skills is to follow established guidelines that ensure safety and developmental appropriateness, making Option A the best practice."
611,Moderate,What is the best practice for formative assessment?,Use the recommended method for formative assessment,Avoid the recommended method for formative assessment,Try a random approach to formative assessment,Ask peers about formative assessment first,A,"The correct approach for formative assessment is to follow established guidelines that ensure safety and developmental appropriateness, making Option A the best practice."
612,Intermediate,What is the best practice for inclusive play?,Use the recommended method for inclusive play,Avoid the recommended method for inclusive play,Try a random approach to inclusive play,Ask peers about inclusive play first,A,"The correct approach for inclusive play is to follow established guidelines that ensure safety and developmental appropriateness, making Option A the best practice."
613,Difficult,What is the best practice for attachment building?,Use the recommended method for attachment building,Avoid the recommended method for attachment building,Try a random approach to attachment building,Ask peers about attachment building first,A,"The correct approach for attachment building is to follow established guidelines that ensure safety and developmental appropriateness, making Option A the best practice."
614,Intermediate,What is the best practice for trauma-informed care?,Use the recommended method for trauma-informed care,Avoid the recommended method for trauma-informed care,Try a random approach to trauma-informed care,Ask peers about trauma-informed care first,A,"The correct approach for trauma-informed care is to follow established guidelines that ensure safety and developmental appropriateness, making Option A the best practice."
615,Moderate,What is the best practice for handwashing?,Use the recommended method for handwashing,Avoid the recommended method for handwashing,Try a random approach to handwashing,Ask peers about handwashing first,A,"The correct approach for handwashing is to follow established guidelines that ensure safety and developmental appropriateness, making Option A the best practice."
616,Difficult,What is the best practice for scaffolding?,Use the recommended method for scaffolding,Avoid the recommended method for scaffolding,Try a random approach to scaffolding,Ask peers about scaffolding first,A,"The correct approach for scaffolding is to follow established guidelines that ensure safety and developmental appropriateness, making Option A the best practice."
617,Easy,What is the best practice for handwashing?,Use the recommended method for handwashing,Avoid the recommended method for handwashing,Try a random approach to handwashing,Ask peers about handwashing first,A,"The correct approach for handwashing is to follow established guidelines that ensure safety and developmental appropriateness, making Option A the best practice."
618,Moderate,What is the best practice for inclusive play?,Use the recommended method for inclusive play,Avoid the recommended method for inclusive play,Try a random approach to inclusive play,Ask peers about inclusive play first,A,"The correct approach for inclusive play is to follow established guidelines that ensure safety and developmental appropriateness, making Option A the best practice."
619,Easy,What is the best practice for serve-and-return?,Use the recommended method for serve-and-return,Avoid the recommended method for serve-and-return,Try a random approach to serve-and-return,Ask peers about serve-and-return first,A,"The correct approach for serve-and-return is to follow established guidelines that ensure safety and developmental appropriateness, making Option A the best practice."
620,Moderate,What is the best practice for attachment building?,Use the recommended method for attachment building,Avoid the recommended method for attachment building,Try a random approach to attachment building,Ask peers about attachment building first,A,"The correct approach for attachment building is to follow established guidelines that ensure safety and developmental appropriateness, making Option A the best practice."
621,Easy,What is the best practice for handwashing?,Use the recommended method for handwashing,Avoid the recommended method for handwashing,Try a random approach to handwashing,Ask peers about handwashing first,A,"The correct approach for handwashing is to follow established guidelines that ensure safety and developmental appropriateness, making Option A the best practice."
622,Difficult,What is the best practice for inclusive play?,Use the recommended method for inclusive play,Avoid the recommended method for inclusive play,Try a random approach to inclusive play,Ask peers about inclusive play first,A,"The correct approach for inclusive play is to follow established guidelines that ensure safety and developmental appropriateness, making Option A the best practice."
623,Intermediate,What is the best practice for developmentally appropriate practice?,Use the recommended method for developmentally appropriate practice,Avoid the recommended method for developmentally appropriate practice,Try a random approach to developmentally appropriate practice,Ask peers about developmentally appropriate practice first,A,"The correct approach for developmentally appropriate practice is to follow established guidelines that ensure safety and developmental appropriateness, making Option A the best practice."
624,Intermediate,What is the best practice for emergent literacy?,Use the recommended method for emergent literacy,Avoid the recommended method for emergent literacy,Try a random approach to emergent literacy,Ask peers about emergent literacy first,A,"The correct approach for emergent literacy is to follow established guidelines that ensure safety and developmental appropriateness, making Option A the best practice."
625,Easy,What is the best practice for serve-and-return?,Use the recommended method for serve-and-return,Avoid the recommended method for serve-and-return,Try a random approach to serve-and-return,Ask peers about serve-and-return first,A,"The correct approach for serve-and-return is to follow established guidelines that ensure safety and developmental appropriateness, making Option A the best practice."
626,Difficult,What is the best practice for developmentally appropriate practice?,Use the recommended method for developmentally appropriate practice,Avoid the recommended method for developmentally appropriate practice,Try a random approach to developmentally appropriate practice,Ask peers about developmentally appropriate practice first,A,"The correct approach for developmentally appropriate practice is to follow established guidelines that ensure safety and developmental appropriateness, making Option A the best practice."
627,Intermediate,What is the best practice for inclusive play?,Use the recommended method for inclusive play,Avoid the recommended method for inclusive play,Try a random approach to inclusive play,Ask peers about inclusive play first,A,"The correct approach for inclusive play is to follow established guidelines that ensure safety and developmental appropriateness, making Option A the best practice."
628,Easy,What is the best practice for emergent literacy?,Use the recommended method for emergent literacy,Avoid the recommended method for emergent literacy,Try a random approach to emergent literacy,Ask peers about emergent literacy first,A,"The correct approach for emergent literacy is to follow established guidelines that ensure safety and developmental appropriateness, making Option A the best practice."
629,Difficult,What is the best practice for observation techniques?,Use the recommended method for observation techniques,Avoid the recommended method for observation techniques,Try a random approach to observation techniques,Ask peers about observation techniques first,A,"The correct approach for observation techniques is to follow established guidelines that ensure safety and developmental appropriateness, making Option A the best practice."
630,Expert,What is the best practice for attachment building?,Use the recommended method for attachment building,Avoid the recommended method for attachment building,Try a random approach to attachment building,Ask peers about attachment building first,A,"The correct approach for attachment building is to follow established guidelines that ensure safety and developmental appropriateness, making Option A the best practice."
631,Expert,What is the best practice for inclusive play?,Use the recommended method for inclusive play,Avoid the recommended method for inclusive play,Try a random approach to inclusive play,Ask peers about inclusive play first,A,"The correct approach for inclusive play is to follow established guidelines that ensure safety and developmental appropriateness, making Option A the best practice."
632,Easy,What is the best practice for trauma-informed care?,Use the recommended method for trauma-informed care,Avoid the recommended method for trauma-informed care,Try a random approach to trauma-informed care,Ask peers about trauma-informed care first,A,"The correct approach for trauma-informed care is to follow established guidelines that ensure safety and developmental appropriateness, making Option A the best practice."
633,Difficult,What is the best practice for observation techniques?,Use the recommended method for observation techniques,Avoid the recommended method for observation techniques,Try a random approach to observation techniques,Ask peers about observation techniques first,A,"The correct approach for observation techniques is to follow established guidelines that ensure safety and developmental appropriateness, making Option A the best practice."
634,Easy,What is the best practice for formative assessment?,Use the recommended method for formative assessment,Avoid the recommended method for formative assessment,Try a random approach to formative assessment,Ask peers about formative assessment first,A,"The correct approach for formative assessment is to follow established guidelines that ensure safety and developmental appropriateness, making Option A the best practice."
635,Difficult,What is the best practice for diapering safety?,Use the recommended method for diapering safety,Avoid the recommended method for diapering safety,Try a random approach to diapering safety,Ask peers about diapering safety first,A,"The correct approach for diapering safety is to follow established guidelines that ensure safety and developmental appropriateness, making Option A the best practice."
636,Moderate,What is the best practice for inclusive play?,Use the recommended method for inclusive play,Avoid the recommended method for inclusive play,Try a random approach to inclusive play,Ask peers about inclusive play first,A,"The correct approach for inclusive play is to follow established guidelines that ensure safety and developmental appropriateness, making Option A the best practice."
637,Easy,What is the best practice for handwashing?,Use the recommended method for handwashing,Avoid the recommended method for handwashing,Try a random approach to handwashing,Ask peers about handwashing first,A,"The correct approach for handwashing is to follow established guidelines that ensure safety and developmental appropriateness, making Option A the best practice."
638,Easy,What is the best practice for trauma-informed care?,Use the recommended method for trauma-informed care,Avoid the recommended method for trauma-informed care,Try a random approach to trauma-informed care,Ask peers about trauma-informed care first,A,"The correct approach for trauma-informed care is to follow established guidelines that ensure safety and developmental appropriateness, making Option A the best practice."
639,Intermediate,What is the best practice for formative assessment?,Use the recommended method for formative assessment,Avoid the recommended method for formative assessment,Try a random approach to formative assessment,Ask peers about formative assessment first,A,"The correct approach for formative assessment is to follow established guidelines that ensure safety and developmental appropriateness, making Option A the best practice."
640,Easy,What is the best practice for attachment building?,Use the recommended method for attachment building,Avoid the recommended method for attachment building,Try a random approach to attachment building,Ask peers about attachment building first,A,"The correct approach for attachment building is to follow established guidelines that ensure safety and developmental appropriateness, making Option A the best practice."
641,Intermediate,What is the best practice for formative assessment?,Use the recommended method for formative assessment,Avoid the recommended method for formative assessment,Try a random approach to formative assessment,Ask peers about formative assessment first,A,"The correct approach for formative assessment is to follow established guidelines that ensure safety and developmental appropriateness, making Option A the best practice."
642,Easy,What is the best practice for trauma-informed care?,Use the recommended method for trauma-informed care,Avoid the recommended method for trauma-informed care,Try a random approach to trauma-informed care,Ask peers about trauma-informed care first,A,"The correct approach for trauma-informed care is to follow established guidelines that ensure safety and developmental appropriateness, making Option A the best practice."
643,Moderate,What is the best practice for transitions?,Use the recommended method for transitions,Avoid the recommended method for transitions,Try a random approach to transitions,Ask peers about transitions first,A,"The correct approach for transitions is to follow established guidelines that ensure safety and developmental appropriateness, making Option A the best practice."
644,Easy,What is the best practice for scaffolding?,Use the recommended method for scaffolding,Avoid the recommended method for scaffolding,Try a random approach to scaffolding,Ask peers about scaffolding first,A,"The correct approach for scaffolding is to follow established guidelines that ensure safety and developmental appropriateness, making Option A the best practice."
645,Difficult,What is the best practice for fine motor skills?,Use the recommended method for fine motor skills,Avoid the recommended method for fine motor skills,Try a random approach to fine motor skills,Ask peers about fine motor skills first,A,"The correct approach for fine motor skills is to follow established guidelines that ensure safety and developmental appropriateness, making Option A the best practice."
646,Expert,What is the best practice for serve-and-return?,Use the recommended method for serve-and-return,Avoid the recommended method for serve-and-return,Try a random approach to serve-and-return,Ask peers about serve-and-return first,A,"The correct approach for serve-and-return is to follow established guidelines that ensure safety and developmental appropriateness, making Option A the best practice."
647,Easy,What is the best practice for handwashing?,Use the recommended method for handwashing,Avoid the recommended method for handwashing,Try a random approach to handwashing,Ask peers about handwashing first,A,"The correct approach for handwashing is to follow established guidelines that ensure safety and developmental appropriateness, making Option A the best practice."
648,Intermediate,What is the best practice for inclusive play?,Use the recommended method for inclusive play,Avoid the recommended method for inclusive play,Try a random approach to inclusive play,Ask peers about inclusive play first,A,"The correct approach for inclusive play is to follow established guidelines that ensure safety and developmental appropriateness, making Option A the best practice."
649,Expert,What is the best practice for scaffolding?,Use the recommended method for scaffolding,Avoid the recommended method for scaffolding,Try a random approach to scaffolding,Ask peers about scaffolding first,A,"The correct approach for scaffolding is to follow established guidelines that ensure safety and developmental appropriateness, making Option A the best practice."
650,Easy,What is the best practice for serve-and-return?,Use the recommended method for serve-and-return,Avoid the recommended method for serve-and-return,Try a random approach to serve-and-return,Ask peers about serve-and-return first,A,"The correct approach for serve-and-return is to follow established guidelines that ensure safety and developmental appropriateness, making Option A the best practice."
651,Intermediate,What is the best practice for emergent literacy?,Use the recommended method for emergent literacy,Avoid the recommended method for emergent literacy,Try a random approach to emergent literacy,Ask peers about emergent literacy first,A,"The correct approach for emergent literacy is to follow established guidelines that ensure safety and developmental appropriateness, making Option A the best practice."
652,Difficult,What is the best practice for scaffolding?,Use the recommended method for scaffolding,Avoid the recommended method for scaffolding,Try a random approach to scaffolding,Ask peers about scaffolding first,A,"The correct approach for scaffolding is to follow established guidelines that ensure safety and developmental appropriateness, making Option A the best practice."
653,Easy,What is the best practice for gross motor skills?,Use the recommended method for gross motor skills,Avoid the recommended method for gross motor skills,Try a random approach to gross motor skills,Ask peers about gross motor skills first,A,"The correct approach for gross motor skills is to follow established guidelines that ensure safety and developmental appropriateness, making Option A the best practice."
654,Intermediate,What is the best practice for positive reinforcement?,Use the recommended method for positive reinforcement,Avoid the recommended method for positive reinforcement,Try a random approach to positive reinforcement,Ask peers about positive reinforcement first,A,"The correct approach for positive reinforcement is to follow established guidelines that ensure safety and developmental appropriateness, making Option A the best practice."
655,Moderate,What is the best practice for fine motor skills?,Use the recommended method for fine motor skills,Avoid the recommended method for fine motor skills,Try a random approach to fine motor skills,Ask peers about fine motor skills first,A,"The correct approach for fine motor skills is to follow established guidelines that ensure safety and developmental appropriateness, making Option A the best practice."
656,Easy,What is the best practice for formative assessment?,Use the recommended method for formative assessment,Avoid the recommended method for formative assessment,Try a random approach to formative assessment,Ask peers about formative assessment first,A,"The correct approach for formative assessment is to follow established guidelines that ensure safety and developmental appropriateness, making Option A the best practice."
657,Difficult,What is the best practice for observation techniques?,Use the recommended method for observation techniques,Avoid the recommended method for observation techniques,Try a random approach to observation techniques,Ask peers about observation techniques first,A,"The correct approach for observation techniques is to follow established guidelines that ensure safety and developmental appropriateness, making Option A the best practice."
658,Difficult,What is the best practice for transitions?,Use the recommended method for transitions,Avoid the recommended method for transitions,Try a random approach to transitions,Ask peers about transitions first,A,"The correct approach for transitions is to follow established guidelines that ensure safety and developmental appropriateness, making Option A the best practice."
659,Easy,What is the best practice for emergent literacy?,Use the recommended method for emergent literacy,Avoid the recommended method for emergent literacy,Try a random approach to emergent literacy,Ask peers about emergent literacy first,A,"The correct approach for emergent literacy is to follow established guidelines that ensure safety and developmental appropriateness, making Option A the best practice."
660,Difficult,What is the best practice for observation techniques?,Use the recommended method for observation techniques,Avoid the recommended method for observation techniques,Try a random approach to observation techniques,Ask peers about observation techniques first,A,"The correct approach for observation techniques is to follow established guidelines that ensure safety and developmental appropriateness, making Option A the best practice."
661,Easy,What is the best practice for trauma-informed care?,Use the recommended method for trauma-informed care,Avoid the recommended method for trauma-informed care,Try a random approach to trauma-informed care,Ask peers about trauma-informed care first,A,"The correct approach for trauma-informed care is to follow established guidelines that ensure safety and developmental appropriateness, making Option A the best practice."
662,Easy,What is the best practice for gross motor skills?,Use the recommended method for gross motor skills,Avoid the recommended method for gross motor skills,Try a random approach to gross motor skills,Ask peers about gross motor skills first,A,"The correct approach for gross motor skills is to follow established guidelines that ensure safety and developmental appropriateness, making Option A the best practice."
663,Moderate,What is the best practice for scaffolding?,Use the recommended method for scaffolding,Avoid the recommended method for scaffolding,Try a random approach to scaffolding,Ask peers about scaffolding first,A,"The correct approach for scaffolding is to follow established guidelines that ensure safety and developmental appropriateness, making Option A the best practice."
664,Intermediate,What is the best practice for gross motor skills?,Use the recommended method for gross motor skills,Avoid the recommended method for gross motor skills,Try a random approach to gross motor skills,Ask peers about gross motor skills first,A,"The correct approach for gross motor skills is to follow established guidelines that ensure safety and developmental appropriateness, making Option A the best practice."
665,Easy,What is the best practice for formative assessment?,Use the recommended method for formative assessment,Avoid the recommended method for formative assessment,Try a random approach to formative assessment,Ask peers about formative assessment first,A,"The correct approach for formative assessment is to follow established guidelines that ensure safety and developmental appropriateness, making Option A the best practice."
666,Intermediate,What is the best practice for handwashing?,Use the recommended method for handwashing,Avoid the recommended method for handwashing,Try a random approach to handwashing,Ask peers about handwashing first,A,"The correct approach for handwashing is to follow established guidelines that ensure safety and developmental appropriateness, making Option A the best practice."
667,Easy,What is the best practice for emergent literacy?,Use the recommended method for emergent literacy,Avoid the recommended method for emergent literacy,Try a random approach to emergent literacy,Ask peers about emergent literacy first,A,"The correct approach for emergent literacy is to follow established guidelines that ensure safety and developmental appropriateness, making Option A the best practice."
668,Difficult,What is the best practice for positive reinforcement?,Use the recommended method for positive reinforcement,Avoid the recommended method for positive reinforcement,Try a random approach to positive reinforcement,Ask peers about positive reinforcement first,A,"The correct approach for positive reinforcement is to follow established guidelines that ensure safety and developmental appropriateness, making Option A the best practice."
669,Difficult,What is the best practice for developmentally appropriate practice?,Use the recommended method for developmentally appropriate practice,Avoid the recommended method for developmentally appropriate practice,Try a random approach to developmentally appropriate practice,Ask peers about developmentally appropriate practice first,A,"The correct approach for developmentally appropriate practice is to follow established guidelines that ensure safety and developmental appropriateness, making Option A the best practice."
670,Intermediate,What is the best practice for scaffolding?,Use the recommended method for scaffolding,Avoid the recommended method for scaffolding,Try a random approach to scaffolding,Ask peers about scaffolding first,A,"The correct approach for scaffolding is to follow established guidelines that ensure safety and developmental appropriateness, making Option A the best practice."
671,Moderate,What is the best practice for fine motor skills?,Use the recommended method for fine motor skills,Avoid the recommended method for fine motor skills,Try a random approach to fine motor skills,Ask peers about fine motor skills first,A,"The correct approach for fine motor skills is to follow established guidelines that ensure safety and developmental appropriateness, making Option A the best practice."
672,Easy,What is the best practice for trauma-informed care?,Use the recommended method for trauma-informed care,Avoid the recommended method for trauma-informed care,Try a random approach to trauma-informed care,Ask peers about trauma-informed care first,A,"The correct approach for trauma-informed care is to follow established guidelines that ensure safety and developmental appropriateness, making Option A the best practice."
673,Moderate,What is the best practice for attachment building?,Use the recommended method for attachment building,Avoid the recommended method for attachment building,Try a random approach to attachment building,Ask peers about attachment building first,A,"The correct approach for attachment building is to follow established guidelines that ensure safety and developmental appropriateness, making Option A the best practice."
674,Easy,What is the best practice for transitions?,Use the recommended method for transitions,Avoid the recommended method for transitions,Try a random approach to transitions,Ask peers about transitions first,A,"The correct approach for transitions is to follow established guidelines that ensure safety and developmental appropriateness, making Option A the best practice."
675,Easy,What is the best practice for observation techniques?,Use the recommended method for observation techniques,Avoid the recommended method for observation techniques,Try a random approach to observation techniques,Ask peers about observation techniques first,A,"The correct approach for observation techniques is to follow established guidelines that ensure safety and developmental appropriateness, making Option A the best practice."
676,Moderate,What is the best practice for observation techniques?,Use the recommended method for observation techniques,Avoid the recommended method for observation techniques,Try a random approach to observation techniques,Ask peers about observation techniques first,A,"The correct approach for observation techniques is to follow established guidelines that ensure safety and developmental appropriateness, making Option A the best practice."
677,Difficult,What is the best practice for trauma-informed care?,Use the recommended method for trauma-informed care,Avoid the recommended method for trauma-informed care,Try a random approach to trauma-informed care,Ask peers about trauma-informed care first,A,"The correct approach for trauma-informed care is to follow established guidelines that ensure safety and developmental appropriateness, making Option A the best practice."
678,Intermediate,What is the best practice for inclusive play?,Use the recommended method for inclusive play,Avoid the recommended method for inclusive play,Try a random approach to inclusive play,Ask peers about inclusive play first,A,"The correct approach for inclusive play is to follow established guidelines that ensure safety and developmental appropriateness, making Option A the best practice."
679,Intermediate,What is the best practice for handwashing?,Use the recommended method for handwashing,Avoid the recommended method for handwashing,Try a random approach to handwashing,Ask peers about handwashing first,A,"The correct approach for handwashing is to follow established guidelines that ensure safety and developmental appropriateness, making Option A the best practice."
680,Expert,What is the best practice for handwashing?,Use the recommended method for handwashing,Avoid the recommended method for handwashing,Try a random approach to handwashing,Ask peers about handwashing first,A,"The correct approach for handwashing is to follow established guidelines that ensure safety and developmental appropriateness, making Option A the best practice."
681,Easy,What is the best practice for formative assessment?,Use the recommended method for formative assessment,Avoid the recommended method for formative assessment,Try a random approach to formative assessment,Ask peers about formative assessment first,A,"The correct approach for formative assessment is to follow established guidelines that ensure safety and developmental appropriateness, making Option A the best practice."
682,Easy,What is the best practice for serve-and-return?,Use the recommended method for serve-and-return,Avoid the recommended method for serve-and-return,Try a random approach to serve-and-return,Ask peers about serve-and-return first,A,"The correct approach for serve-and-return is to follow established guidelines that ensure safety and developmental appropriateness, making Option A the best practice."
683,Easy,What is the best practice for trauma-informed care?,Use the recommended method for trauma-informed care,Avoid the recommended method for trauma-informed care,Try a random approach to trauma-informed care,Ask peers about trauma-informed care first,A,"The correct approach for trauma-informed care is to follow established guidelines that ensure safety and developmental appropriateness, making Option A the best practice."
684,Moderate,What is the best practice for positive reinforcement?,Use the recommended method for positive reinforcement,Avoid the recommended method for positive reinforcement,Try a random approach to positive reinforcement,Ask peers about positive reinforcement first,A,"The correct approach for positive reinforcement is to follow established guidelines that ensure safety and developmental appropriateness, making Option A the best practice."
685,Moderate,What is the best practice for handwashing?,Use the recommended method for handwashing,Avoid the recommended method for handwashing,Try a random approach to handwashing,Ask peers about handwashing first,A,"The correct approach for handwashing is to follow established guidelines that ensure safety and developmental appropriateness, making Option A the best practice."
686,Intermediate,What is the best practice for fine motor skills?,Use the recommended method for fine motor skills,Avoid the recommended method for fine motor skills,Try a random approach to fine motor skills,Ask peers about fine motor skills first,A,"The correct approach for fine motor skills is to follow established guidelines that ensure safety and developmental appropriateness, making Option A the best practice."
687,Difficult,What is the best practice for gross motor skills?,Use the recommended method for gross motor skills,Avoid the recommended method for gross motor skills,Try a random approach to gross motor skills,Ask peers about gross motor skills first,A,"The correct approach for gross motor skills is to follow established guidelines that ensure safety and developmental appropriateness, making Option A the best practice."
688,Expert,What is the best practice for serve-and-return?,Use the recommended method for serve-and-return,Avoid the recommended method for serve-and-return,Try a random approach to serve-and-return,Ask peers about serve-and-return first,A,"The correct approach for serve-and-return is to follow established guidelines that ensure safety and developmental appropriateness, making Option A the best practice."
689,Expert,What is the best practice for developmentally appropriate practice?,Use the recommended method for developmentally appropriate practice,Avoid the recommended method for developmentally appropriate practice,Try a random approach to developmentally appropriate practice,Ask peers about developmentally appropriate practice first,A,"The correct approach for developmentally appropriate practice is to follow established guidelines that ensure safety and developmental appropriateness, making Option A the best practice."
690,Moderate,What is the best practice for positive reinforcement?,Use the recommended method for positive reinforcement,Avoid the recommended method for positive reinforcement,Try a random approach to positive reinforcement,Ask peers about positive reinforcement first,A,"The correct approach for positive reinforcement is to follow established guidelines that ensure safety and developmental appropriateness, making Option A the best practice."
691,Intermediate,What is the best practice for diapering safety?,Use the recommended method for diapering safety,Avoid the recommended method for diapering safety,Try a random approach to diapering safety,Ask peers about diapering safety first,A,"The correct approach for diapering safety is to follow established guidelines that ensure safety and developmental appropriateness, making Option A the best practice."
692,Difficult,What is the best practice for developmentally appropriate practice?,Use the recommended method for developmentally appropriate practice,Avoid the recommended method for developmentally appropriate practice,Try a random approach to developmentally appropriate practice,Ask peers about developmentally appropriate practice first,A,"The correct approach for developmentally appropriate practice is to follow established guidelines that ensure safety and developmental appropriateness, making Option A the best practice."
693,Easy,What is the best practice for gross motor skills?,Use the recommended method for gross motor skills,Avoid the recommended method for gross motor skills,Try a random approach to gross motor skills,Ask peers about gross motor skills first,A,"The correct approach for gross motor skills is to follow established guidelines that ensure safety and developmental appropriateness, making Option A the best practice."
694,Intermediate,What is the best practice for diapering safety?,Use the recommended method for diapering safety,Avoid the recommended method for diapering safety,Try a random approach to diapering safety,Ask peers about diapering safety first,A,"The correct approach for diapering safety is to follow established guidelines that ensure safety and developmental appropriateness, making Option A the best practice."
695,Difficult,What is the best practice for formative assessment?,Use the recommended method for formative assessment,Avoid the recommended method for formative assessment,Try a random approach to formative assessment,Ask peers about formative assessment first,A,"The correct approach for formative assessment is to follow established guidelines that ensure safety and developmental appropriateness, making Option A the best practice."
696,Easy,What is the best practice for inclusive play?,Use the recommended method for inclusive play,Avoid the recommended method for inclusive play,Try a random approach to inclusive play,Ask peers about inclusive play first,A,"The correct approach for inclusive play is to follow established guidelines that ensure safety and developmental appropriateness, making Option A the best practice."
697,Intermediate,What is the best practice for observation techniques?,Use the recommended method for observation techniques,Avoid the recommended method for observation techniques,Try a random approach to observation techniques,Ask peers about observation techniques first,A,"The correct approach for observation techniques is to follow established guidelines that ensure safety and developmental appropriateness, making Option A the best practice."
698,Easy,What is the best practice for handwashing?,Use the recommended method for handwashing,Avoid the recommended method for handwashing,Try a random approach to handwashing,Ask peers about handwashing first,A,"The correct approach for handwashing is to follow established guidelines that ensure safety and developmental appropriateness, making Option A the best practice."
699,Moderate,What is the best practice for formative assessment?,Use the recommended method for formative assessment,Avoid the recommended method for formative assessment,Try a random approach to formative assessment,Ask peers about formative assessment first,A,"The correct approach for formative assessment is to follow established guidelines that ensure safety and developmental appropriateness, making Option A the best practice."
700,Easy,What is the best practice for formative assessment?,Use the recommended method for formative assessment,Avoid the recommended method for formative assessment,Try a random approach to formative assessment,Ask peers about formative assessment first,A,"The correct approach for formative assessment is to follow established guidelines that ensure safety and developmental appropriateness, making Option A the best practice."
701,Intermediate,What is the best practice for inclusive play?,Use the recommended method for inclusive play,Avoid the recommended method for inclusive play,Try a random approach to inclusive play,Ask peers about inclusive play first,A,"The correct approach for inclusive play is to follow established guidelines that ensure safety and developmental appropriateness, making Option A the best practice."
702,Easy,What is the best practice for positive reinforcement?,Use the recommended method for positive reinforcement,Avoid the recommended method for positive reinforcement,Try a random approach to positive reinforcement,Ask peers about positive reinforcement first,A,"The correct approach for positive reinforcement is to follow established guidelines that ensure safety and developmental appropriateness, making Option A the best practice."
703,Easy,What is the best practice for fine motor skills?,Use the recommended method for fine motor skills,Avoid the recommended method for fine motor skills,Try a random approach to fine motor skills,Ask peers about fine motor skills first,A,"The correct approach for fine motor skills is to follow established guidelines that ensure safety and developmental appropriateness, making Option A the best practice."
704,Moderate,What is the best practice for positive reinforcement?,Use the recommended method for positive reinforcement,Avoid the recommended method for positive reinforcement,Try a random approach to positive reinforcement,Ask peers about positive reinforcement first,A,"The correct approach for positive reinforcement is to follow established guidelines that ensure safety and developmental appropriateness, making Option A the best practice."
705,Easy,What is the best practice for transitions?,Use the recommended method for transitions,Avoid the recommended method for transitions,Try a random approach to transitions,Ask peers about transitions first,A,"The correct approach for transitions is to follow established guidelines that ensure safety and developmental appropriateness, making Option A the best practice."
706,Moderate,What is the best practice for handwashing?,Use the recommended method for handwashing,Avoid the recommended method for handwashing,Try a random approach to handwashing,Ask peers about handwashing first,A,"The correct approach for handwashing is to follow established guidelines that ensure safety and developmental appropriateness, making Option A the best practice."
707,Easy,What is the best practice for attachment building?,Use the recommended method for attachment building,Avoid the recommended method for attachment building,Try a random approach to attachment building,Ask peers about attachment building first,A,"The correct approach for attachment building is to follow established guidelines that ensure safety and developmental appropriateness, making Option A the best practice."
708,Intermediate,What is the best practice for gross motor skills?,Use the recommended method for gross motor skills,Avoid the recommended method for gross motor skills,Try a random approach to gross motor skills,Ask peers about gross motor skills first,A,"The correct approach for gross motor skills is to follow established guidelines that ensure safety and developmental appropriateness, making Option A the best practice."
709,Expert,What is the best practice for trauma-informed care?,Use the recommended method for trauma-informed care,Avoid the recommended method for trauma-informed care,Try a random approach to trauma-informed care,Ask peers about trauma-informed care first,A,"The correct approach for trauma-informed care is to follow established guidelines that ensure safety and developmental appropriateness, making Option A the best practice."
710,Intermediate,What is the best practice for gross motor skills?,Use the recommended method for gross motor skills,Avoid the recommended method for gross motor skills,Try a random approach to gross motor skills,Ask peers about gross motor skills first,A,"The correct approach for gross motor skills is to follow established guidelines that ensure safety and developmental appropriateness, making Option A the best practice."
711,Expert,What is the best practice for gross motor skills?,Use the recommended method for gross motor skills,Avoid the recommended method for gross motor skills,Try a random approach to gross motor skills,Ask peers about gross motor skills first,A,"The correct approach for gross motor skills is to follow established guidelines that ensure safety and developmental appropriateness, making Option A the best practice."
712,Intermediate,What is the best practice for fine motor skills?,Use the recommended method for fine motor skills,Avoid the recommended method for fine motor skills,Try a random approach to fine motor skills,Ask peers about fine motor skills first,A,"The correct approach for fine motor skills is to follow established guidelines that ensure safety and developmental appropriateness, making Option A the best practice."
713,Easy,What is the best practice for inclusive play?,Use the recommended method for inclusive play,Avoid the recommended method for inclusive play,Try a random approach to inclusive play,Ask peers about inclusive play first,A,"The correct approach for inclusive play is to follow established guidelines that ensure safety and developmental appropriateness, making Option A the best practice."
714,Easy,What is the best practice for scaffolding?,Use the recommended method for scaffolding,Avoid the recommended method for scaffolding,Try a random approach to scaffolding,Ask peers about scaffolding first,A,"The correct approach for scaffolding is to follow established guidelines that ensure safety and developmental appropriateness, making Option A the best practice."
715,Expert,What is the best practice for emergent literacy?,Use the recommended method for emergent literacy,Avoid the recommended method for emergent literacy,Try a random approach to emergent literacy,Ask peers about emergent literacy first,A,"The correct approach for emergent literacy is to follow established guidelines that ensure safety and developmental appropriateness, making Option A the best practice."
716,Difficult,What is the best practice for emergent literacy?,Use the recommended method for emergent literacy,Avoid the recommended method for emergent literacy,Try a random approach to emergent literacy,Ask peers about emergent literacy first,A,"The correct approach for emergent literacy is to follow established guidelines that ensure safety and developmental appropriateness, making Option A the best practice."
717,Difficult,What is the best practice for emergent literacy?,Use the recommended method for emergent literacy,Avoid the recommended method for emergent literacy,Try a random approach to emergent literacy,Ask peers about emergent literacy first,A,"The correct approach for emergent literacy is to follow established guidelines that ensure safety and developmental appropriateness, making Option A the best practice."
718,Intermediate,What is the best practice for inclusive play?,Use the recommended method for inclusive play,Avoid the recommended method for inclusive play,Try a random approach to inclusive play,Ask peers about inclusive play first,A,"The correct approach for inclusive play is to follow established guidelines that ensure safety and developmental appropriateness, making Option A the best practice."
719,Easy,What is the best practice for gross motor skills?,Use the recommended method for gross motor skills,Avoid the recommended method for gross motor skills,Try a random approach to gross motor skills,Ask peers about gross motor skills first,A,"The correct approach for gross motor skills is to follow established guidelines that ensure safety and developmental appropriateness, making Option A the best practice."
720,Difficult,What is the best practice for positive reinforcement?,Use the recommended method for positive reinforcement,Avoid the recommended method for positive reinforcement,Try a random approach to positive reinforcement,Ask peers about positive reinforcement first,A,"The correct approach for positive reinforcement is to follow established guidelines that ensure safety and developmental appropriateness, making Option A the best practice."
721,Intermediate,What is the best practice for fine motor skills?,Use the recommended method for fine motor skills,Avoid the recommended method for fine motor skills,Try a random approach to fine motor skills,Ask peers about fine motor skills first,A,"The correct approach for fine motor skills is to follow established guidelines that ensure safety and developmental appropriateness, making Option A the best practice."
722,Easy,What is the best practice for emergent literacy?,Use the recommended method for emergent literacy,Avoid the recommended method for emergent literacy,Try a random approach to emergent literacy,Ask peers about emergent literacy first,A,"The correct approach for emergent literacy is to follow established guidelines that ensure safety and developmental appropriateness, making Option A the best practice."
723,Easy,What is the best practice for positive reinforcement?,Use the recommended method for positive reinforcement,Avoid the recommended method for positive reinforcement,Try a random approach to positive reinforcement,Ask peers about positive reinforcement first,A,"The correct approach for positive reinforcement is to follow established guidelines that ensure safety and developmental appropriateness, making Option A the best practice."
724,Difficult,What is the best practice for transitions?,Use the recommended method for transitions,Avoid the recommended method for transitions,Try a random approach to transitions,Ask peers about transitions first,A,"The correct approach for transitions is to follow established guidelines that ensure safety and developmental appropriateness, making Option A the best practice."
725,Intermediate,What is the best practice for fine motor skills?,Use the recommended method for fine motor skills,Avoid the recommended method for fine motor skills,Try a random approach to fine motor skills,Ask peers about fine motor skills first,A,"The correct approach for fine motor skills is to follow established guidelines that ensure safety and developmental appropriateness, making Option A the best practice."
726,Intermediate,What is the best practice for serve-and-return?,Use the recommended method for serve-and-return,Avoid the recommended method for serve-and-return,Try a random approach to serve-and-return,Ask peers about serve-and-return first,A,"The correct approach for serve-and-return is to follow established guidelines that ensure safety and developmental appropriateness, making Option A the best practice."
727,Moderate,What is the best practice for diapering safety?,Use the recommended method for diapering safety,Avoid the recommended method for diapering safety,Try a random approach to diapering safety,Ask peers about diapering safety first,A,"The correct approach for diapering safety is to follow established guidelines that ensure safety and developmental appropriateness, making Option A the best practice."
728,Intermediate,What is the best practice for emergent literacy?,Use the recommended method for emergent literacy,Avoid the recommended method for emergent literacy,Try a random approach to emergent literacy,Ask peers about emergent literacy first,A,"The correct approach for emergent literacy is to follow established guidelines that ensure safety and developmental appropriateness, making Option A the best practice."
729,Intermediate,What is the best practice for developmentally appropriate practice?,Use the recommended method for developmentally appropriate practice,Avoid the recommended method for developmentally appropriate practice,Try a random approach to developmentally appropriate practice,Ask peers about developmentally appropriate practice first,A,"The correct approach for developmentally appropriate practice is to follow established guidelines that ensure safety and developmental appropriateness, making Option A the best practice."
730,Easy,What is the best practice for emergent literacy?,Use the recommended method for emergent literacy,Avoid the recommended method for emergent literacy,Try a random approach to emergent literacy,Ask peers about emergent literacy first,A,"The correct approach for emergent literacy is to follow established guidelines that ensure safety and developmental appropriateness, making Option A the best practice."
731,Expert,What is the best practice for observation techniques?,Use the recommended method for observation techniques,Avoid the recommended method for observation techniques,Try a random approach to observation techniques,Ask peers about observation techniques first,A,"The correct approach for observation techniques is to follow established guidelines that ensure safety and developmental appropriateness, making Option A the best practice."
732,Intermediate,What is the best practice for transitions?,Use the recommended method for transitions,Avoid the recommended method for transitions,Try a random approach to transitions,Ask peers about transitions first,A,"The correct approach for transitions is to follow established guidelines that ensure safety and developmental appropriateness, making Option A the best practice."
733,Easy,What is the best practice for fine motor skills?,Use the recommended method for fine motor skills,Avoid the recommended method for fine motor skills,Try a random approach to fine motor skills,Ask peers about fine motor skills first,A,"The correct approach for fine motor skills is to follow established guidelines that ensure safety and developmental appropriateness, making Option A the best practice."
734,Easy,What is the best practice for scaffolding?,Use the recommended method for scaffolding,Avoid the recommended method for scaffolding,Try a random approach to scaffolding,Ask peers about scaffolding first,A,"The correct approach for scaffolding is to follow established guidelines that ensure safety and developmental appropriateness, making Option A the best practice."
735,Moderate,What is the best practice for positive reinforcement?,Use the recommended method for positive reinforcement,Avoid the recommended method for positive reinforcement,Try a random approach to positive reinforcement,Ask peers about positive reinforcement first,A,"The correct approach for positive reinforcement is to follow established guidelines that ensure safety and developmental appropriateness, making Option A the best practice."
736,Easy,What is the best practice for emergent literacy?,Use the recommended method for emergent literacy,Avoid the recommended method for emergent literacy,Try a random approach to emergent literacy,Ask peers about emergent literacy first,A,"The correct approach for emergent literacy is to follow established guidelines that ensure safety and developmental appropriateness, making Option A the best practice."
737,Intermediate,What is the best practice for trauma-informed care?,Use the recommended method for trauma-informed care,Avoid the recommended method for trauma-informed care,Try a random approach to trauma-informed care,Ask peers about trauma-informed care first,A,"The correct approach for trauma-informed care is to follow established guidelines that ensure safety and developmental appropriateness, making Option A the best practice."
738,Moderate,What is the best practice for developmentally appropriate practice?,Use the recommended method for developmentally appropriate practice,Avoid the recommended method for developmentally appropriate practice,Try a random approach to developmentally appropriate practice,Ask peers about developmentally appropriate practice first,A,"The correct approach for developmentally appropriate practice is to follow established guidelines that ensure safety and developmental appropriateness, making Option A the best practice."
739,Easy,What is the best practice for attachment building?,Use the recommended method for attachment building,Avoid the recommended method for attachment building,Try a random approach to attachment building,Ask peers about attachment building first,A,"The correct approach for attachment building is to follow established guidelines that ensure safety and developmental appropriateness, making Option A the best practice."
740,Intermediate,What is the best practice for observation techniques?,Use the recommended method for observation techniques,Avoid the recommended method for observation techniques,Try a random approach to observation techniques,Ask peers about observation techniques first,A,"The correct approach for observation techniques is to follow established guidelines that ensure safety and developmental appropriateness, making Option A the best practice."
741,Easy,What is the best practice for inclusive play?,Use the recommended method for inclusive play,Avoid the recommended method for inclusive play,Try a random approach to inclusive play,Ask peers about inclusive play first,A,"The correct approach for inclusive play is to follow established guidelines that ensure safety and developmental appropriateness, making Option A the best practice."
742,Difficult,What is the best practice for emergent literacy?,Use the recommended method for emergent literacy,Avoid the recommended method for emergent literacy,Try a random approach to emergent literacy,Ask peers about emergent literacy first,A,"The correct approach for emergent literacy is to follow established guidelines that ensure safety and developmental appropriateness, making Option A the best practice."
743,Easy,What is the best practice for transitions?,Use the recommended method for transitions,Avoid the recommended method for transitions,Try a random approach to transitions,Ask peers about transitions first,A,"The correct approach for transitions is to follow established guidelines that ensure safety and developmental appropriateness, making Option A the best practice."
744,Intermediate,What is the best practice for fine motor skills?,Use the recommended method for fine motor skills,Avoid the recommended method for fine motor skills,Try a random approach to fine motor skills,Ask peers about fine motor skills first,A,"The correct approach for fine motor skills is to follow established guidelines that ensure safety and developmental appropriateness, making Option A the best practice."
745,Easy,What is the best practice for fine motor skills?,Use the recommended method for fine motor skills,Avoid the recommended method for fine motor skills,Try a random approach to fine motor skills,Ask peers about fine motor skills first,A,"The correct approach for fine motor skills is to follow established guidelines that ensure safety and developmental appropriateness, making Option A the best practice."
746,Easy,What is the best practice for diapering safety?,Use the recommended method for diapering safety,Avoid the recommended method for diapering safety,Try a random approach to diapering safety,Ask peers about diapering safety first,A,"The correct approach for diapering safety is to follow established guidelines that ensure safety and developmental appropriateness, making Option A the best practice."
747,Easy,What is the best practice for emergent literacy?,Use the recommended method for emergent literacy,Avoid the recommended method for emergent literacy,Try a random approach to emergent literacy,Ask peers about emergent literacy first,A,"The correct approach for emergent literacy is to follow established guidelines that ensure safety and developmental appropriateness, making Option A the best practice."
748,Intermediate,What is the best practice for observation techniques?,Use the recommended method for observation techniques,Avoid the recommended method for observation techniques,Try a random approach to observation techniques,Ask peers about observation techniques first,A,"The correct approach for observation techniques is to follow established guidelines that ensure safety and developmental appropriateness, making Option A the best practice."
749,Moderate,What is the best practice for positive reinforcement?,Use the recommended method for positive reinforcement,Avoid the recommended method for positive reinforcement,Try a random approach to positive reinforcement,Ask peers about positive reinforcement first,A,"The correct approach for positive reinforcement is to follow established guidelines that ensure safety and developmental appropriateness, making Option A the best practice."
750,Easy,What is the best practice for trauma-informed care?,Use the recommended method for trauma-informed care,Avoid the recommended method for trauma-informed care,Try a random approach to trauma-informed care,Ask peers about trauma-informed care first,A,"The correct approach for trauma-informed care is to follow established guidelines that ensure safety and developmental appropriateness, making Option A the best practice."
751,Intermediate,What is the best practice for attachment building?,Use the recommended method for attachment building,Avoid the recommended method for attachment building,Try a random approach to attachment building,Ask peers about attachment building first,A,"The correct approach for attachment building is to follow established guidelines that ensure safety and developmental appropriateness, making Option A the best practice."
752,Expert,What is the best practice for handwashing?,Use the recommended method for handwashing,Avoid the recommended method for handwashing,Try a random approach to handwashing,Ask peers about handwashing first,A,"The correct approach for handwashing is to follow established guidelines that ensure safety and developmental appropriateness, making Option A the best practice."
753,Intermediate,What is the best practice for observation techniques?,Use the recommended method for observation techniques,Avoid the recommended method for observation techniques,Try a random approach to observation techniques,Ask peers about observation techniques first,A,"The correct approach for observation techniques is to follow established guidelines that ensure safety and developmental appropriateness, making Option A the best practice."
754,Moderate,What is the best practice for developmentally appropriate practice?,Use the recommended method for developmentally appropriate practice,Avoid the recommended method for developmentally appropriate practice,Try a random approach to developmentally appropriate practice,Ask peers about developmentally appropriate practice first,A,"The correct approach for developmentally appropriate practice is to follow established guidelines that ensure safety and developmental appropriateness, making Option A the best practice."
755,Intermediate,What is the best practice for serve-and-return?,Use the recommended method for serve-and-return,Avoid the recommended method for serve-and-return,Try a random approach to serve-and-return,Ask peers about serve-and-return first,A,"The correct approach for serve-and-return is to follow established guidelines that ensure safety and developmental appropriateness, making Option A the best practice."
756,Intermediate,What is the best practice for trauma-informed care?,Use the recommended method for trauma-informed care,Avoid the recommended method for trauma-informed care,Try a random approach to trauma-informed care,Ask peers about trauma-informed care first,A,"The correct approach for trauma-informed care is to follow established guidelines that ensure safety and developmental appropriateness, making Option A the best practice."
757,Difficult,What is the best practice for inclusive play?,Use the recommended method for inclusive play,Avoid the recommended method for inclusive play,Try a random approach to inclusive play,Ask peers about inclusive play first,A,"The correct approach for inclusive play is to follow established guidelines that ensure safety and developmental appropriateness, making Option A the best practice."
758,Intermediate,What is the best practice for serve-and-return?,Use the recommended method for serve-and-return,Avoid the recommended method for serve-and-return,Try a random approach to serve-and-return,Ask peers about serve-and-return first,A,"The correct approach for serve-and-return is to follow established guidelines that ensure safety and developmental appropriateness, making Option A the best practice."
759,Easy,What is the best practice for inclusive play?,Use the recommended method for inclusive play,Avoid the recommended method for inclusive play,Try a random approach to inclusive play,Ask peers about inclusive play first,A,"The correct approach for inclusive play is to follow established guidelines that ensure safety and developmental appropriateness, making Option A the best practice."
760,Moderate,What is the best practice for attachment building?,Use the recommended method for attachment building,Avoid the recommended method for attachment building,Try a random approach to attachment building,Ask peers about attachment building first,A,"The correct approach for attachment building is to follow established guidelines that ensure safety and developmental appropriateness, making Option A the best practice."
761,Difficult,What is the best practice for gross motor skills?,Use the recommended method for gross motor skills,Avoid the recommended method for gross motor skills,Try a random approach to gross motor skills,Ask peers about gross motor skills first,A,"The correct approach for gross motor skills is to follow established guidelines that ensure safety and developmental appropriateness, making Option A the best practice."
762,Intermediate,What is the best practice for emergent literacy?,Use the recommended method for emergent literacy,Avoid the recommended method for emergent literacy,Try a random approach to emergent literacy,Ask peers about emergent literacy first,A,"The correct approach for emergent literacy is to follow established guidelines that ensure safety and developmental appropriateness, making Option A the best practice."
763,Expert,What is the best practice for inclusive play?,Use the recommended method for inclusive play,Avoid the recommended method for inclusive play,Try a random approach to inclusive play,Ask peers about inclusive play first,A,"The correct approach for inclusive play is to follow established guidelines that ensure safety and developmental appropriateness, making Option A the best practice."
764,Moderate,What is the best practice for trauma-informed care?,Use the recommended method for trauma-informed care,Avoid the recommended method for trauma-informed care,Try a random approach to trauma-informed care,Ask peers about trauma-informed care first,A,"The correct approach for trauma-informed care is to follow established guidelines that ensure safety and developmental appropriateness, making Option A the best practice."
765,Intermediate,What is the best practice for transitions?,Use the recommended method for transitions,Avoid the recommended method for transitions,Try a random approach to transitions,Ask peers about transitions first,A,"The correct approach for transitions is to follow established guidelines that ensure safety and developmental appropriateness, making Option A the best practice."
766,Easy,What is the best practice for trauma-informed care?,Use the recommended method for trauma-informed care,Avoid the recommended method for trauma-informed care,Try a random approach to trauma-informed care,Ask peers about trauma-informed care first,A,"The correct approach for trauma-informed care is to follow established guidelines that ensure safety and developmental appropriateness, making Option A the best practice."
767,Intermediate,What is the best practice for trauma-informed care?,Use the recommended method for trauma-informed care,Avoid the recommended method for trauma-informed care,Try a random approach to trauma-informed care,Ask peers about trauma-informed care first,A,"The correct approach for trauma-informed care is to follow established guidelines that ensure safety and developmental appropriateness, making Option A the best practice."
768,Easy,What is the best practice for inclusive play?,Use the recommended method for inclusive play,Avoid the recommended method for inclusive play,Try a random approach to inclusive play,Ask peers about inclusive play first,A,"The correct approach for inclusive play is to follow established guidelines that ensure safety and developmental appropriateness, making Option A the best practice."
769,Moderate,What is the best practice for transitions?,Use the recommended method for transitions,Avoid the recommended method for transitions,Try a random approach to transitions,Ask peers about transitions first,A,"The correct approach for transitions is to follow established guidelines that ensure safety and developmental appropriateness, making Option A the best practice."
770,Easy,What is the best practice for fine motor skills?,Use the recommended method for fine motor skills,Avoid the recommended method for fine motor skills,Try a random approach to fine motor skills,Ask peers about fine motor skills first,A,"The correct approach for fine motor skills is to follow established guidelines that ensure safety and developmental appropriateness, making Option A the best practice."
771,Easy,What is the best practice for gross motor skills?,Use the recommended method for gross motor skills,Avoid the recommended method for gross motor skills,Try a random approach to gross motor skills,Ask peers about gross motor skills first,A,"The correct approach for gross motor skills is to follow established guidelines that ensure safety and developmental appropriateness, making Option A the best practice."
772,Intermediate,What is the best practice for scaffolding?,Use the recommended method for scaffolding,Avoid the recommended method for scaffolding,Try a random approach to scaffolding,Ask peers about scaffolding first,A,"The correct approach for scaffolding is to follow established guidelines that ensure safety and developmental appropriateness, making Option A the best practice."
773,Expert,What is the best practice for serve-and-return?,Use the recommended method for serve-and-return,Avoid the recommended method for serve-and-return,Try a random approach to serve-and-return,Ask peers about serve-and-return first,A,"The correct approach for serve-and-return is to follow established guidelines that ensure safety and developmental appropriateness, making Option A the best practice."
774,Difficult,What is the best practice for gross motor skills?,Use the recommended method for gross motor skills,Avoid the recommended method for gross motor skills,Try a random approach to gross motor skills,Ask peers about gross motor skills first,A,"The correct approach for gross motor skills is to follow established guidelines that ensure safety and developmental appropriateness, making Option A the best practice."
775,Easy,What is the best practice for transitions?,Use the recommended method for transitions,Avoid the recommended method for transitions,Try a random approach to transitions,Ask peers about transitions first,A,"The correct approach for transitions is to follow established guidelines that ensure safety and developmental appropriateness, making Option A the best practice."
776,Easy,What is the best practice for inclusive play?,Use the recommended method for inclusive play,Avoid the recommended method for inclusive play,Try a random approach to inclusive play,Ask peers about inclusive play first,A,"The correct approach for inclusive play is to follow established guidelines that ensure safety and developmental appropriateness, making Option A the best practice."
777,Moderate,What is the best practice for transitions?,Use the recommended method for transitions,Avoid the recommended method for transitions,Try a random approach to transitions,Ask peers about transitions first,A,"The correct approach for transitions is to follow established guidelines that ensure safety and developmental appropriateness, making Option A the best practice."
778,Intermediate,What is the best practice for positive reinforcement?,Use the recommended method for positive reinforcement,Avoid the recommended method for positive reinforcement,Try a random approach to positive reinforcement,Ask peers about positive reinforcement first,A,"The correct approach for positive reinforcement is to follow established guidelines that ensure safety and developmental appropriateness, making Option A the best practice."
779,Difficult,What is the best practice for fine motor skills?,Use the recommended method for fine motor skills,Avoid the recommended method for fine motor skills,Try a random approach to fine motor skills,Ask peers about fine motor skills first,A,"The correct approach for fine motor skills is to follow established guidelines that ensure safety and developmental appropriateness, making Option A the best practice."
780,Intermediate,What is the best practice for serve-and-return?,Use the recommended method for serve-and-return,Avoid the recommended method for serve-and-return,Try a random approach to serve-and-return,Ask peers about serve-and-return first,A,"The correct approach for serve-and-return is to follow established guidelines that ensure safety and developmental appropriateness, making Option A the best practice."
781,Expert,What is the best practice for inclusive play?,Use the recommended method for inclusive play,Avoid the recommended method for inclusive play,Try a random approach to inclusive play,Ask peers about inclusive play first,A,"The correct approach for inclusive play is to follow established guidelines that ensure safety and developmental appropriateness, making Option A the best practice."
782,Expert,What is the best practice for attachment building?,Use the recommended method for attachment building,Avoid the recommended method for attachment building,Try a random approach to attachment building,Ask peers about attachment building first,A,"The correct approach for attachment building is to follow established guidelines that ensure safety and developmental appropriateness, making Option A the best practice."
783,Moderate,What is the best practice for fine motor skills?,Use the recommended method for fine motor skills,Avoid the recommended method for fine motor skills,Try a random approach to fine motor skills,Ask peers about fine motor skills first,A,"The correct approach for fine motor skills is to follow established guidelines that ensure safety and developmental appropriateness, making Option A the best practice."
784,Moderate,What is the best practice for trauma-informed care?,Use the recommended method for trauma-informed care,Avoid the recommended method for trauma-informed care,Try a random approach to trauma-informed care,Ask peers about trauma-informed care first,A,"The correct approach for trauma-informed care is to follow established guidelines that ensure safety and developmental appropriateness, making Option A the best practice."
785,Difficult,What is the best practice for gross motor skills?,Use the recommended method for gross motor skills,Avoid the recommended method for gross motor skills,Try a random approach to gross motor skills,Ask peers about gross motor skills first,A,"The correct approach for gross motor skills is to follow established guidelines that ensure safety and developmental appropriateness, making Option A the best practice."
786,Easy,What is the best practice for trauma-informed care?,Use the recommended method for trauma-informed care,Avoid the recommended method for trauma-informed care,Try a random approach to trauma-informed care,Ask peers about trauma-informed care first,A,"The correct approach for trauma-informed care is to follow established guidelines that ensure safety and developmental appropriateness, making Option A the best practice."
787,Moderate,What is the best practice for attachment building?,Use the recommended method for attachment building,Avoid the recommended method for attachment building,Try a random approach to attachment building,Ask peers about attachment building first,A,"The correct approach for attachment building is to follow established guidelines that ensure safety and developmental appropriateness, making Option A the best practice."
788,Intermediate,What is the best practice for trauma-informed care?,Use the recommended method for trauma-informed care,Avoid the recommended method for trauma-informed care,Try a random approach to trauma-informed care,Ask peers about trauma-informed care first,A,"The correct approach for trauma-informed care is to follow established guidelines that ensure safety and developmental appropriateness, making Option A the best practice."
789,Moderate,What is the best practice for developmentally appropriate practice?,Use the recommended method for developmentally appropriate practice,Avoid the recommended method for developmentally appropriate practice,Try a random approach to developmentally appropriate practice,Ask peers about developmentally appropriate practice first,A,"The correct approach for developmentally appropriate practice is to follow established guidelines that ensure safety and developmental appropriateness, making Option A the best practice."
790,Intermediate,What is the best practice for trauma-informed care?,Use the recommended method for trauma-informed care,Avoid the recommended method for trauma-informed care,Try a random approach to trauma-informed care,Ask peers about trauma-informed care first,A,"The correct approach for trauma-informed care is to follow established guidelines that ensure safety and developmental appropriateness, making Option A the best practice."
791,Intermediate,What is the best practice for formative assessment?,Use the recommended method for formative assessment,Avoid the recommended method for formative assessment,Try a random approach to formative assessment,Ask peers about formative assessment first,A,"The correct approach for formative assessment is to follow established guidelines that ensure safety and developmental appropriateness, making Option A the best practice."
792,Expert,What is the best practice for positive reinforcement?,Use the recommended method for positive reinforcement,Avoid the recommended method for positive reinforcement,Try a random approach to positive reinforcement,Ask peers about positive reinforcement first,A,"The correct approach for positive reinforcement is to follow established guidelines that ensure safety and developmental appropriateness, making Option A the best practice."
793,Easy,What is the best practice for emergent literacy?,Use the recommended method for emergent literacy,Avoid the recommended method for emergent literacy,Try a random approach to emergent literacy,Ask peers about emergent literacy first,A,"The correct approach for emergent literacy is to follow established guidelines that ensure safety and developmental appropriateness, making Option A the best practice."
794,Intermediate,What is the best practice for attachment building?,Use the recommended method for attachment building,Avoid the recommended method for attachment building,Try a random approach to attachment building,Ask peers about attachment building first,A,"The correct approach for attachment building is to follow established guidelines that ensure safety and developmental appropriateness, making Option A the best practice."
795,Intermediate,What is the best practice for attachment building?,Use the recommended method for attachment building,Avoid the recommended method for attachment building,Try a random approach to attachment building,Ask peers about attachment building first,A,"The correct approach for attachment building is to follow established guidelines that ensure safety and developmental appropriateness, making Option A the best practice."
796,Easy,What is the best practice for attachment building?,Use the recommended method for attachment building,Avoid the recommended method for attachment building,Try a random approach to attachment building,Ask peers about attachment building first,A,"The correct approach for attachment building is to follow established guidelines that ensure safety and developmental appropriateness, making Option A the best practice."
797,Easy,What is the best practice for formative assessment?,Use the recommended method for formative assessment,Avoid the recommended method for formative assessment,Try a random approach to formative assessment,Ask peers about formative assessment first,A,"The correct approach for formative assessment is to follow established guidelines that ensure safety and developmental appropriateness, making Option A the best practice."
798,Difficult,What is the best practice for scaffolding?,Use the recommended method for scaffolding,Avoid the recommended method for scaffolding,Try a random approach to scaffolding,Ask peers about scaffolding first,A,"The correct approach for scaffolding is to follow established guidelines that ensure safety and developmental appropriateness, making Option A the best practice."
799,Easy,What is the best practice for diapering safety?,Use the recommended method for diapering safety,Avoid the recommended method for diapering safety,Try a random approach to diapering safety,Ask peers about diapering safety first,A,"The correct approach for diapering safety is to follow established guidelines that ensure safety and developmental appropriateness, making Option A the best practice."
800,Expert,What is the best practice for formative assessment?,Use the recommended method for formative assessment,Avoid the recommended method for formative assessment,Try a random approach to formative assessment,Ask peers about formative assessment first,A,"The correct approach for formative assessment is to follow established guidelines that ensure safety and developmental appropriateness, making Option A the best practice."
801,Expert,What is the best practice for positive reinforcement?,Use the recommended method for positive reinforcement,Avoid the recommended method for positive reinforcement,Try a random approach to positive reinforcement,Ask peers about positive reinforcement first,A,"The correct approach for positive reinforcement is to follow established guidelines that ensure safety and developmental appropriateness, making Option A the best practice."
802,Easy,What is the best practice for inclusive play?,Use the recommended method for inclusive play,Avoid the recommended method for inclusive play,Try a random approach to inclusive play,Ask peers about inclusive play first,A,"The correct approach for inclusive play is to follow established guidelines that ensure safety and developmental appropriateness, making Option A the best practice."
803,Easy,What is the best practice for attachment building?,Use the recommended method for attachment building,Avoid the recommended method for attachment building,Try a random approach to attachment building,Ask peers about attachment building first,A,"The correct approach for attachment building is to follow established guidelines that ensure safety and developmental appropriateness, making Option A the best practice."
804,Expert,What is the best practice for fine motor skills?,Use the recommended method for fine motor skills,Avoid the recommended method for fine motor skills,Try a random approach to fine motor skills,Ask peers about fine motor skills first,A,"The correct approach for fine motor skills is to follow established guidelines that ensure safety and developmental appropriateness, making Option A the best practice."
805,Intermediate,What is the best practice for observation techniques?,Use the recommended method for observation techniques,Avoid the recommended method for observation techniques,Try a random approach to observation techniques,Ask peers about observation techniques first,A,"The correct approach for observation techniques is to follow established guidelines that ensure safety and developmental appropriateness, making Option A the best practice."
806,Difficult,What is the best practice for scaffolding?,Use the recommended method for scaffolding,Avoid the recommended method for scaffolding,Try a random approach to scaffolding,Ask peers about scaffolding first,A,"The correct approach for scaffolding is to follow established guidelines that ensure safety and developmental appropriateness, making Option A the best practice."
807,Intermediate,What is the best practice for observation techniques?,Use the recommended method for observation techniques,Avoid the recommended method for observation techniques,Try a random approach to observation techniques,Ask peers about observation techniques first,A,"The correct approach for observation techniques is to follow established guidelines that ensure safety and developmental appropriateness, making Option A the best practice."
808,Easy,What is the best practice for fine motor skills?,Use the recommended method for fine motor skills,Avoid the recommended method for fine motor skills,Try a random approach to fine motor skills,Ask peers about fine motor skills first,A,"The correct approach for fine motor skills is to follow established guidelines that ensure safety and developmental appropriateness, making Option A the best practice."
809,Intermediate,What is the best practice for diapering safety?,Use the recommended method for diapering safety,Avoid the recommended method for diapering safety,Try a random approach to diapering safety,Ask peers about diapering safety first,A,"The correct approach for diapering safety is to follow established guidelines that ensure safety and developmental appropriateness, making Option A the best practice."
810,Difficult,What is the best practice for inclusive play?,Use the recommended method for inclusive play,Avoid the recommended method for inclusive play,Try a random approach to inclusive play,Ask peers about inclusive play first,A,"The correct approach for inclusive play is to follow established guidelines that ensure safety and developmental appropriateness, making Option A the best practice."
811,Moderate,What is the best practice for positive reinforcement?,Use the recommended method for positive reinforcement,Avoid the recommended method for positive reinforcement,Try a random approach to positive reinforcement,Ask peers about positive reinforcement first,A,"The correct approach for positive reinforcement is to follow established guidelines that ensure safety and developmental appropriateness, making Option A the best practice."
812,Easy,What is the best practice for attachment building?,Use the recommended method for attachment building,Avoid the recommended method for attachment building,Try a random approach to attachment building,Ask peers about attachment building first,A,"The correct approach for attachment building is to follow established guidelines that ensure safety and developmental appropriateness, making Option A the best practice."
813,Difficult,What is the best practice for scaffolding?,Use the recommended method for scaffolding,Avoid the recommended method for scaffolding,Try a random approach to scaffolding,Ask peers about scaffolding first,A,"The correct approach for scaffolding is to follow established guidelines that ensure safety and developmental appropriateness, making Option A the best practice."
814,Moderate,What is the best practice for scaffolding?,Use the recommended method for scaffolding,Avoid the recommended method for scaffolding,Try a random approach to scaffolding,Ask peers about scaffolding first,A,"The correct approach for scaffolding is to follow established guidelines that ensure safety and developmental appropriateness, making Option A the best practice."
815,Intermediate,What is the best practice for emergent literacy?,Use the recommended method for emergent literacy,Avoid the recommended method for emergent literacy,Try a random approach to emergent literacy,Ask peers about emergent literacy first,A,"The correct approach for emergent literacy is to follow established guidelines that ensure safety and developmental appropriateness, making Option A the best practice."
816,Difficult,What is the best practice for trauma-informed care?,Use the recommended method for trauma-informed care,Avoid the recommended method for trauma-informed care,Try a random approach to trauma-informed care,Ask peers about trauma-informed care first,A,"The correct approach for trauma-informed care is to follow established guidelines that ensure safety and developmental appropriateness, making Option A the best practice."
817,Moderate,What is the best practice for handwashing?,Use the recommended method for handwashing,Avoid the recommended method for handwashing,Try a random approach to handwashing,Ask peers about handwashing first,A,"The correct approach for handwashing is to follow established guidelines that ensure safety and developmental appropriateness, making Option A the best practice."
818,Easy,What is the best practice for trauma-informed care?,Use the recommended method for trauma-informed care,Avoid the recommended method for trauma-informed care,Try a random approach to trauma-informed care,Ask peers about trauma-informed care first,A,"The correct approach for trauma-informed care is to follow established guidelines that ensure safety and developmental appropriateness, making Option A the best practice."
819,Intermediate,What is the best practice for transitions?,Use the recommended method for transitions,Avoid the recommended method for transitions,Try a random approach to transitions,Ask peers about transitions first,A,"The correct approach for transitions is to follow established guidelines that ensure safety and developmental appropriateness, making Option A the best practice."
820,Difficult,What is the best practice for inclusive play?,Use the recommended method for inclusive play,Avoid the recommended method for inclusive play,Try a random approach to inclusive play,Ask peers about inclusive play first,A,"The correct approach for inclusive play is to follow established guidelines that ensure safety and developmental appropriateness, making Option A the best practice."
821,Difficult,What is the best practice for trauma-informed care?,Use the recommended method for trauma-informed care,Avoid the recommended method for trauma-informed care,Try a random approach to trauma-informed care,Ask peers about trauma-informed care first,A,"The correct approach for trauma-informed care is to follow established guidelines that ensure safety and developmental appropriateness, making Option A the best practice."
822,Moderate,What is the best practice for trauma-informed care?,Use the recommended method for trauma-informed care,Avoid the recommended method for trauma-informed care,Try a random approach to trauma-informed care,Ask peers about trauma-informed care first,A,"The correct approach for trauma-informed care is to follow established guidelines that ensure safety and developmental appropriateness, making Option A the best practice."
823,Easy,What is the best practice for diapering safety?,Use the recommended method for diapering safety,Avoid the recommended method for diapering safety,Try a random approach to diapering safety,Ask peers about diapering safety first,A,"The correct approach for diapering safety is to follow established guidelines that ensure safety and developmental appropriateness, making Option A the best practice."
824,Moderate,What is the best practice for emergent literacy?,Use the recommended method for emergent literacy,Avoid the recommended method for emergent literacy,Try a random approach to emergent literacy,Ask peers about emergent literacy first,A,"The correct approach for emergent literacy is to follow established guidelines that ensure safety and developmental appropriateness, making Option A the best practice."
825,Easy,What is the best practice for gross motor skills?,Use the recommended method for gross motor skills,Avoid the recommended method for gross motor skills,Try a random approach to gross motor skills,Ask peers about gross motor skills first,A,"The correct approach for gross motor skills is to follow established guidelines that ensure safety and developmental appropriateness, making Option A the best practice."
826,Easy,What is the best practice for attachment building?,Use the recommended method for attachment building,Avoid the recommended method for attachment building,Try a random approach to attachment building,Ask peers about attachment building first,A,"The correct approach for attachment building is to follow established guidelines that ensure safety and developmental appropriateness, making Option A the best practice."
827,Intermediate,What is the best practice for emergent literacy?,Use the recommended method for emergent literacy,Avoid the recommended method for emergent literacy,Try a random approach to emergent literacy,Ask peers about emergent literacy first,A,"The correct approach for emergent literacy is to follow established guidelines that ensure safety and developmental appropriateness, making Option A the best practice."
828,Moderate,What is the best practice for serve-and-return?,Use the recommended method for serve-and-return,Avoid the recommended method for serve-and-return,Try a random approach to serve-and-return,Ask peers about serve-and-return first,A,"The correct approach for serve-and-return is to follow established guidelines that ensure safety and developmental appropriateness, making Option A the best practice."
829,Easy,What is the best practice for gross motor skills?,Use the recommended method for gross motor skills,Avoid the recommended method for gross motor skills,Try a random approach to gross motor skills,Ask peers about gross motor skills first,A,"The correct approach for gross motor skills is to follow established guidelines that ensure safety and developmental appropriateness, making Option A the best practice."
830,Intermediate,What is the best practice for observation techniques?,Use the recommended method for observation techniques,Avoid the recommended method for observation techniques,Try a random approach to observation techniques,Ask peers about observation techniques first,A,"The correct approach for observation techniques is to follow established guidelines that ensure safety and developmental appropriateness, making Option A the best practice."
831,Expert,What is the best practice for emergent literacy?,Use the recommended method for emergent literacy,Avoid the recommended method for emergent literacy,Try a random approach to emergent literacy,Ask peers about emergent literacy first,A,"The correct approach for emergent literacy is to follow established guidelines that ensure safety and developmental appropriateness, making Option A the best practice."
832,Expert,What is the best practice for transitions?,Use the recommended method for transitions,Avoid the recommended method for transitions,Try a random approach to transitions,Ask peers about transitions first,A,"The correct approach for transitions is to follow established guidelines that ensure safety and developmental appropriateness, making Option A the best practice."
833,Easy,What is the best practice for fine motor skills?,Use the recommended method for fine motor skills,Avoid the recommended method for fine motor skills,Try a random approach to fine motor skills,Ask peers about fine motor skills first,A,"The correct approach for fine motor skills is to follow established guidelines that ensure safety and developmental appropriateness, making Option A the best practice."
834,Easy,What is the best practice for transitions?,Use the recommended method for transitions,Avoid the recommended method for transitions,Try a random approach to transitions,Ask peers about transitions first,A,"The correct approach for transitions is to follow established guidelines that ensure safety and developmental appropriateness, making Option A the best practice."
835,Difficult,What is the best practice for handwashing?,Use the recommended method for handwashing,Avoid the recommended method for handwashing,Try a random approach to handwashing,Ask peers about handwashing first,A,"The correct approach for handwashing is to follow established guidelines that ensure safety and developmental appropriateness, making Option A the best practice."
836,Easy,What is the best practice for trauma-informed care?,Use the recommended method for trauma-informed care,Avoid the recommended method for trauma-informed care,Try a random approach to trauma-informed care,Ask peers about trauma-informed care first,A,"The correct approach for trauma-informed care is to follow established guidelines that ensure safety and developmental appropriateness, making Option A the best practice."
837,Intermediate,What is the best practice for handwashing?,Use the recommended method for handwashing,Avoid the recommended method for handwashing,Try a random approach to handwashing,Ask peers about handwashing first,A,"The correct approach for handwashing is to follow established guidelines that ensure safety and developmental appropriateness, making Option A the best practice."
838,Moderate,What is the best practice for attachment building?,Use the recommended method for attachment building,Avoid the recommended method for attachment building,Try a random approach to attachment building,Ask peers about attachment building first,A,"The correct approach for attachment building is to follow established guidelines that ensure safety and developmental appropriateness, making Option A the best practice."
839,Easy,What is the best practice for handwashing?,Use the recommended method for handwashing,Avoid the recommended method for handwashing,Try a random approach to handwashing,Ask peers about handwashing first,A,"The correct approach for handwashing is to follow established guidelines that ensure safety and developmental appropriateness, making Option A the best practice."
840,Moderate,What is the best practice for diapering safety?,Use the recommended method for diapering safety,Avoid the recommended method for diapering safety,Try a random approach to diapering safety,Ask peers about diapering safety first,A,"The correct approach for diapering safety is to follow established guidelines that ensure safety and developmental appropriateness, making Option A the best practice."
841,Intermediate,What is the best practice for diapering safety?,Use the recommended method for diapering safety,Avoid the recommended method for diapering safety,Try a random approach to diapering safety,Ask peers about diapering safety first,A,"The correct approach for diapering safety is to follow established guidelines that ensure safety and developmental appropriateness, making Option A the best practice."
842,Moderate,What is the best practice for inclusive play?,Use the recommended method for inclusive play,Avoid the recommended method for inclusive play,Try a random approach to inclusive play,Ask peers about inclusive play first,A,"The correct approach for inclusive play is to follow established guidelines that ensure safety and developmental appropriateness, making Option A the best practice."
843,Expert,What is the best practice for positive reinforcement?,Use the recommended method for positive reinforcement,Avoid the recommended method for positive reinforcement,Try a random approach to positive reinforcement,Ask peers about positive reinforcement first,A,"The correct approach for positive reinforcement is to follow established guidelines that ensure safety and developmental appropriateness, making Option A the best practice."
844,Expert,What is the best practice for developmentally appropriate practice?,Use the recommended method for developmentally appropriate practice,Avoid the recommended method for developmentally appropriate practice,Try a random approach to developmentally appropriate practice,Ask peers about developmentally appropriate practice first,A,"The correct approach for developmentally appropriate practice is to follow established guidelines that ensure safety and developmental appropriateness, making Option A the best practice."
845,Moderate,What is the best practice for positive reinforcement?,Use the recommended method for positive reinforcement,Avoid the recommended method for positive reinforcement,Try a random approach to positive reinforcement,Ask peers about positive reinforcement first,A,"The correct approach for positive reinforcement is to follow established guidelines that ensure safety and developmental appropriateness, making Option A the best practice."
846,Intermediate,What is the best practice for attachment building?,Use the recommended method for attachment building,Avoid the recommended method for attachment building,Try a random approach to attachment building,Ask peers about attachment building first,A,"The correct approach for attachment building is to follow established guidelines that ensure safety and developmental appropriateness, making Option A the best practice."
847,Intermediate,What is the best practice for handwashing?,Use the recommended method for handwashing,Avoid the recommended method for handwashing,Try a random approach to handwashing,Ask peers about handwashing first,A,"The correct approach for handwashing is to follow established guidelines that ensure safety and developmental appropriateness, making Option A the best practice."
848,Moderate,What is the best practice for fine motor skills?,Use the recommended method for fine motor skills,Avoid the recommended method for fine motor skills,Try a random approach to fine motor skills,Ask peers about fine motor skills first,A,"The correct approach for fine motor skills is to follow established guidelines that ensure safety and developmental appropriateness, making Option A the best practice."
849,Difficult,What is the best practice for developmentally appropriate practice?,Use the recommended method for developmentally appropriate practice,Avoid the recommended method for developmentally appropriate practice,Try a random approach to developmentally appropriate practice,Ask peers about developmentally appropriate practice first,A,"The correct approach for developmentally appropriate practice is to follow established guidelines that ensure safety and developmental appropriateness, making Option A the best practice."
850,Difficult,What is the best practice for inclusive play?,Use the recommended method for inclusive play,Avoid the recommended method for inclusive play,Try a random approach to inclusive play,Ask peers about inclusive play first,A,"The correct approach for inclusive play is to follow established guidelines that ensure safety and developmental appropriateness, making Option A the best practice."
851,Easy,What is the best practice for developmentally appropriate practice?,Use the recommended method for developmentally appropriate practice,Avoid the recommended method for developmentally appropriate practice,Try a random approach to developmentally appropriate practice,Ask peers about developmentally appropriate practice first,A,"The correct approach for developmentally appropriate practice is to follow established guidelines that ensure safety and developmental appropriateness, making Option A the best practice."
852,Expert,What is the best practice for observation techniques?,Use the recommended method for observation techniques,Avoid the recommended method for observation techniques,Try a random approach to observation techniques,Ask peers about observation techniques first,A,"The correct approach for observation techniques is to follow established guidelines that ensure safety and developmental appropriateness, making Option A the best practice."
853,Intermediate,What is the best practice for developmentally appropriate practice?,Use the recommended method for developmentally appropriate practice,Avoid the recommended method for developmentally appropriate practice,Try a random approach to developmentally appropriate practice,Ask peers about developmentally appropriate practice first,A,"The correct approach for developmentally appropriate practice is to follow established guidelines that ensure safety and developmental appropriateness, making Option A the best practice."
854,Moderate,What is the best practice for transitions?,Use the recommended method for transitions,Avoid the recommended method for transitions,Try a random approach to transitions,Ask peers about transitions first,A,"The correct approach for transitions is to follow established guidelines that ensure safety and developmental appropriateness, making Option A the best practice."
855,Easy,What is the best practice for observation techniques?,Use the recommended method for observation techniques,Avoid the recommended method for observation techniques,Try a random approach to observation techniques,Ask peers about observation techniques first,A,"The correct approach for observation techniques is to follow established guidelines that ensure safety and developmental appropriateness, making Option A the best practice."
856,Difficult,What is the best practice for serve-and-return?,Use the recommended method for serve-and-return,Avoid the recommended method for serve-and-return,Try a random approach to serve-and-return,Ask peers about serve-and-return first,A,"The correct approach for serve-and-return is to follow established guidelines that ensure safety and developmental appropriateness, making Option A the best practice."
857,Intermediate,What is the best practice for formative assessment?,Use the recommended method for formative assessment,Avoid the recommended method for formative assessment,Try a random approach to formative assessment,Ask peers about formative assessment first,A,"The correct approach for formative assessment is to follow established guidelines that ensure safety and developmental appropriateness, making Option A the best practice."
858,Easy,What is the best practice for diapering safety?,Use the recommended method for diapering safety,Avoid the recommended method for diapering safety,Try a random approach to diapering safety,Ask peers about diapering safety first,A,"The correct approach for diapering safety is to follow established guidelines that ensure safety and developmental appropriateness, making Option A the best practice."
859,Moderate,What is the best practice for scaffolding?,Use the recommended method for scaffolding,Avoid the recommended method for scaffolding,Try a random approach to scaffolding,Ask peers about scaffolding first,A,"The correct approach for scaffolding is to follow established guidelines that ensure safety and developmental appropriateness, making Option A the best practice."
860,Expert,What is the best practice for emergent literacy?,Use the recommended method for emergent literacy,Avoid the recommended method for emergent literacy,Try a random approach to emergent literacy,Ask peers about emergent literacy first,A,"The correct approach for emergent literacy is to follow established guidelines that ensure safety and developmental appropriateness, making Option A the best practice."
861,Expert,What is the best practice for inclusive play?,Use the recommended method for inclusive play,Avoid the recommended method for inclusive play,Try a random approach to inclusive play,Ask peers about inclusive play first,A,"The correct approach for inclusive play is to follow established guidelines that ensure safety and developmental appropriateness, making Option A the best practice."
862,Expert,What is the best practice for positive reinforcement?,Use the recommended method for positive reinforcement,Avoid the recommended method for positive reinforcement,Try a random approach to positive reinforcement,Ask peers about positive reinforcement first,A,"The correct approach for positive reinforcement is to follow established guidelines that ensure safety and developmental appropriateness, making Option A the best practice."
863,Expert,What is the best practice for handwashing?,Use the recommended method for handwashing,Avoid the recommended method for handwashing,Try a random approach to handwashing,Ask peers about handwashing first,A,"The correct approach for handwashing is to follow established guidelines that ensure safety and developmental appropriateness, making Option A the best practice."
864,Intermediate,What is the best practice for diapering safety?,Use the recommended method for diapering safety,Avoid the recommended method for diapering safety,Try a random approach to diapering safety,Ask peers about diapering safety first,A,"The correct approach for diapering safety is to follow established guidelines that ensure safety and developmental appropriateness, making Option A the best practice."
865,Intermediate,What is the best practice for gross motor skills?,Use the recommended method for gross motor skills,Avoid the recommended method for gross motor skills,Try a random approach to gross motor skills,Ask peers about gross motor skills first,A,"The correct approach for gross motor skills is to follow established guidelines that ensure safety and developmental appropriateness, making Option A the best practice."
866,Intermediate,What is the best practice for diapering safety?,Use the recommended method for diapering safety,Avoid the recommended method for diapering safety,Try a random approach to diapering safety,Ask peers about diapering safety first,A,"The correct approach for diapering safety is to follow established guidelines that ensure safety and developmental appropriateness, making Option A the best practice."
867,Expert,What is the best practice for developmentally appropriate practice?,Use the recommended method for developmentally appropriate practice,Avoid the recommended method for developmentally appropriate practice,Try a random approach to developmentally appropriate practice,Ask peers about developmentally appropriate practice first,A,"The correct approach for developmentally appropriate practice is to follow established guidelines that ensure safety and developmental appropriateness, making Option A the best practice."
868,Difficult,What is the best practice for handwashing?,Use the recommended method for handwashing,Avoid the recommended method for handwashing,Try a random approach to handwashing,Ask peers about handwashing first,A,"The correct approach for handwashing is to follow established guidelines that ensure safety and developmental appropriateness, making Option A the best practice."
869,Easy,What is the best practice for transitions?,Use the recommended method for transitions,Avoid the recommended method for transitions,Try a random approach to transitions,Ask peers about transitions first,A,"The correct approach for transitions is to follow established guidelines that ensure safety and developmental appropriateness, making Option A the best practice."
870,Easy,What is the best practice for handwashing?,Use the recommended method for handwashing,Avoid the recommended method for handwashing,Try a random approach to handwashing,Ask peers about handwashing first,A,"The correct approach for handwashing is to follow established guidelines that ensure safety and developmental appropriateness, making Option A the best practice."
871,Expert,What is the best practice for developmentally appropriate practice?,Use the recommended method for developmentally appropriate practice,Avoid the recommended method for developmentally appropriate practice,Try a random approach to developmentally appropriate practice,Ask peers about developmentally appropriate practice first,A,"The correct approach for developmentally appropriate practice is to follow established guidelines that ensure safety and developmental appropriateness, making Option A the best practice."
872,Intermediate,What is the best practice for developmentally appropriate practice?,Use the recommended method for developmentally appropriate practice,Avoid the recommended method for developmentally appropriate practice,Try a random approach to developmentally appropriate practice,Ask peers about developmentally appropriate practice first,A,"The correct approach for developmentally appropriate practice is to follow established guidelines that ensure safety and developmental appropriateness, making Option A the best practice."
873,Expert,What is the best practice for gross motor skills?,Use the recommended method for gross motor skills,Avoid the recommended method for gross motor skills,Try a random approach to gross motor skills,Ask peers about gross motor skills first,A,"The correct approach for gross motor skills is to follow established guidelines that ensure safety and developmental appropriateness, making Option A the best practice."
874,Easy,What is the best practice for fine motor skills?,Use the recommended method for fine motor skills,Avoid the recommended method for fine motor skills,Try a random approach to fine motor skills,Ask peers about fine motor skills first,A,"The correct approach for fine motor skills is to follow established guidelines that ensure safety and developmental appropriateness, making Option A the best practice."
875,Easy,What is the best practice for emergent literacy?,Use the recommended method for emergent literacy,Avoid the recommended method for emergent literacy,Try a random approach to emergent literacy,Ask peers about emergent literacy first,A,"The correct approach for emergent literacy is to follow established guidelines that ensure safety and developmental appropriateness, making Option A the best practice."
876,Intermediate,What is the best practice for serve-and-return?,Use the recommended method for serve-and-return,Avoid the recommended method for serve-and-return,Try a random approach to serve-and-return,Ask peers about serve-and-return first,A,"The correct approach for serve-and-return is to follow established guidelines that ensure safety and developmental appropriateness, making Option A the best practice."
877,Intermediate,What is the best practice for fine motor skills?,Use the recommended method for fine motor skills,Avoid the recommended method for fine motor skills,Try a random approach to fine motor skills,Ask peers about fine motor skills first,A,"The correct approach for fine motor skills is to follow established guidelines that ensure safety and developmental appropriateness, making Option A the best practice."
878,Easy,What is the best practice for trauma-informed care?,Use the recommended method for trauma-informed care,Avoid the recommended method for trauma-informed care,Try a random approach to trauma-informed care,Ask peers about trauma-informed care first,A,"The correct approach for trauma-informed care is to follow established guidelines that ensure safety and developmental appropriateness, making Option A the best practice."
879,Easy,What is the best practice for positive reinforcement?,Use the recommended method for positive reinforcement,Avoid the recommended method for positive reinforcement,Try a random approach to positive reinforcement,Ask peers about positive reinforcement first,A,"The correct approach for positive reinforcement is to follow established guidelines that ensure safety and developmental appropriateness, making Option A the best practice."
880,Intermediate,What is the best practice for handwashing?,Use the recommended method for handwashing,Avoid the recommended method for handwashing,Try a random approach to handwashing,Ask peers about handwashing first,A,"The correct approach for handwashing is to follow established guidelines that ensure safety and developmental appropriateness, making Option A the best practice."
881,Easy,What is the best practice for attachment building?,Use the recommended method for attachment building,Avoid the recommended method for attachment building,Try a random approach to attachment building,Ask peers about attachment building first,A,"The correct approach for attachment building is to follow established guidelines that ensure safety and developmental appropriateness, making Option A the best practice."
882,Expert,What is the best practice for transitions?,Use the recommended method for transitions,Avoid the recommended method for transitions,Try a random approach to transitions,Ask peers about transitions first,A,"The correct approach for transitions is to follow established guidelines that ensure safety and developmental appropriateness, making Option A the best practice."
883,Easy,What is the best practice for inclusive play?,Use the recommended method for inclusive play,Avoid the recommended method for inclusive play,Try a random approach to inclusive play,Ask peers about inclusive play first,A,"The correct approach for inclusive play is to follow established guidelines that ensure safety and developmental appropriateness, making Option A the best practice."
884,Easy,What is the best practice for transitions?,Use the recommended method for transitions,Avoid the recommended method for transitions,Try a random approach to transitions,Ask peers about transitions first,A,"The correct approach for transitions is to follow established guidelines that ensure safety and developmental appropriateness, making Option A the best practice."
885,Intermediate,What is the best practice for observation techniques?,Use the recommended method for observation techniques,Avoid the recommended method for observation techniques,Try a random approach to observation techniques,Ask peers about observation techniques first,A,"The correct approach for observation techniques is to follow established guidelines that ensure safety and developmental appropriateness, making Option A the best practice."
886,Intermediate,What is the best practice for formative assessment?,Use the recommended method for formative assessment,Avoid the recommended method for formative assessment,Try a random approach to formative assessment,Ask peers about formative assessment first,A,"The correct approach for formative assessment is to follow established guidelines that ensure safety and developmental appropriateness, making Option A the best practice."
887,Easy,What is the best practice for observation techniques?,Use the recommended method for observation techniques,Avoid the recommended method for observation techniques,Try a random approach to observation techniques,Ask peers about observation techniques first,A,"The correct approach for observation techniques is to follow established guidelines that ensure safety and developmental appropriateness, making Option A the best practice."
888,Intermediate,What is the best practice for transitions?,Use the recommended method for transitions,Avoid the recommended method for transitions,Try a random approach to transitions,Ask peers about transitions first,A,"The correct approach for transitions is to follow established guidelines that ensure safety and developmental appropriateness, making Option A the best practice."
889,Expert,What is the best practice for positive reinforcement?,Use the recommended method for positive reinforcement,Avoid the recommended method for positive reinforcement,Try a random approach to positive reinforcement,Ask peers about positive reinforcement first,A,"The correct approach for positive reinforcement is to follow established guidelines that ensure safety and developmental appropriateness, making Option A the best practice."
890,Easy,What is the best practice for handwashing?,Use the recommended method for handwashing,Avoid the recommended method for handwashing,Try a random approach to handwashing,Ask peers about handwashing first,A,"The correct approach for handwashing is to follow established guidelines that ensure safety and developmental appropriateness, making Option A the best practice."
891,Intermediate,What is the best practice for attachment building?,Use the recommended method for attachment building,Avoid the recommended method for attachment building,Try a random approach to attachment building,Ask peers about attachment building first,A,"The correct approach for attachment building is to follow established guidelines that ensure safety and developmental appropriateness, making Option A the best practice."
892,Difficult,What is the best practice for scaffolding?,Use the recommended method for scaffolding,Avoid the recommended method for scaffolding,Try a random approach to scaffolding,Ask peers about scaffolding first,A,"The correct approach for scaffolding is to follow established guidelines that ensure safety and developmental appropriateness, making Option A the best practice."
893,Easy,What is the best practice for scaffolding?,Use the recommended method for scaffolding,Avoid the recommended method for scaffolding,Try a random approach to scaffolding,Ask peers about scaffolding first,A,"The correct approach for scaffolding is to follow established guidelines that ensure safety and developmental appropriateness, making Option A the best practice."
894,Moderate,What is the best practice for diapering safety?,Use the recommended method for diapering safety,Avoid the recommended method for diapering safety,Try a random approach to diapering safety,Ask peers about diapering safety first,A,"The correct approach for diapering safety is to follow established guidelines that ensure safety and developmental appropriateness, making Option A the best practice."
895,Easy,What is the best practice for attachment building?,Use the recommended method for attachment building,Avoid the recommended method for attachment building,Try a random approach to attachment building,Ask peers about attachment building first,A,"The correct approach for attachment building is to follow established guidelines that ensure safety and developmental appropriateness, making Option A the best practice."
896,Moderate,What is the best practice for fine motor skills?,Use the recommended method for fine motor skills,Avoid the recommended method for fine motor skills,Try a random approach to fine motor skills,Ask peers about fine motor skills first,A,"The correct approach for fine motor skills is to follow established guidelines that ensure safety and developmental appropriateness, making Option A the best practice."
897,Expert,What is the best practice for transitions?,Use the recommended method for transitions,Avoid the recommended method for transitions,Try a random approach to transitions,Ask peers about transitions first,A,"The correct approach for transitions is to follow established guidelines that ensure safety and developmental appropriateness, making Option A the best practice."
898,Difficult,What is the best practice for scaffolding?,Use the recommended method for scaffolding,Avoid the recommended method for scaffolding,Try a random approach to scaffolding,Ask peers about scaffolding first,A,"The correct approach for scaffolding is to follow established guidelines that ensure safety and developmental appropriateness, making Option A the best practice."
899,Difficult,What is the best practice for positive reinforcement?,Use the recommended method for positive reinforcement,Avoid the recommended method for positive reinforcement,Try a random approach to positive reinforcement,Ask peers about positive reinforcement first,A,"The correct approach for positive reinforcement is to follow established guidelines that ensure safety and developmental appropriateness, making Option A the best practice."
900,Intermediate,What is the best practice for serve-and-return?,Use the recommended method for serve-and-return,Avoid the recommended method for serve-and-return,Try a random approach to serve-and-return,Ask peers about serve-and-return first,A,"The correct approach for serve-and-return is to follow established guidelines that ensure safety and developmental appropriateness, making Option A the best practice."
901,Moderate,What is the best practice for trauma-informed care?,Use the recommended method for trauma-informed care,Avoid the recommended method for trauma-informed care,Try a random approach to trauma-informed care,Ask peers about trauma-informed care first,A,"The correct approach for trauma-informed care is to follow established guidelines that ensure safety and developmental appropriateness, making Option A the best practice."
902,Moderate,What is the best practice for positive reinforcement?,Use the recommended method for positive reinforcement,Avoid the recommended method for positive reinforcement,Try a random approach to positive reinforcement,Ask peers about positive reinforcement first,A,"The correct approach for positive reinforcement is to follow established guidelines that ensure safety and developmental appropriateness, making Option A the best practice."
903,Difficult,What is the best practice for positive reinforcement?,Use the recommended method for positive reinforcement,Avoid the recommended method for positive reinforcement,Try a random approach to positive reinforcement,Ask peers about positive reinforcement first,A,"The correct approach for positive reinforcement is to follow established guidelines that ensure safety and developmental appropriateness, making Option A the best practice."
904,Easy,What is the best practice for attachment building?,Use the recommended method for attachment building,Avoid the recommended method for attachment building,Try a random approach to attachment building,Ask peers about attachment building first,A,"The correct approach for attachment building is to follow established guidelines that ensure safety and developmental appropriateness, making Option A the best practice."
905,Intermediate,What is the best practice for scaffolding?,Use the recommended method for scaffolding,Avoid the recommended method for scaffolding,Try a random approach to scaffolding,Ask peers about scaffolding first,A,"The correct approach for scaffolding is to follow established guidelines that ensure safety and developmental appropriateness, making Option A the best practice."
906,Easy,What is the best practice for transitions?,Use the recommended method for transitions,Avoid the recommended method for transitions,Try a random approach to transitions,Ask peers about transitions first,A,"The correct approach for transitions is to follow established guidelines that ensure safety and developmental appropriateness, making Option A the best practice."
907,Difficult,What is the best practice for attachment building?,Use the recommended method for attachment building,Avoid the recommended method for attachment building,Try a random approach to attachment building,Ask peers about attachment building first,A,"The correct approach for attachment building is to follow established guidelines that ensure safety and developmental appropriateness, making Option A the best practice."
908,Intermediate,What is the best practice for inclusive play?,Use the recommended method for inclusive play,Avoid the recommended method for inclusive play,Try a random approach to inclusive play,Ask peers about inclusive play first,A,"The correct approach for inclusive play is to follow established guidelines that ensure safety and developmental appropriateness, making Option A the best practice."
909,Difficult,What is the best practice for attachment building?,Use the recommended method for attachment building,Avoid the recommended method for attachment building,Try a random approach to attachment building,Ask peers about attachment building first,A,"The correct approach for attachment building is to follow established guidelines that ensure safety and developmental appropriateness, making Option A the best practice."
910,Difficult,What is the best practice for fine motor skills?,Use the recommended method for fine motor skills,Avoid the recommended method for fine motor skills,Try a random approach to fine motor skills,Ask peers about fine motor skills first,A,"The correct approach for fine motor skills is to follow established guidelines that ensure safety and developmental appropriateness, making Option A the best practice."
911,Easy,What is the best practice for observation techniques?,Use the recommended method for observation techniques,Avoid the recommended method for observation techniques,Try a random approach to observation techniques,Ask peers about observation techniques first,A,"The correct approach for observation techniques is to follow established guidelines that ensure safety and developmental appropriateness, making Option A the best practice."
912,Intermediate,What is the best practice for diapering safety?,Use the recommended method for diapering safety,Avoid the recommended method for diapering safety,Try a random approach to diapering safety,Ask peers about diapering safety first,A,"The correct approach for diapering safety is to follow established guidelines that ensure safety and developmental appropriateness, making Option A the best practice."
913,Moderate,What is the best practice for formative assessment?,Use the recommended method for formative assessment,Avoid the recommended method for formative assessment,Try a random approach to formative assessment,Ask peers about formative assessment first,A,"The correct approach for formative assessment is to follow established guidelines that ensure safety and developmental appropriateness, making Option A the best practice."
914,Intermediate,What is the best practice for developmentally appropriate practice?,Use the recommended method for developmentally appropriate practice,Avoid the recommended method for developmentally appropriate practice,Try a random approach to developmentally appropriate practice,Ask peers about developmentally appropriate practice first,A,"The correct approach for developmentally appropriate practice is to follow established guidelines that ensure safety and developmental appropriateness, making Option A the best practice."
915,Difficult,What is the best practice for fine motor skills?,Use the recommended method for fine motor skills,Avoid the recommended method for fine motor skills,Try a random approach to fine motor skills,Ask peers about fine motor skills first,A,"The correct approach for fine motor skills is to follow established guidelines that ensure safety and developmental appropriateness, making Option A the best practice."
916,Moderate,What is the best practice for fine motor skills?,Use the recommended method for fine motor skills,Avoid the recommended method for fine motor skills,Try a random approach to fine motor skills,Ask peers about fine motor skills first,A,"The correct approach for fine motor skills is to follow established guidelines that ensure safety and developmental appropriateness, making Option A the best practice."
917,Intermediate,What is the best practice for handwashing?,Use the recommended method for handwashing,Avoid the recommended method for handwashing,Try a random approach to handwashing,Ask peers about handwashing first,A,"The correct approach for handwashing is to follow established guidelines that ensure safety and developmental appropriateness, making Option A the best practice."
918,Easy,What is the best practice for attachment building?,Use the recommended method for attachment building,Avoid the recommended method for attachment building,Try a random approach to attachment building,Ask peers about attachment building first,A,"The correct approach for attachment building is to follow established guidelines that ensure safety and developmental appropriateness, making Option A the best practice."
919,Difficult,What is the best practice for observation techniques?,Use the recommended method for observation techniques,Avoid the recommended method for observation techniques,Try a random approach to observation techniques,Ask peers about observation techniques first,A,"The correct approach for observation techniques is to follow established guidelines that ensure safety and developmental appropriateness, making Option A the best practice."
920,Easy,What is the best practice for attachment building?,Use the recommended method for attachment building,Avoid the recommended method for attachment building,Try a random approach to attachment building,Ask peers about attachment building first,A,"The correct approach for attachment building is to follow established guidelines that ensure safety and developmental appropriateness, making Option A the best practice."
921,Moderate,What is the best practice for scaffolding?,Use the recommended method for scaffolding,Avoid the recommended method for scaffolding,Try a random approach to scaffolding,Ask peers about scaffolding first,A,"The correct approach for scaffolding is to follow established guidelines that ensure safety and developmental appropriateness, making Option A the best practice."
922,Moderate,What is the best practice for scaffolding?,Use the recommended method for scaffolding,Avoid the recommended method for scaffolding,Try a random approach to scaffolding,Ask peers about scaffolding first,A,"The correct approach for scaffolding is to follow established guidelines that ensure safety and developmental appropriateness, making Option A the best practice."
923,Easy,What is the best practice for developmentally appropriate practice?,Use the recommended method for developmentally appropriate practice,Avoid the recommended method for developmentally appropriate practice,Try a random approach to developmentally appropriate practice,Ask peers about developmentally appropriate practice first,A,"The correct approach for developmentally appropriate practice is to follow established guidelines that ensure safety and developmental appropriateness, making Option A the best practice."
924,Easy,What is the best practice for fine motor skills?,Use the recommended method for fine motor skills,Avoid the recommended method for fine motor skills,Try a random approach to fine motor skills,Ask peers about fine motor skills first,A,"The correct approach for fine motor skills is to follow established guidelines that ensure safety and developmental appropriateness, making Option A the best practice."
925,Intermediate,What is the best practice for gross motor skills?,Use the recommended method for gross motor skills,Avoid the recommended method for gross motor skills,Try a random approach to gross motor skills,Ask peers about gross motor skills first,A,"The correct approach for gross motor skills is to follow established guidelines that ensure safety and developmental appropriateness, making Option A the best practice."
926,Intermediate,What is the best practice for fine motor skills?,Use the recommended method for fine motor skills,Avoid the recommended method for fine motor skills,Try a random approach to fine motor skills,Ask peers about fine motor skills first,A,"The correct approach for fine motor skills is to follow established guidelines that ensure safety and developmental appropriateness, making Option A the best practice."
927,Easy,What is the best practice for fine motor skills?,Use the recommended method for fine motor skills,Avoid the recommended method for fine motor skills,Try a random approach to fine motor skills,Ask peers about fine motor skills first,A,"The correct approach for fine motor skills is to follow established guidelines that ensure safety and developmental appropriateness, making Option A the best practice."
928,Easy,What is the best practice for scaffolding?,Use the recommended method for scaffolding,Avoid the recommended method for scaffolding,Try a random approach to scaffolding,Ask peers about scaffolding first,A,"The correct approach for scaffolding is to follow established guidelines that ensure safety and developmental appropriateness, making Option A the best practice."
929,Easy,What is the best practice for developmentally appropriate practice?,Use the recommended method for developmentally appropriate practice,Avoid the recommended method for developmentally appropriate practice,Try a random approach to developmentally appropriate practice,Ask peers about developmentally appropriate practice first,A,"The correct approach for developmentally appropriate practice is to follow established guidelines that ensure safety and developmental appropriateness, making Option A the best practice."
930,Intermediate,What is the best practice for emergent literacy?,Use the recommended method for emergent literacy,Avoid the recommended method for emergent literacy,Try a random approach to emergent literacy,Ask peers about emergent literacy first,A,"The correct approach for emergent literacy is to follow established guidelines that ensure safety and developmental appropriateness, making Option A the best practice."
931,Easy,What is the best practice for scaffolding?,Use the recommended method for scaffolding,Avoid the recommended method for scaffolding,Try a random approach to scaffolding,Ask peers about scaffolding first,A,"The correct approach for scaffolding is to follow established guidelines that ensure safety and developmental appropriateness, making Option A the best practice."
932,Easy,What is the best practice for diapering safety?,Use the recommended method for diapering safety,Avoid the recommended method for diapering safety,Try a random approach to diapering safety,Ask peers about diapering safety first,A,"The correct approach for diapering safety is to follow established guidelines that ensure safety and developmental appropriateness, making Option A the best practice."
933,Intermediate,What is the best practice for scaffolding?,Use the recommended method for scaffolding,Avoid the recommended method for scaffolding,Try a random approach to scaffolding,Ask peers about scaffolding first,A,"The correct approach for scaffolding is to follow established guidelines that ensure safety and developmental appropriateness, making Option A the best practice."
934,Expert,What is the best practice for serve-and-return?,Use the recommended method for serve-and-return,Avoid the recommended method for serve-and-return,Try a random approach to serve-and-return,Ask peers about serve-and-return first,A,"The correct approach for serve-and-return is to follow established guidelines that ensure safety and developmental appropriateness, making Option A the best practice."
935,Easy,What is the best practice for transitions?,Use the recommended method for transitions,Avoid the recommended method for transitions,Try a random approach to transitions,Ask peers about transitions first,A,"The correct approach for transitions is to follow established guidelines that ensure safety and developmental appropriateness, making Option A the best practice."
936,Moderate,What is the best practice for trauma-informed care?,Use the recommended method for trauma-informed care,Avoid the recommended method for trauma-informed care,Try a random approach to trauma-informed care,Ask peers about trauma-informed care first,A,"The correct approach for trauma-informed care is to follow established guidelines that ensure safety and developmental appropriateness, making Option A the best practice."
937,Intermediate,What is the best practice for trauma-informed care?,Use the recommended method for trauma-informed care,Avoid the recommended method for trauma-informed care,Try a random approach to trauma-informed care,Ask peers about trauma-informed care first,A,"The correct approach for trauma-informed care is to follow established guidelines that ensure safety and developmental appropriateness, making Option A the best practice."
938,Intermediate,What is the best practice for trauma-informed care?,Use the recommended method for trauma-informed care,Avoid the recommended method for trauma-informed care,Try a random approach to trauma-informed care,Ask peers about trauma-informed care first,A,"The correct approach for trauma-informed care is to follow established guidelines that ensure safety and developmental appropriateness, making Option A the best practice."
939,Expert,What is the best practice for fine motor skills?,Use the recommended method for fine motor skills,Avoid the recommended method for fine motor skills,Try a random approach to fine motor skills,Ask peers about fine motor skills first,A,"The correct approach for fine motor skills is to follow established guidelines that ensure safety and developmental appropriateness, making Option A the best practice."
940,Expert,What is the best practice for attachment building?,Use the recommended method for attachment building,Avoid the recommended method for attachment building,Try a random approach to attachment building,Ask peers about attachment building first,A,"The correct approach for attachment building is to follow established guidelines that ensure safety and developmental appropriateness, making Option A the best practice."
941,Intermediate,What is the best practice for trauma-informed care?,Use the recommended method for trauma-informed care,Avoid the recommended method for trauma-informed care,Try a random approach to trauma-informed care,Ask peers about trauma-informed care first,A,"The correct approach for trauma-informed care is to follow established guidelines that ensure safety and developmental appropriateness, making Option A the best practice."
942,Intermediate,What is the best practice for developmentally appropriate practice?,Use the recommended method for developmentally appropriate practice,Avoid the recommended method for developmentally appropriate practice,Try a random approach to developmentally appropriate practice,Ask peers about developmentally appropriate practice first,A,"The correct approach for developmentally appropriate practice is to follow established guidelines that ensure safety and developmental appropriateness, making Option A the best practice."
943,Moderate,What is the best practice for formative assessment?,Use the recommended method for formative assessment,Avoid the recommended method for formative assessment,Try a random approach to formative assessment,Ask peers about formative assessment first,A,"The correct approach for formative assessment is to follow established guidelines that ensure safety and developmental appropriateness, making Option A the best practice."
944,Expert,What is the best practice for emergent literacy?,Use the recommended method for emergent literacy,Avoid the recommended method for emergent literacy,Try a random approach to emergent literacy,Ask peers about emergent literacy first,A,"The correct approach for emergent literacy is to follow established guidelines that ensure safety and developmental appropriateness, making Option A the best practice."
945,Moderate,What is the best practice for transitions?,Use the recommended method for transitions,Avoid the recommended method for transitions,Try a random approach to transitions,Ask peers about transitions first,A,"The correct approach for transitions is to follow established guidelines that ensure safety and developmental appropriateness, making Option A the best practice."
946,Intermediate,What is the best practice for formative assessment?,Use the recommended method for formative assessment,Avoid the recommended method for formative assessment,Try a random approach to formative assessment,Ask peers about formative assessment first,A,"The correct approach for formative assessment is to follow established guidelines that ensure safety and developmental appropriateness, making Option A the best practice."
947,Difficult,What is the best practice for attachment building?,Use the recommended method for attachment building,Avoid the recommended method for attachment building,Try a random approach to attachment building,Ask peers about attachment building first,A,"The correct approach for attachment building is to follow established guidelines that ensure safety and developmental appropriateness, making Option A the best practice."
948,Easy,What is the best practice for transitions?,Use the recommended method for transitions,Avoid the recommended method for transitions,Try a random approach to transitions,Ask peers about transitions first,A,"The correct approach for transitions is to follow established guidelines that ensure safety and developmental appropriateness, making Option A the best practice."
949,Intermediate,What is the best practice for gross motor skills?,Use the recommended method for gross motor skills,Avoid the recommended method for gross motor skills,Try a random approach to gross motor skills,Ask peers about gross motor skills first,A,"The correct approach for gross motor skills is to follow established guidelines that ensure safety and developmental appropriateness, making Option A the best practice."
950,Intermediate,What is the best practice for scaffolding?,Use the recommended method for scaffolding,Avoid the recommended method for scaffolding,Try a random approach to scaffolding,Ask peers about scaffolding first,A,"The correct approach for scaffolding is to follow established guidelines that ensure safety and developmental appropriateness, making Option A the best practice."
951,Expert,What is the best practice for positive reinforcement?,Use the recommended method for positive reinforcement,Avoid the recommended method for positive reinforcement,Try a random approach to positive reinforcement,Ask peers about positive reinforcement first,A,"The correct approach for positive reinforcement is to follow established guidelines that ensure safety and developmental appropriateness, making Option A the best practice."
952,Easy,What is the best practice for attachment building?,Use the recommended method for attachment building,Avoid the recommended method for attachment building,Try a random approach to attachment building,Ask peers about attachment building first,A,"The correct approach for attachment building is to follow established guidelines that ensure safety and developmental appropriateness, making Option A the best practice."
953,Easy,What is the best practice for transitions?,Use the recommended method for transitions,Avoid the recommended method for transitions,Try a random approach to transitions,Ask peers about transitions first,A,"The correct approach for transitions is to follow established guidelines that ensure safety and developmental appropriateness, making Option A the best practice."
954,Intermediate,What is the best practice for diapering safety?,Use the recommended method for diapering safety,Avoid the recommended method for diapering safety,Try a random approach to diapering safety,Ask peers about diapering safety first,A,"The correct approach for diapering safety is to follow established guidelines that ensure safety and developmental appropriateness, making Option A the best practice."
955,Moderate,What is the best practice for trauma-informed care?,Use the recommended method for trauma-informed care,Avoid the recommended method for trauma-informed care,Try a random approach to trauma-informed care,Ask peers about trauma-informed care first,A,"The correct approach for trauma-informed care is to follow established guidelines that ensure safety and developmental appropriateness, making Option A the best practice."
956,Difficult,What is the best practice for positive reinforcement?,Use the recommended method for positive reinforcement,Avoid the recommended method for positive reinforcement,Try a random approach to positive reinforcement,Ask peers about positive reinforcement first,A,"The correct approach for positive reinforcement is to follow established guidelines that ensure safety and developmental appropriateness, making Option A the best practice."
957,Intermediate,What is the best practice for handwashing?,Use the recommended method for handwashing,Avoid the recommended method for handwashing,Try a random approach to handwashing,Ask peers about handwashing first,A,"The correct approach for handwashing is to follow established guidelines that ensure safety and developmental appropriateness, making Option A the best practice."
958,Intermediate,What is the best practice for positive reinforcement?,Use the recommended method for positive reinforcement,Avoid the recommended method for positive reinforcement,Try a random approach to positive reinforcement,Ask peers about positive reinforcement first,A,"The correct approach for positive reinforcement is to follow established guidelines that ensure safety and developmental appropriateness, making Option A the best practice."
959,Difficult,What is the best practice for attachment building?,Use the recommended method for attachment building,Avoid the recommended method for attachment building,Try a random approach to attachment building,Ask peers about attachment building first,A,"The correct approach for attachment building is to follow established guidelines that ensure safety and developmental appropriateness, making Option A the best practice."
960,Expert,What is the best practice for developmentally appropriate practice?,Use the recommended method for developmentally appropriate practice,Avoid the recommended method for developmentally appropriate practice,Try a random approach to developmentally appropriate practice,Ask peers about developmentally appropriate practice first,A,"The correct approach for developmentally appropriate practice is to follow established guidelines that ensure safety and developmental appropriateness, making Option A the best practice."
961,Difficult,What is the best practice for positive reinforcement?,Use the recommended method for positive reinforcement,Avoid the recommended method for positive reinforcement,Try a random approach to positive reinforcement,Ask peers about positive reinforcement first,A,"The correct approach for positive reinforcement is to follow established guidelines that ensure safety and developmental appropriateness, making Option A the best practice."
962,Intermediate,What is the best practice for transitions?,Use the recommended method for transitions,Avoid the recommended method for transitions,Try a random approach to transitions,Ask peers about transitions first,A,"The correct approach for transitions is to follow established guidelines that ensure safety and developmental appropriateness, making Option A the best practice."
963,Difficult,What is the best practice for developmentally appropriate practice?,Use the recommended method for developmentally appropriate practice,Avoid the recommended method for developmentally appropriate practice,Try a random approach to developmentally appropriate practice,Ask peers about developmentally appropriate practice first,A,"The correct approach for developmentally appropriate practice is to follow established guidelines that ensure safety and developmental appropriateness, making Option A the best practice."
964,Moderate,What is the best practice for serve-and-return?,Use the recommended method for serve-and-return,Avoid the recommended method for serve-and-return,Try a random approach to serve-and-return,Ask peers about serve-and-return first,A,"The correct approach for serve-and-return is to follow established guidelines that ensure safety and developmental appropriateness, making Option A the best practice."
965,Easy,What is the best practice for handwashing?,Use the recommended method for handwashing,Avoid the recommended method for handwashing,Try a random approach to handwashing,Ask peers about handwashing first,A,"The correct approach for handwashing is to follow established guidelines that ensure safety and developmental appropriateness, making Option A the best practice."
966,Intermediate,What is the best practice for serve-and-return?,Use the recommended method for serve-and-return,Avoid the recommended method for serve-and-return,Try a random approach to serve-and-return,Ask peers about serve-and-return first,A,"The correct approach for serve-and-return is to follow established guidelines that ensure safety and developmental appropriateness, making Option A the best practice."
967,Easy,What is the best practice for positive reinforcement?,Use the recommended method for positive reinforcement,Avoid the recommended method for positive reinforcement,Try a random approach to positive reinforcement,Ask peers about positive reinforcement first,A,"The correct approach for positive reinforcement is to follow established guidelines that ensure safety and developmental appropriateness, making Option A the best practice."
968,Easy,What is the best practice for fine motor skills?,Use the recommended method for fine motor skills,Avoid the recommended method for fine motor skills,Try a random approach to fine motor skills,Ask peers about fine motor skills first,A,"The correct approach for fine motor skills is to follow established guidelines that ensure safety and developmental appropriateness, making Option A the best practice."
969,Intermediate,What is the best practice for developmentally appropriate practice?,Use the recommended method for developmentally appropriate practice,Avoid the recommended method for developmentally appropriate practice,Try a random approach to developmentally appropriate practice,Ask peers about developmentally appropriate practice first,A,"The correct approach for developmentally appropriate practice is to follow established guidelines that ensure safety and developmental appropriateness, making Option A the best practice."
970,Easy,What is the best practice for diapering safety?,Use the recommended method for diapering safety,Avoid the recommended method for diapering safety,Try a random approach to diapering safety,Ask peers about diapering safety first,A,"The correct approach for diapering safety is to follow established guidelines that ensure safety and developmental appropriateness, making Option A the best practice."
971,Easy,What is the best practice for positive reinforcement?,Use the recommended method for positive reinforcement,Avoid the recommended method for positive reinforcement,Try a random approach to positive reinforcement,Ask peers about positive reinforcement first,A,"The correct approach for positive reinforcement is to follow established guidelines that ensure safety and developmental appropriateness, making Option A the best practice."
972,Difficult,What is the best practice for formative assessment?,Use the recommended method for formative assessment,Avoid the recommended method for formative assessment,Try a random approach to formative assessment,Ask peers about formative assessment first,A,"The correct approach for formative assessment is to follow established guidelines that ensure safety and developmental appropriateness, making Option A the best practice."
973,Difficult,What is the best practice for positive reinforcement?,Use the recommended method for positive reinforcement,Avoid the recommended method for positive reinforcement,Try a random approach to positive reinforcement,Ask peers about positive reinforcement first,A,"The correct approach for positive reinforcement is to follow established guidelines that ensure safety and developmental appropriateness, making Option A the best practice."
974,Difficult,What is the best practice for emergent literacy?,Use the recommended method for emergent literacy,Avoid the recommended method for emergent literacy,Try a random approach to emergent literacy,Ask peers about emergent literacy first,A,"The correct approach for emergent literacy is to follow established guidelines that ensure safety and developmental appropriateness, making Option A the best practice."
975,Easy,What is the best practice for developmentally appropriate practice?,Use the recommended method for developmentally appropriate practice,Avoid the recommended method for developmentally appropriate practice,Try a random approach to developmentally appropriate practice,Ask peers about developmentally appropriate practice first,A,"The correct approach for developmentally appropriate practice is to follow established guidelines that ensure safety and developmental appropriateness, making Option A the best practice."
976,Difficult,What is the best practice for diapering safety?,Use the recommended method for diapering safety,Avoid the recommended method for diapering safety,Try a random approach to diapering safety,Ask peers about diapering safety first,A,"The correct approach for diapering safety is to follow established guidelines that ensure safety and developmental appropriateness, making Option A the best practice."
977,Difficult,What is the best practice for developmentally appropriate practice?,Use the recommended method for developmentally appropriate practice,Avoid the recommended method for developmentally appropriate practice,Try a random approach to developmentally appropriate practice,Ask peers about developmentally appropriate practice first,A,"The correct approach for developmentally appropriate practice is to follow established guidelines that ensure safety and developmental appropriateness, making Option A the best practice."
978,Difficult,What is the best practice for scaffolding?,Use the recommended method for scaffolding,Avoid the recommended method for scaffolding,Try a random approach to scaffolding,Ask peers about scaffolding first,A,"The correct approach for scaffolding is to follow established guidelines that ensure safety and developmental appropriateness, making Option A the best practice."
979,Easy,What is the best practice for trauma-informed care?,Use the recommended method for trauma-informed care,Avoid the recommended method for trauma-informed care,Try a random approach to trauma-informed care,Ask peers about trauma-informed care first,A,"The correct approach for trauma-informed care is to follow established guidelines that ensure safety and developmental appropriateness, making Option A the best practice."
980,Difficult,What is the best practice for serve-and-return?,Use the recommended method for serve-and-return,Avoid the recommended method for serve-and-return,Try a random approach to serve-and-return,Ask peers about serve-and-return first,A,"The correct approach for serve-and-return is to follow established guidelines that ensure safety and developmental appropriateness, making Option A the best practice."
981,Easy,What is the best practice for serve-and-return?,Use the recommended method for serve-and-return,Avoid the recommended method for serve-and-return,Try a random approach to serve-and-return,Ask peers about serve-and-return first,A,"The correct approach for serve-and-return is to follow established guidelines that ensure safety and developmental appropriateness, making Option A the best practice."
982,Intermediate,What is the best practice for developmentally appropriate practice?,Use the recommended method for developmentally appropriate practice,Avoid the recommended method for developmentally appropriate practice,Try a random approach to developmentally appropriate practice,Ask peers about developmentally appropriate practice first,A,"The correct approach for developmentally appropriate practice is to follow established guidelines that ensure safety and developmental appropriateness, making Option A the best practice."
983,Intermediate,What is the best practice for handwashing?,Use the recommended method for handwashing,Avoid the recommended method for handwashing,Try a random approach to handwashing,Ask peers about handwashing first,A,"The correct approach for handwashing is to follow established guidelines that ensure safety and developmental appropriateness, making Option A the best practice."
984,Difficult,What is the best practice for positive reinforcement?,Use the recommended method for positive reinforcement,Avoid the recommended method for positive reinforcement,Try a random approach to positive reinforcement,Ask peers about positive reinforcement first,A,"The correct approach for positive reinforcement is to follow established guidelines that ensure safety and developmental appropriateness, making Option A the best practice."
985,Moderate,What is the best practice for fine motor skills?,Use the recommended method for fine motor skills,Avoid the recommended method for fine motor skills,Try a random approach to fine motor skills,Ask peers about fine motor skills first,A,"The correct approach for fine motor skills is to follow established guidelines that ensure safety and developmental appropriateness, making Option A the best practice."
986,Difficult,What is the best practice for developmentally appropriate practice?,Use the recommended method for developmentally appropriate practice,Avoid the recommended method for developmentally appropriate practice,Try a random approach to developmentally appropriate practice,Ask peers about developmentally appropriate practice first,A,"The correct approach for developmentally appropriate practice is to follow established guidelines that ensure safety and developmental appropriateness, making Option A the best practice."
987,Moderate,What is the best practice for emergent literacy?,Use the recommended method for emergent literacy,Avoid the recommended method for emergent literacy,Try a random approach to emergent literacy,Ask peers about emergent literacy first,A,"The correct approach for emergent literacy is to follow established guidelines that ensure safety and developmental appropriateness, making Option A the best practice."
988,Intermediate,What is the best practice for transitions?,Use the recommended method for transitions,Avoid the recommended method for transitions,Try a random approach to transitions,Ask peers about transitions first,A,"The correct approach for transitions is to follow established guidelines that ensure safety and developmental appropriateness, making Option A the best practice."
989,Intermediate,What is the best practice for transitions?,Use the recommended method for transitions,Avoid the recommended method for transitions,Try a random approach to transitions,Ask peers about transitions first,A,"The correct approach for transitions is to follow established guidelines that ensure safety and developmental appropriateness, making Option A the best practice."
990,Intermediate,What is the best practice for inclusive play?,Use the recommended method for inclusive play,Avoid the recommended method for inclusive play,Try a random approach to inclusive play,Ask peers about inclusive play first,A,"The correct approach for inclusive play is to follow established guidelines that ensure safety and developmental appropriateness, making Option A the best practice."
991,Intermediate,What is the best practice for developmentally appropriate practice?,Use the recommended method for developmentally appropriate practice,Avoid the recommended method for developmentally appropriate practice,Try a random approach to developmentally appropriate practice,Ask peers about developmentally appropriate practice first,A,"The correct approach for developmentally appropriate practice is to follow established guidelines that ensure safety and developmental appropriateness, making Option A the best practice."
992,Easy,What is the best practice for observation techniques?,Use the recommended method for observation techniques,Avoid the recommended method for observation techniques,Try a random approach to observation techniques,Ask peers about observation techniques first,A,"The correct approach for observation techniques is to follow established guidelines that ensure safety and developmental appropriateness, making Option A the best practice."
993,Difficult,What is the best practice for trauma-informed care?,Use the recommended method for trauma-informed care,Avoid the recommended method for trauma-informed care,Try a random approach to trauma-informed care,Ask peers about trauma-informed care first,A,"The correct approach for trauma-informed care is to follow established guidelines that ensure safety and developmental appropriateness, making Option A the best practice."
994,Moderate,What is the best practice for formative assessment?,Use the recommended method for formative assessment,Avoid the recommended method for formative assessment,Try a random approach to formative assessment,Ask peers about formative assessment first,A,"The correct approach for formative assessment is to follow established guidelines that ensure safety and developmental appropriateness, making Option A the best practice."
995,Intermediate,What is the best practice for observation techniques?,Use the recommended method for observation techniques,Avoid the recommended method for observation techniques,Try a random approach to observation techniques,Ask peers about observation techniques first,A,"The correct approach for observation techniques is to follow established guidelines that ensure safety and developmental appropriateness, making Option A the best practice."
996,Expert,What is the best practice for attachment building?,Use the recommended method for attachment building,Avoid the recommended method for attachment building,Try a random approach to attachment building,Ask peers about attachment building first,A,"The correct approach for attachment building is to follow established guidelines that ensure safety and developmental appropriateness, making Option A the best practice."
997,Difficult,What is the best practice for emergent literacy?,Use the recommended method for emergent literacy,Avoid the recommended method for emergent literacy,Try a random approach to emergent literacy,Ask peers about emergent literacy first,A,"The correct approach for emergent literacy is to follow established guidelines that ensure safety and developmental appropriateness, making Option A the best practice."
998,Moderate,What is the best practice for formative assessment?,Use the recommended method for formative assessment,Avoid the recommended method for formative assessment,Try a random approach to formative assessment,Ask peers about formative assessment first,A,"The correct approach for formative assessment is to follow established guidelines that ensure safety and developmental appropriateness, making Option A the best practice."
999,Intermediate,What is the best practice for serve-and-return?,Use the recommended method for serve-and-return,Avoid the recommended method for serve-and-return,Try a random approach to serve-and-return,Ask peers about serve-and-return first,A,"The correct approach for serve-and-return is to follow established guidelines that ensure safety and developmental appropriateness, making Option A the best practice."
1000,Easy,What is the best practice for gross motor skills?,Use the recommended method for gross motor skills,Avoid the recommended method for gross motor skills,Try a random approach to gross motor skills,Ask peers about gross motor skills first,A,"The correct approach for gross motor skills is to follow established guidelines that ensure safety and developmental appropriateness, making Option A the best practice."
1001,Easy,"During magic marker on the whiteboard, what's the best practice for inclusive play?",Use playful cues and quick redirection to guide inclusive play,Stage a dramatic stand-up comedy routine,Hit pause and call for snack break immediately,Let the chaos run its course for 'creative learning',A,"When chaos happens, like magic marker on the whiteboard, using playful cues and gentle redirection maintains engagement and teaches inclusive play effectively, rather than letting disruption take over."
1002,Difficult,"During book fort construction, what's the best practice for emergent literacy?",Use playful cues and quick redirection to guide emergent literacy,Stage a dramatic stand-up comedy routine,Hit pause and call for snack break immediately,Let the chaos run its course for 'creative learning',A,"When chaos happens, like book fort construction, using playful cues and gentle redirection maintains engagement and teaches emergent literacy effectively, rather than letting disruption take over."
1003,Easy,"During the legendary fingerpaint explosion, what's the best practice for positive reinforcement?",Use playful cues and quick redirection to guide positive reinforcement,Stage a dramatic stand-up comedy routine,Hit pause and call for snack break immediately,Let the chaos run its course for 'creative learning',A,"When chaos happens, like the legendary fingerpaint explosion, using playful cues and gentle redirection maintains engagement and teaches positive reinforcement effectively, rather than letting disruption take over."
1004,Difficult,"During bath time bubble festival, what's the best practice for inclusive play?",Use playful cues and quick redirection to guide inclusive play,Stage a dramatic stand-up comedy routine,Hit pause and call for snack break immediately,Let the chaos run its course for 'creative learning',A,"When chaos happens, like bath time bubble festival, using playful cues and gentle redirection maintains engagement and teaches inclusive play effectively, rather than letting disruption take over."
1005,Easy,"During the great block tower collapse, what's the best practice for trauma-informed care?",Use playful cues and quick redirection to guide trauma-informed care,Stage a dramatic stand-up comedy routine,Hit pause and call for snack break immediately,Let the chaos run its course for 'creative learning',A,"When chaos happens, like the great block tower collapse, using playful cues and gentle redirection maintains engagement and teaches trauma-informed care effectively, rather than letting disruption take over."
1006,Moderate,"During magic marker on the whiteboard, what's the best practice for handwashing?",Use playful cues and quick redirection to guide handwashing,Stage a dramatic stand-up comedy routine,Hit pause and call for snack break immediately,Let the chaos run its course for 'creative learning',A,"When chaos happens, like magic marker on the whiteboard, using playful cues and gentle redirection maintains engagement and teaches handwashing effectively, rather than letting disruption take over."
1007,Moderate,"During book fort construction, what's the best practice for gross motor skills?",Use playful cues and quick redirection to guide gross motor skills,Stage a dramatic stand-up comedy routine,Hit pause and call for snack break immediately,Let the chaos run its course for 'creative learning',A,"When chaos happens, like book fort construction, using playful cues and gentle redirection maintains engagement and teaches gross motor skills effectively, rather than letting disruption take over."
1008,Intermediate,"During garden watering geyser, what's the best practice for inclusive play?",Use playful cues and quick redirection to guide inclusive play,Stage a dramatic stand-up comedy routine,Hit pause and call for snack break immediately,Let the chaos run its course for 'creative learning',A,"When chaos happens, like garden watering geyser, using playful cues and gentle redirection maintains engagement and teaches inclusive play effectively, rather than letting disruption take over."
1009,Intermediate,"During garden watering geyser, what's the best practice for observation techniques?",Use playful cues and quick redirection to guide observation techniques,Stage a dramatic stand-up comedy routine,Hit pause and call for snack break immediately,Let the chaos run its course for 'creative learning',A,"When chaos happens, like garden watering geyser, using playful cues and gentle redirection maintains engagement and teaches observation techniques effectively, rather than letting disruption take over."
1010,Easy,"During sing-along chorus of sneezes, what's the best practice for gross motor skills?",Use playful cues and quick redirection to guide gross motor skills,Stage a dramatic stand-up comedy routine,Hit pause and call for snack break immediately,Let the chaos run its course for 'creative learning',A,"When chaos happens, like sing-along chorus of sneezes, using playful cues and gentle redirection maintains engagement and teaches gross motor skills effectively, rather than letting disruption take over."
1011,Expert,"During the great block tower collapse, what's the best practice for observation techniques?",Use playful cues and quick redirection to guide observation techniques,Stage a dramatic stand-up comedy routine,Hit pause and call for snack break immediately,Let the chaos run its course for 'creative learning',A,"When chaos happens, like the great block tower collapse, using playful cues and gentle redirection maintains engagement and teaches observation techniques effectively, rather than letting disruption take over."
1012,Intermediate,"During garden watering geyser, what's the best practice for positive reinforcement?",Use playful cues and quick redirection to guide positive reinforcement,Stage a dramatic stand-up comedy routine,Hit pause and call for snack break immediately,Let the chaos run its course for 'creative learning',A,"When chaos happens, like garden watering geyser, using playful cues and gentle redirection maintains engagement and teaches positive reinforcement effectively, rather than letting disruption take over."
1013,Easy,"During puzzle piece hide-and-seek, what's the best practice for emergent literacy?",Use playful cues and quick redirection to guide emergent literacy,Stage a dramatic stand-up comedy routine,Hit pause and call for snack break immediately,Let the chaos run its course for 'creative learning',A,"When chaos happens, like puzzle piece hide-and-seek, using playful cues and gentle redirection maintains engagement and teaches emergent literacy effectively, rather than letting disruption take over."
1014,Intermediate,"During magic marker on the whiteboard, what's the best practice for trauma-informed care?",Use playful cues and quick redirection to guide trauma-informed care,Stage a dramatic stand-up comedy routine,Hit pause and call for snack break immediately,Let the chaos run its course for 'creative learning',A,"When chaos happens, like magic marker on the whiteboard, using playful cues and gentle redirection maintains engagement and teaches trauma-informed care effectively, rather than letting disruption take over."
1015,Moderate,"During snack table avalanche of crackers, what's the best practice for handwashing?",Use playful cues and quick redirection to guide handwashing,Stage a dramatic stand-up comedy routine,Hit pause and call for snack break immediately,Let the chaos run its course for 'creative learning',A,"When chaos happens, like snack table avalanche of crackers, using playful cues and gentle redirection maintains engagement and teaches handwashing effectively, rather than letting disruption take over."
1016,Expert,"During dress-up shoe parade, what's the best practice for transitions?",Use playful cues and quick redirection to guide transitions,Stage a dramatic stand-up comedy routine,Hit pause and call for snack break immediately,Let the chaos run its course for 'creative learning',A,"When chaos happens, like dress-up shoe parade, using playful cues and gentle redirection maintains engagement and teaches transitions effectively, rather than letting disruption take over."
1017,Expert,"During sensory bin spaghetti slip, what's the best practice for inclusive play?",Use playful cues and quick redirection to guide inclusive play,Stage a dramatic stand-up comedy routine,Hit pause and call for snack break immediately,Let the chaos run its course for 'creative learning',A,"When chaos happens, like sensory bin spaghetti slip, using playful cues and gentle redirection maintains engagement and teaches inclusive play effectively, rather than letting disruption take over."
1018,Easy,"During musical pot-and-pan symphony, what's the best practice for trauma-informed care?",Use playful cues and quick redirection to guide trauma-informed care,Stage a dramatic stand-up comedy routine,Hit pause and call for snack break immediately,Let the chaos run its course for 'creative learning',A,"When chaos happens, like musical pot-and-pan symphony, using playful cues and gentle redirection maintains engagement and teaches trauma-informed care effectively, rather than letting disruption take over."
1019,Moderate,"During playdough hair styling contest, what's the best practice for positive reinforcement?",Use playful cues and quick redirection to guide positive reinforcement,Stage a dramatic stand-up comedy routine,Hit pause and call for snack break immediately,Let the chaos run its course for 'creative learning',A,"When chaos happens, like playdough hair styling contest, using playful cues and gentle redirection maintains engagement and teaches positive reinforcement effectively, rather than letting disruption take over."
1020,Intermediate,"During toy car ramp demolition, what's the best practice for inclusive play?",Use playful cues and quick redirection to guide inclusive play,Stage a dramatic stand-up comedy routine,Hit pause and call for snack break immediately,Let the chaos run its course for 'creative learning',A,"When chaos happens, like toy car ramp demolition, using playful cues and gentle redirection maintains engagement and teaches inclusive play effectively, rather than letting disruption take over."
1021,Easy,"During garden watering geyser, what's the best practice for handwashing?",Use playful cues and quick redirection to guide handwashing,Stage a dramatic stand-up comedy routine,Hit pause and call for snack break immediately,Let the chaos run its course for 'creative learning',A,"When chaos happens, like garden watering geyser, using playful cues and gentle redirection maintains engagement and teaches handwashing effectively, rather than letting disruption take over."
1022,Intermediate,"During toy car ramp demolition, what's the best practice for emergent literacy?",Use playful cues and quick redirection to guide emergent literacy,Stage a dramatic stand-up comedy routine,Hit pause and call for snack break immediately,Let the chaos run its course for 'creative learning',A,"When chaos happens, like toy car ramp demolition, using playful cues and gentle redirection maintains engagement and teaches emergent literacy effectively, rather than letting disruption take over."
1023,Intermediate,"During sensory bin spaghetti slip, what's the best practice for fine motor skills?",Use playful cues and quick redirection to guide fine motor skills,Stage a dramatic stand-up comedy routine,Hit pause and call for snack break immediately,Let the chaos run its course for 'creative learning',A,"When chaos happens, like sensory bin spaghetti slip, using playful cues and gentle redirection maintains engagement and teaches fine motor skills effectively, rather than letting disruption take over."
1024,Easy,"During puzzle piece hide-and-seek, what's the best practice for handwashing?",Use playful cues and quick redirection to guide handwashing,Stage a dramatic stand-up comedy routine,Hit pause and call for snack break immediately,Let the chaos run its course for 'creative learning',A,"When chaos happens, like puzzle piece hide-and-seek, using playful cues and gentle redirection maintains engagement and teaches handwashing effectively, rather than letting disruption take over."
1025,Intermediate,"During dress-up shoe parade, what's the best practice for gross motor skills?",Use playful cues and quick redirection to guide gross motor skills,Stage a dramatic stand-up comedy routine,Hit pause and call for snack break immediately,Let the chaos run its course for 'creative learning',A,"When chaos happens, like dress-up shoe parade, using playful cues and gentle redirection maintains engagement and teaches gross motor skills effectively, rather than letting disruption take over."
1026,Expert,"During snack table avalanche of crackers, what's the best practice for gross motor skills?",Use playful cues and quick redirection to guide gross motor skills,Stage a dramatic stand-up comedy routine,Hit pause and call for snack break immediately,Let the chaos run its course for 'creative learning',A,"When chaos happens, like snack table avalanche of crackers, using playful cues and gentle redirection maintains engagement and teaches gross motor skills effectively, rather than letting disruption take over."
1027,Intermediate,"During toy car ramp demolition, what's the best practice for handwashing?",Use playful cues and quick redirection to guide handwashing,Stage a dramatic stand-up comedy routine,Hit pause and call for snack break immediately,Let the chaos run its course for 'creative learning',A,"When chaos happens, like toy car ramp demolition, using playful cues and gentle redirection maintains engagement and teaches handwashing effectively, rather than letting disruption take over."
1028,Expert,"During the great block tower collapse, what's the best practice for transitions?",Use playful cues and quick redirection to guide transitions,Stage a dramatic stand-up comedy routine,Hit pause and call for snack break immediately,Let the chaos run its course for 'creative learning',A,"When chaos happens, like the great block tower collapse, using playful cues and gentle redirection maintains engagement and teaches transitions effectively, rather than letting disruption take over."
1029,Easy,"During book fort construction, what's the best practice for serve-and-return?",Use playful cues and quick redirection to guide serve-and-return,Stage a dramatic stand-up comedy routine,Hit pause and call for snack break immediately,Let the chaos run its course for 'creative learning',A,"When chaos happens, like book fort construction, using playful cues and gentle redirection maintains engagement and teaches serve-and-return effectively, rather than letting disruption take over."
1030,Moderate,"During puzzle piece hide-and-seek, what's the best practice for inclusive play?",Use playful cues and quick redirection to guide inclusive play,Stage a dramatic stand-up comedy routine,Hit pause and call for snack break immediately,Let the chaos run its course for 'creative learning',A,"When chaos happens, like puzzle piece hide-and-seek, using playful cues and gentle redirection maintains engagement and teaches inclusive play effectively, rather than letting disruption take over."
1031,Intermediate,"During the great block tower collapse, what's the best practice for serve-and-return?",Use playful cues and quick redirection to guide serve-and-return,Stage a dramatic stand-up comedy routine,Hit pause and call for snack break immediately,Let the chaos run its course for 'creative learning',A,"When chaos happens, like the great block tower collapse, using playful cues and gentle redirection maintains engagement and teaches serve-and-return effectively, rather than letting disruption take over."
1032,Easy,"During dress-up shoe parade, what's the best practice for trauma-informed care?",Use playful cues and quick redirection to guide trauma-informed care,Stage a dramatic stand-up comedy routine,Hit pause and call for snack break immediately,Let the chaos run its course for 'creative learning',A,"When chaos happens, like dress-up shoe parade, using playful cues and gentle redirection maintains engagement and teaches trauma-informed care effectively, rather than letting disruption take over."
1033,Intermediate,"During dress-up cape malfunction, what's the best practice for handwashing?",Use playful cues and quick redirection to guide handwashing,Stage a dramatic stand-up comedy routine,Hit pause and call for snack break immediately,Let the chaos run its course for 'creative learning',A,"When chaos happens, like dress-up cape malfunction, using playful cues and gentle redirection maintains engagement and teaches handwashing effectively, rather than letting disruption take over."
1034,Moderate,"During the legendary fingerpaint explosion, what's the best practice for observation techniques?",Use playful cues and quick redirection to guide observation techniques,Stage a dramatic stand-up comedy routine,Hit pause and call for snack break immediately,Let the chaos run its course for 'creative learning',A,"When chaos happens, like the legendary fingerpaint explosion, using playful cues and gentle redirection maintains engagement and teaches observation techniques effectively, rather than letting disruption take over."
1035,Expert,"During sing-along chorus of sneezes, what's the best practice for serve-and-return?",Use playful cues and quick redirection to guide serve-and-return,Stage a dramatic stand-up comedy routine,Hit pause and call for snack break immediately,Let the chaos run its course for 'creative learning',A,"When chaos happens, like sing-along chorus of sneezes, using playful cues and gentle redirection maintains engagement and teaches serve-and-return effectively, rather than letting disruption take over."
1036,Difficult,"During dress-up cape malfunction, what's the best practice for fine motor skills?",Use playful cues and quick redirection to guide fine motor skills,Stage a dramatic stand-up comedy routine,Hit pause and call for snack break immediately,Let the chaos run its course for 'creative learning',A,"When chaos happens, like dress-up cape malfunction, using playful cues and gentle redirection maintains engagement and teaches fine motor skills effectively, rather than letting disruption take over."
1037,Easy,"During magic marker on the whiteboard, what's the best practice for fine motor skills?",Use playful cues and quick redirection to guide fine motor skills,Stage a dramatic stand-up comedy routine,Hit pause and call for snack break immediately,Let the chaos run its course for 'creative learning',A,"When chaos happens, like magic marker on the whiteboard, using playful cues and gentle redirection maintains engagement and teaches fine motor skills effectively, rather than letting disruption take over."
1038,Expert,"During puzzle piece hide-and-seek, what's the best practice for handwashing?",Use playful cues and quick redirection to guide handwashing,Stage a dramatic stand-up comedy routine,Hit pause and call for snack break immediately,Let the chaos run its course for 'creative learning',A,"When chaos happens, like puzzle piece hide-and-seek, using playful cues and gentle redirection maintains engagement and teaches handwashing effectively, rather than letting disruption take over."
1039,Moderate,"During sing-along chorus of sneezes, what's the best practice for fine motor skills?",Use playful cues and quick redirection to guide fine motor skills,Stage a dramatic stand-up comedy routine,Hit pause and call for snack break immediately,Let the chaos run its course for 'creative learning',A,"When chaos happens, like sing-along chorus of sneezes, using playful cues and gentle redirection maintains engagement and teaches fine motor skills effectively, rather than letting disruption take over."
1040,Moderate,"During bath time bubble festival, what's the best practice for serve-and-return?",Use playful cues and quick redirection to guide serve-and-return,Stage a dramatic stand-up comedy routine,Hit pause and call for snack break immediately,Let the chaos run its course for 'creative learning',A,"When chaos happens, like bath time bubble festival, using playful cues and gentle redirection maintains engagement and teaches serve-and-return effectively, rather than letting disruption take over."
1041,Expert,"During bath time bubble festival, what's the best practice for gross motor skills?",Use playful cues and quick redirection to guide gross motor skills,Stage a dramatic stand-up comedy routine,Hit pause and call for snack break immediately,Let the chaos run its course for 'creative learning',A,"When chaos happens, like bath time bubble festival, using playful cues and gentle redirection maintains engagement and teaches gross motor skills effectively, rather than letting disruption take over."
1042,Easy,"During magic marker on the whiteboard, what's the best practice for positive reinforcement?",Use playful cues and quick redirection to guide positive reinforcement,Stage a dramatic stand-up comedy routine,Hit pause and call for snack break immediately,Let the chaos run its course for 'creative learning',A,"When chaos happens, like magic marker on the whiteboard, using playful cues and gentle redirection maintains engagement and teaches positive reinforcement effectively, rather than letting disruption take over."
1043,Difficult,"During bath time bubble festival, what's the best practice for gross motor skills?",Use playful cues and quick redirection to guide gross motor skills,Stage a dramatic stand-up comedy routine,Hit pause and call for snack break immediately,Let the chaos run its course for 'creative learning',A,"When chaos happens, like bath time bubble festival, using playful cues and gentle redirection maintains engagement and teaches gross motor skills effectively, rather than letting disruption take over."
1044,Intermediate,"During sing-along chorus of sneezes, what's the best practice for emergent literacy?",Use playful cues and quick redirection to guide emergent literacy,Stage a dramatic stand-up comedy routine,Hit pause and call for snack break immediately,Let the chaos run its course for 'creative learning',A,"When chaos happens, like sing-along chorus of sneezes, using playful cues and gentle redirection maintains engagement and teaches emergent literacy effectively, rather than letting disruption take over."
1045,Intermediate,"During the legendary fingerpaint explosion, what's the best practice for gross motor skills?",Use playful cues and quick redirection to guide gross motor skills,Stage a dramatic stand-up comedy routine,Hit pause and call for snack break immediately,Let the chaos run its course for 'creative learning',A,"When chaos happens, like the legendary fingerpaint explosion, using playful cues and gentle redirection maintains engagement and teaches gross motor skills effectively, rather than letting disruption take over."
1046,Easy,"During the legendary fingerpaint explosion, what's the best practice for inclusive play?",Use playful cues and quick redirection to guide inclusive play,Stage a dramatic stand-up comedy routine,Hit pause and call for snack break immediately,Let the chaos run its course for 'creative learning',A,"When chaos happens, like the legendary fingerpaint explosion, using playful cues and gentle redirection maintains engagement and teaches inclusive play effectively, rather than letting disruption take over."
1047,Expert,"During dress-up cape malfunction, what's the best practice for positive reinforcement?",Use playful cues and quick redirection to guide positive reinforcement,Stage a dramatic stand-up comedy routine,Hit pause and call for snack break immediately,Let the chaos run its course for 'creative learning',A,"When chaos happens, like dress-up cape malfunction, using playful cues and gentle redirection maintains engagement and teaches positive reinforcement effectively, rather than letting disruption take over."
1048,Easy,"During musical pot-and-pan symphony, what's the best practice for fine motor skills?",Use playful cues and quick redirection to guide fine motor skills,Stage a dramatic stand-up comedy routine,Hit pause and call for snack break immediately,Let the chaos run its course for 'creative learning',A,"When chaos happens, like musical pot-and-pan symphony, using playful cues and gentle redirection maintains engagement and teaches fine motor skills effectively, rather than letting disruption take over."
1049,Difficult,"During sensory bin spaghetti slip, what's the best practice for inclusive play?",Use playful cues and quick redirection to guide inclusive play,Stage a dramatic stand-up comedy routine,Hit pause and call for snack break immediately,Let the chaos run its course for 'creative learning',A,"When chaos happens, like sensory bin spaghetti slip, using playful cues and gentle redirection maintains engagement and teaches inclusive play effectively, rather than letting disruption take over."
1050,Expert,"During sing-along chorus of sneezes, what's the best practice for positive reinforcement?",Use playful cues and quick redirection to guide positive reinforcement,Stage a dramatic stand-up comedy routine,Hit pause and call for snack break immediately,Let the chaos run its course for 'creative learning',A,"When chaos happens, like sing-along chorus of sneezes, using playful cues and gentle redirection maintains engagement and teaches positive reinforcement effectively, rather than letting disruption take over."
1051,Easy,"During garden watering geyser, what's the best practice for positive reinforcement?",Use playful cues and quick redirection to guide positive reinforcement,Stage a dramatic stand-up comedy routine,Hit pause and call for snack break immediately,Let the chaos run its course for 'creative learning',A,"When chaos happens, like garden watering geyser, using playful cues and gentle redirection maintains engagement and teaches positive reinforcement effectively, rather than letting disruption take over."
1052,Difficult,"During sensory bin spaghetti slip, what's the best practice for transitions?",Use playful cues and quick redirection to guide transitions,Stage a dramatic stand-up comedy routine,Hit pause and call for snack break immediately,Let the chaos run its course for 'creative learning',A,"When chaos happens, like sensory bin spaghetti slip, using playful cues and gentle redirection maintains engagement and teaches transitions effectively, rather than letting disruption take over."
1053,Easy,"During puzzle piece hide-and-seek, what's the best practice for emergent literacy?",Use playful cues and quick redirection to guide emergent literacy,Stage a dramatic stand-up comedy routine,Hit pause and call for snack break immediately,Let the chaos run its course for 'creative learning',A,"When chaos happens, like puzzle piece hide-and-seek, using playful cues and gentle redirection maintains engagement and teaches emergent literacy effectively, rather than letting disruption take over."
1054,Intermediate,"During toy car ramp demolition, what's the best practice for emergent literacy?",Use playful cues and quick redirection to guide emergent literacy,Stage a dramatic stand-up comedy routine,Hit pause and call for snack break immediately,Let the chaos run its course for 'creative learning',A,"When chaos happens, like toy car ramp demolition, using playful cues and gentle redirection maintains engagement and teaches emergent literacy effectively, rather than letting disruption take over."
1055,Easy,"During puzzle piece hide-and-seek, what's the best practice for fine motor skills?",Use playful cues and quick redirection to guide fine motor skills,Stage a dramatic stand-up comedy routine,Hit pause and call for snack break immediately,Let the chaos run its course for 'creative learning',A,"When chaos happens, like puzzle piece hide-and-seek, using playful cues and gentle redirection maintains engagement and teaches fine motor skills effectively, rather than letting disruption take over."
1056,Difficult,"During toy car ramp demolition, what's the best practice for positive reinforcement?",Use playful cues and quick redirection to guide positive reinforcement,Stage a dramatic stand-up comedy routine,Hit pause and call for snack break immediately,Let the chaos run its course for 'creative learning',A,"When chaos happens, like toy car ramp demolition, using playful cues and gentle redirection maintains engagement and teaches positive reinforcement effectively, rather than letting disruption take over."
1057,Easy,"During puzzle piece hide-and-seek, what's the best practice for emergent literacy?",Use playful cues and quick redirection to guide emergent literacy,Stage a dramatic stand-up comedy routine,Hit pause and call for snack break immediately,Let the chaos run its course for 'creative learning',A,"When chaos happens, like puzzle piece hide-and-seek, using playful cues and gentle redirection maintains engagement and teaches emergent literacy effectively, rather than letting disruption take over."
1058,Intermediate,"During puzzle piece hide-and-seek, what's the best practice for gross motor skills?",Use playful cues and quick redirection to guide gross motor skills,Stage a dramatic stand-up comedy routine,Hit pause and call for snack break immediately,Let the chaos run its course for 'creative learning',A,"When chaos happens, like puzzle piece hide-and-seek, using playful cues and gentle redirection maintains engagement and teaches gross motor skills effectively, rather than letting disruption take over."
1059,Easy,"During sensory bin spaghetti slip, what's the best practice for inclusive play?",Use playful cues and quick redirection to guide inclusive play,Stage a dramatic stand-up comedy routine,Hit pause and call for snack break immediately,Let the chaos run its course for 'creative learning',A,"When chaos happens, like sensory bin spaghetti slip, using playful cues and gentle redirection maintains engagement and teaches inclusive play effectively, rather than letting disruption take over."
1060,Easy,"During bath time bubble festival, what's the best practice for fine motor skills?",Use playful cues and quick redirection to guide fine motor skills,Stage a dramatic stand-up comedy routine,Hit pause and call for snack break immediately,Let the chaos run its course for 'creative learning',A,"When chaos happens, like bath time bubble festival, using playful cues and gentle redirection maintains engagement and teaches fine motor skills effectively, rather than letting disruption take over."
1061,Intermediate,"During sensory bin spaghetti slip, what's the best practice for emergent literacy?",Use playful cues and quick redirection to guide emergent literacy,Stage a dramatic stand-up comedy routine,Hit pause and call for snack break immediately,Let the chaos run its course for 'creative learning',A,"When chaos happens, like sensory bin spaghetti slip, using playful cues and gentle redirection maintains engagement and teaches emergent literacy effectively, rather than letting disruption take over."
1062,Moderate,"During magic marker on the whiteboard, what's the best practice for fine motor skills?",Use playful cues and quick redirection to guide fine motor skills,Stage a dramatic stand-up comedy routine,Hit pause and call for snack break immediately,Let the chaos run its course for 'creative learning',A,"When chaos happens, like magic marker on the whiteboard, using playful cues and gentle redirection maintains engagement and teaches fine motor skills effectively, rather than letting disruption take over."
1063,Moderate,"During the great block tower collapse, what's the best practice for handwashing?",Use playful cues and quick redirection to guide handwashing,Stage a dramatic stand-up comedy routine,Hit pause and call for snack break immediately,Let the chaos run its course for 'creative learning',A,"When chaos happens, like the great block tower collapse, using playful cues and gentle redirection maintains engagement and teaches handwashing effectively, rather than letting disruption take over."
1064,Intermediate,"During the great block tower collapse, what's the best practice for handwashing?",Use playful cues and quick redirection to guide handwashing,Stage a dramatic stand-up comedy routine,Hit pause and call for snack break immediately,Let the chaos run its course for 'creative learning',A,"When chaos happens, like the great block tower collapse, using playful cues and gentle redirection maintains engagement and teaches handwashing effectively, rather than letting disruption take over."
1065,Easy,"During garden watering geyser, what's the best practice for fine motor skills?",Use playful cues and quick redirection to guide fine motor skills,Stage a dramatic stand-up comedy routine,Hit pause and call for snack break immediately,Let the chaos run its course for 'creative learning',A,"When chaos happens, like garden watering geyser, using playful cues and gentle redirection maintains engagement and teaches fine motor skills effectively, rather than letting disruption take over."
1066,Expert,"During playdough hair styling contest, what's the best practice for handwashing?",Use playful cues and quick redirection to guide handwashing,Stage a dramatic stand-up comedy routine,Hit pause and call for snack break immediately,Let the chaos run its course for 'creative learning',A,"When chaos happens, like playdough hair styling contest, using playful cues and gentle redirection maintains engagement and teaches handwashing effectively, rather than letting disruption take over."
1067,Intermediate,"During snack table avalanche of crackers, what's the best practice for serve-and-return?",Use playful cues and quick redirection to guide serve-and-return,Stage a dramatic stand-up comedy routine,Hit pause and call for snack break immediately,Let the chaos run its course for 'creative learning',A,"When chaos happens, like snack table avalanche of crackers, using playful cues and gentle redirection maintains engagement and teaches serve-and-return effectively, rather than letting disruption take over."
1068,Easy,"During magic marker on the whiteboard, what's the best practice for positive reinforcement?",Use playful cues and quick redirection to guide positive reinforcement,Stage a dramatic stand-up comedy routine,Hit pause and call for snack break immediately,Let the chaos run its course for 'creative learning',A,"When chaos happens, like magic marker on the whiteboard, using playful cues and gentle redirection maintains engagement and teaches positive reinforcement effectively, rather than letting disruption take over."
1069,Easy,"During puzzle piece hide-and-seek, what's the best practice for positive reinforcement?",Use playful cues and quick redirection to guide positive reinforcement,Stage a dramatic stand-up comedy routine,Hit pause and call for snack break immediately,Let the chaos run its course for 'creative learning',A,"When chaos happens, like puzzle piece hide-and-seek, using playful cues and gentle redirection maintains engagement and teaches positive reinforcement effectively, rather than letting disruption take over."
1070,Easy,"During dress-up shoe parade, what's the best practice for trauma-informed care?",Use playful cues and quick redirection to guide trauma-informed care,Stage a dramatic stand-up comedy routine,Hit pause and call for snack break immediately,Let the chaos run its course for 'creative learning',A,"When chaos happens, like dress-up shoe parade, using playful cues and gentle redirection maintains engagement and teaches trauma-informed care effectively, rather than letting disruption take over."
1071,Expert,"During garden watering geyser, what's the best practice for handwashing?",Use playful cues and quick redirection to guide handwashing,Stage a dramatic stand-up comedy routine,Hit pause and call for snack break immediately,Let the chaos run its course for 'creative learning',A,"When chaos happens, like garden watering geyser, using playful cues and gentle redirection maintains engagement and teaches handwashing effectively, rather than letting disruption take over."
1072,Moderate,"During the legendary fingerpaint explosion, what's the best practice for gross motor skills?",Use playful cues and quick redirection to guide gross motor skills,Stage a dramatic stand-up comedy routine,Hit pause and call for snack break immediately,Let the chaos run its course for 'creative learning',A,"When chaos happens, like the legendary fingerpaint explosion, using playful cues and gentle redirection maintains engagement and teaches gross motor skills effectively, rather than letting disruption take over."
1073,Expert,"During puzzle piece hide-and-seek, what's the best practice for gross motor skills?",Use playful cues and quick redirection to guide gross motor skills,Stage a dramatic stand-up comedy routine,Hit pause and call for snack break immediately,Let the chaos run its course for 'creative learning',A,"When chaos happens, like puzzle piece hide-and-seek, using playful cues and gentle redirection maintains engagement and teaches gross motor skills effectively, rather than letting disruption take over."
1074,Intermediate,"During the legendary fingerpaint explosion, what's the best practice for gross motor skills?",Use playful cues and quick redirection to guide gross motor skills,Stage a dramatic stand-up comedy routine,Hit pause and call for snack break immediately,Let the chaos run its course for 'creative learning',A,"When chaos happens, like the legendary fingerpaint explosion, using playful cues and gentle redirection maintains engagement and teaches gross motor skills effectively, rather than letting disruption take over."
1075,Easy,"During snack table avalanche of crackers, what's the best practice for inclusive play?",Use playful cues and quick redirection to guide inclusive play,Stage a dramatic stand-up comedy routine,Hit pause and call for snack break immediately,Let the chaos run its course for 'creative learning',A,"When chaos happens, like snack table avalanche of crackers, using playful cues and gentle redirection maintains engagement and teaches inclusive play effectively, rather than letting disruption take over."
1076,Intermediate,"During book fort construction, what's the best practice for observation techniques?",Use playful cues and quick redirection to guide observation techniques,Stage a dramatic stand-up comedy routine,Hit pause and call for snack break immediately,Let the chaos run its course for 'creative learning',A,"When chaos happens, like book fort construction, using playful cues and gentle redirection maintains engagement and teaches observation techniques effectively, rather than letting disruption take over."
1077,Difficult,"During snack table avalanche of crackers, what's the best practice for observation techniques?",Use playful cues and quick redirection to guide observation techniques,Stage a dramatic stand-up comedy routine,Hit pause and call for snack break immediately,Let the chaos run its course for 'creative learning',A,"When chaos happens, like snack table avalanche of crackers, using playful cues and gentle redirection maintains engagement and teaches observation techniques effectively, rather than letting disruption take over."
1078,Expert,"During the legendary fingerpaint explosion, what's the best practice for transitions?",Use playful cues and quick redirection to guide transitions,Stage a dramatic stand-up comedy routine,Hit pause and call for snack break immediately,Let the chaos run its course for 'creative learning',A,"When chaos happens, like the legendary fingerpaint explosion, using playful cues and gentle redirection maintains engagement and teaches transitions effectively, rather than letting disruption take over."
1079,Intermediate,"During the legendary fingerpaint explosion, what's the best practice for serve-and-return?",Use playful cues and quick redirection to guide serve-and-return,Stage a dramatic stand-up comedy routine,Hit pause and call for snack break immediately,Let the chaos run its course for 'creative learning',A,"When chaos happens, like the legendary fingerpaint explosion, using playful cues and gentle redirection maintains engagement and teaches serve-and-return effectively, rather than letting disruption take over."
1080,Moderate,"During toy car ramp demolition, what's the best practice for inclusive play?",Use playful cues and quick redirection to guide inclusive play,Stage a dramatic stand-up comedy routine,Hit pause and call for snack break immediately,Let the chaos run its course for 'creative learning',A,"When chaos happens, like toy car ramp demolition, using playful cues and gentle redirection maintains engagement and teaches inclusive play effectively, rather than letting disruption take over."
1081,Easy,"During musical pot-and-pan symphony, what's the best practice for serve-and-return?",Use playful cues and quick redirection to guide serve-and-return,Stage a dramatic stand-up comedy routine,Hit pause and call for snack break immediately,Let the chaos run its course for 'creative learning',A,"When chaos happens, like musical pot-and-pan symphony, using playful cues and gentle redirection maintains engagement and teaches serve-and-return effectively, rather than letting disruption take over."
1082,Difficult,"During magic marker on the whiteboard, what's the best practice for emergent literacy?",Use playful cues and quick redirection to guide emergent literacy,Stage a dramatic stand-up comedy routine,Hit pause and call for snack break immediately,Let the chaos run its course for 'creative learning',A,"When chaos happens, like magic marker on the whiteboard, using playful cues and gentle redirection maintains engagement and teaches emergent literacy effectively, rather than letting disruption take over."
1083,Intermediate,"During toy car ramp demolition, what's the best practice for inclusive play?",Use playful cues and quick redirection to guide inclusive play,Stage a dramatic stand-up comedy routine,Hit pause and call for snack break immediately,Let the chaos run its course for 'creative learning',A,"When chaos happens, like toy car ramp demolition, using playful cues and gentle redirection maintains engagement and teaches inclusive play effectively, rather than letting disruption take over."
1084,Intermediate,"During magic marker on the whiteboard, what's the best practice for emergent literacy?",Use playful cues and quick redirection to guide emergent literacy,Stage a dramatic stand-up comedy routine,Hit pause and call for snack break immediately,Let the chaos run its course for 'creative learning',A,"When chaos happens, like magic marker on the whiteboard, using playful cues and gentle redirection maintains engagement and teaches emergent literacy effectively, rather than letting disruption take over."
1085,Moderate,"During book fort construction, what's the best practice for serve-and-return?",Use playful cues and quick redirection to guide serve-and-return,Stage a dramatic stand-up comedy routine,Hit pause and call for snack break immediately,Let the chaos run its course for 'creative learning',A,"When chaos happens, like book fort construction, using playful cues and gentle redirection maintains engagement and teaches serve-and-return effectively, rather than letting disruption take over."
1086,Easy,"During sensory bin spaghetti slip, what's the best practice for transitions?",Use playful cues and quick redirection to guide transitions,Stage a dramatic stand-up comedy routine,Hit pause and call for snack break immediately,Let the chaos run its course for 'creative learning',A,"When chaos happens, like sensory bin spaghetti slip, using playful cues and gentle redirection maintains engagement and teaches transitions effectively, rather than letting disruption take over."
1087,Easy,"During toy car ramp demolition, what's the best practice for serve-and-return?",Use playful cues and quick redirection to guide serve-and-return,Stage a dramatic stand-up comedy routine,Hit pause and call for snack break immediately,Let the chaos run its course for 'creative learning',A,"When chaos happens, like toy car ramp demolition, using playful cues and gentle redirection maintains engagement and teaches serve-and-return effectively, rather than letting disruption take over."
1088,Easy,"During the legendary fingerpaint explosion, what's the best practice for positive reinforcement?",Use playful cues and quick redirection to guide positive reinforcement,Stage a dramatic stand-up comedy routine,Hit pause and call for snack break immediately,Let the chaos run its course for 'creative learning',A,"When chaos happens, like the legendary fingerpaint explosion, using playful cues and gentle redirection maintains engagement and teaches positive reinforcement effectively, rather than letting disruption take over."
1089,Easy,"During dress-up cape malfunction, what's the best practice for transitions?",Use playful cues and quick redirection to guide transitions,Stage a dramatic stand-up comedy routine,Hit pause and call for snack break immediately,Let the chaos run its course for 'creative learning',A,"When chaos happens, like dress-up cape malfunction, using playful cues and gentle redirection maintains engagement and teaches transitions effectively, rather than letting disruption take over."
1090,Moderate,"During book fort construction, what's the best practice for emergent literacy?",Use playful cues and quick redirection to guide emergent literacy,Stage a dramatic stand-up comedy routine,Hit pause and call for snack break immediately,Let the chaos run its course for 'creative learning',A,"When chaos happens, like book fort construction, using playful cues and gentle redirection maintains engagement and teaches emergent literacy effectively, rather than letting disruption take over."
1091,Moderate,"During book fort construction, what's the best practice for emergent literacy?",Use playful cues and quick redirection to guide emergent literacy,Stage a dramatic stand-up comedy routine,Hit pause and call for snack break immediately,Let the chaos run its course for 'creative learning',A,"When chaos happens, like book fort construction, using playful cues and gentle redirection maintains engagement and teaches emergent literacy effectively, rather than letting disruption take over."
1092,Expert,"During sensory bin spaghetti slip, what's the best practice for serve-and-return?",Use playful cues and quick redirection to guide serve-and-return,Stage a dramatic stand-up comedy routine,Hit pause and call for snack break immediately,Let the chaos run its course for 'creative learning',A,"When chaos happens, like sensory bin spaghetti slip, using playful cues and gentle redirection maintains engagement and teaches serve-and-return effectively, rather than letting disruption take over."
1093,Intermediate,"During playdough hair styling contest, what's the best practice for positive reinforcement?",Use playful cues and quick redirection to guide positive reinforcement,Stage a dramatic stand-up comedy routine,Hit pause and call for snack break immediately,Let the chaos run its course for 'creative learning',A,"When chaos happens, like playdough hair styling contest, using playful cues and gentle redirection maintains engagement and teaches positive reinforcement effectively, rather than letting disruption take over."
1094,Intermediate,"During bath time bubble festival, what's the best practice for gross motor skills?",Use playful cues and quick redirection to guide gross motor skills,Stage a dramatic stand-up comedy routine,Hit pause and call for snack break immediately,Let the chaos run its course for 'creative learning',A,"When chaos happens, like bath time bubble festival, using playful cues and gentle redirection maintains engagement and teaches gross motor skills effectively, rather than letting disruption take over."
1095,Difficult,"During dress-up shoe parade, what's the best practice for transitions?",Use playful cues and quick redirection to guide transitions,Stage a dramatic stand-up comedy routine,Hit pause and call for snack break immediately,Let the chaos run its course for 'creative learning',A,"When chaos happens, like dress-up shoe parade, using playful cues and gentle redirection maintains engagement and teaches transitions effectively, rather than letting disruption take over."
1096,Intermediate,"During dress-up shoe parade, what's the best practice for positive reinforcement?",Use playful cues and quick redirection to guide positive reinforcement,Stage a dramatic stand-up comedy routine,Hit pause and call for snack break immediately,Let the chaos run its course for 'creative learning',A,"When chaos happens, like dress-up shoe parade, using playful cues and gentle redirection maintains engagement and teaches positive reinforcement effectively, rather than letting disruption take over."
1097,Expert,"During snack table avalanche of crackers, what's the best practice for emergent literacy?",Use playful cues and quick redirection to guide emergent literacy,Stage a dramatic stand-up comedy routine,Hit pause and call for snack break immediately,Let the chaos run its course for 'creative learning',A,"When chaos happens, like snack table avalanche of crackers, using playful cues and gentle redirection maintains engagement and teaches emergent literacy effectively, rather than letting disruption take over."
1098,Easy,"During magic marker on the whiteboard, what's the best practice for inclusive play?",Use playful cues and quick redirection to guide inclusive play,Stage a dramatic stand-up comedy routine,Hit pause and call for snack break immediately,Let the chaos run its course for 'creative learning',A,"When chaos happens, like magic marker on the whiteboard, using playful cues and gentle redirection maintains engagement and teaches inclusive play effectively, rather than letting disruption take over."
1099,Easy,"During sensory bin spaghetti slip, what's the best practice for serve-and-return?",Use playful cues and quick redirection to guide serve-and-return,Stage a dramatic stand-up comedy routine,Hit pause and call for snack break immediately,Let the chaos run its course for 'creative learning',A,"When chaos happens, like sensory bin spaghetti slip, using playful cues and gentle redirection maintains engagement and teaches serve-and-return effectively, rather than letting disruption take over."
1100,Difficult,"During snack table avalanche of crackers, what's the best practice for transitions?",Use playful cues and quick redirection to guide transitions,Stage a dramatic stand-up comedy routine,Hit pause and call for snack break immediately,Let the chaos run its course for 'creative learning',A,"When chaos happens, like snack table avalanche of crackers, using playful cues and gentle redirection maintains engagement and teaches transitions effectively, rather than letting disruption take over."
