Topic,Subtopic,Suggested Citation,Title/Description,Link to Video,Length of Video,Year Created,EI/ECSE Standards,DEC Recommended Practices,,
Assessment,Developmental Monitoring ,"American Academy of Pediatrics. (2018, May 21). Development Surveillance: What, Why and How [Video]. YouTube. https://www.youtube.com/watch?v=sceYLUHhgnU","Developmental Surveillance: What, Why and How:  American Academy of Pediatrics Pediatrician, Dr. Shelly Flais discusses developmental surveillance recommendations, tips, and resources available to pediatricians, clinicians, and families. Together, surveillance and screening are essential components to promote the optimal development of children.",https://www.youtube.com/watch?v=sceYLUHhgnU,6:30,2018,4.1,A2,,
Assessment,IFSP or  IEP Development,"Amy Casey. (2012, December 20). McWilliam on RBI and Early Intervention [Video]. YouTube. https://www.youtube.com/watch?v=yhcUotSkYAY","McWilliam on RBI and Early Intervention: Explanation of the evidence-based Routines Based Interview as a family assessment: supports families identify  their children's needs and family-level needs, provides context for assessment and intervention, results in plan that drives service, and provides a meaningful method to participate in the development of the IFSP or IEP. ",https://www.youtube.com/watch?v=yhcUotSkYAY,13:13,2012,4.1,A7,,
Assessment,Authentic Assessment,Colorado Department of Education. (2011). Using the iPod Touch and iPhone to Record Video and Photographic Documentation [Video]. YouTube. https://www.youtube.com/watch?v=qO-UZMif0j4,"Using the iPod Touch and iPhone to Record Video and Photographic Documentation: Three teachers discuss and illustrate how they use the iPhone and iPod Touch to record, watch, and share video and photographs as part of child observation. ",https://www.youtube.com/watch?v=qO-UZMif0j4  ,3:53,2011,4.2,A6,,
Assessment,Authentic Assessment,Colorado Department of Education. (2011). Using iPod Touch and Dragon Dictation to Record Observation notes [Video]. YouTube. https://www.youtube.com/watch?v=uL0pmADRInA,Using iPod Touch and Dragon Dictation to Record Observation notes: Illustrates how early care and education providers can use the free Dragon Dictation app on the iPod Touch to document observation notes.,https://www.youtube.com/watch?v=uL0pmADRInA,3:15,2011,4.2,A6,,
Assessment,Authentic Assessment,Colorado Department of Education. (2021). What is Authentic Assessment? [Video]. YouTube. https://www.youtube.com/watch?v=TmgrGdXAJJM,What Is Authentic Assessment?: Practitioners and families share their perspective on authentic assessment. Illustrates the primary features and purposes of authentic assessment in a classroom setting.,https://www.youtube.com/watch?v=TmgrGdXAJJM,3:02,2021,4.1,A6,,
Assessment,Authentic Assessment,Colorado Department of Education. (2021). Using Child Assessment Data to Achieve Positive Outcomes [Video]. YouTube. https://www.youtube.com/watch?v=PtR24V8z9_w,"Using Child Assessment Data to Achieve Positive Outcomes: Administrators and teachers illustrate how they use authentic child assessment data to: (1) inform funders, (2) inform classroom instruction (begins at 5:15), (3) meet the needs of individual children (begins at 7:15 and again at 12:18), (4) share with families (begins at 8:55), and (5) supports teachers (begins at 10:28).",https://www.youtube.com/watch?v=PtR24V8z9_w,14:20,2021,4.4,INS3,,
Assessment,Authentic Assessment,Colorado Department of Education. (2021). Sharing Video Documentation with Families [Video]. YouTube.https://www.youtube.com/watch?v=uqzOTWJITlU,Sharing Video Documentation with Families: Christina Devarona provides a powerful illustration of how video can help understand children’s learning and development and share that information with families.,https://www.youtube.com/watch?v=uqzOTWJITlU,2:47,2021,4.3,A11,,
Assessment,Authentic Assessment ,NCQTL Media Team. (2021). Children with Disabilities [Video]. Head Start Early Childhood Learning and Knowledge Center. https://eclkc.ohs.acf.hhs.gov/video/children-disabilities,Children with Disabilities: Describes how to use ongoing assessment data when teaching children with disabilities and how to adjust your teaching methods and provide additional support.,https://eclkc.ohs.acf.hhs.gov/video/children-disabilities,5:52,2021,4.2,A10,,
Assessment,Formative Assessment,The Center to Mobilize Early Childhood Education. (N.D.). CONNECT Video 7.4: Formative Assessment (Social emotional Development) [Video]. Division for Early Childhood. https://connectmodules.dec-sped.org/connect-modules/resources/videos/video-7-4/,CONNECT Video 7.4: Formative Assessment (Social emotional Development): A teacher conducts a formative assessment by observing and recording information about children in her classroom during center time.,https://connectmodules.dec-sped.org/connect-modules/resources/videos/video-7-4/,0:53,,4.4,A6,,
Assessment,Formative Assessment,The Center to Mobilize Early Childhood Education. (n.d.). CONNECT Video 7.5: Formative Assessment (Academic Learning) [Video]. Division for Early Childhood. https://connectmodules.dec-sped.org/connect-modules/resources/videos/video-7-5/,CONNECT Video 7.5: Formative Assessment (Academic Learning): A teacher conducts a formative assessment with a child on her knowledge of parts of words.,https://connectmodules.dec-sped.org/connect-modules/resources/videos/video-7-5/,1:19,,4.4,INS3,,
Assessment,Developmental Monitoring ,"Whitaker, T. & Zubler, J. (2020, July 8). Developmental Surveillance: Understanding and Incorporating into Practice [Video]. American Academy of Pediatrics. https://players.brightcove.net/6056665225001/KSSGZDkp6_default/index.html?videoId=6182171344001",Developmental Surveillance: Understanding and Incorporating into Practice: Highlights ways that both developmental monitoring and screening are important and complementary for children's healthy development and identifying disabilities or delays. ,https://players.brightcove.net/6056665225001/KSSGZDkp6_default/index.html?videoId=6182171344001,25:50,2020,4.1,A1,,
Assessment,Family Centered-Practice ,Colorado Department of Education. (2021) Using Video for Really Watching [Video]. YouTube. https://www.youtube.com/watch?v=updXJLC8yEo,Using Video for Really Watching: Early Interventionist Megan Klish Fibbe demonstrates how the use of video can help providers observe infants and toddlers and observe family strengths.,https://www.youtube.com/watch?v=updXJLC8yEo,1:52,2021,2.3,F6,,
Assessment ,Authentic Assessment,Centers for Disease and Prevention Control. (2008). Baby Steps: Learn the Signs. Act Early [Video]. YouTube. https://www.cdc.gov/cdctv/lifestagesandpopulations/baby-steps-autism.html,"Baby Steps “Learn the Signs. Act Early”: Highlights the importance of families observing their children in how they play, learn, speak and act (monitoring) and if they have a concern about their child's development to reach out to their pediatrician. Can be used as a public awareness.",https://www.youtube.com/watch?v=9Ithxd5KWhw&t=4s,4:32,2008,1.2,A8,,
Assessment ,Functional Behavioral Assessment ,"National Center for Pyramid Model Innovations. (2018). Brendan After PBS  [Video]. NCPMI.  https://challengingbehavior.cbcs.usf.edu/Pyramid/pbs/study.html#:~:text=Prior%20to%20implementing%20Positive%20Behavior%20Support%20%28PBS%29%2C%20Brendan,nothing%20seemed%20to%20work%20with%20their%20youngest%20son","Brendan After PBS: Brendan is a very happy, energetic, young boy. Prior to implementing Positive Behavior Support (PBS), Brendan had severe challenging behavior. PBS was a match with the family’s routines and values and allowed Brendan’s parents to view their dreams and visions for their son as achievable.","https://challengingbehavior.cbcs.usf.edu/Pyramid/pbs/study.html#:~:text=Prior%20to%20implementing%20Positive%20Behavior%20Support%20%28PBS%29%2C%20Brendan,Nothing%20seemed%20to%20work%20with%20their%20youngest%20son.",1:10,2018,6.4,INS9,,
Assessment ,Functional Behavioral Assessment ,"National Center for Pyramid Model Innovations. (2018). Brendan Before PBS  [Video]. NCPMI. https://challengingbehavior.cbcs.usf.edu/Pyramid/pbs/study.html#:~:text=Prior%20to%20implementing%20Positive%20Behavior%20Support%20%28PBS%29%2C%20Brendan,nothing%20seemed%20to%20work%20with%20their%20youngest%20son.","Brendan Before PBS: Prior to implementing Positive Behavior Support (PBS), Brendan had severe challenging behavior. Brendan and his family were physically, mentally, and emotionally exhausted and in desperate need of help.","https://challengingbehavior.cbcs.usf.edu/Pyramid/pbs/study.html#:~:text=Prior%20to%20implementing%20Positive%20Behavior%20Support%20%28PBS%29%2C%20Brendan,Nothing%20seemed%20to%20work%20with%20their%20youngest%20son.",0:47,2018,6.4,INS9,,
Assessment ,Authentic Assessment,Colorado Department of Education. (2021).  Authentic Assessment in Early Intervention [Video]. Youtube. https://www.youtube.com/watch?v=CjE3tSxhDDg,Authentic Assessment in Early Intervention: Physical Therapist Megan Kish Fibbe describes and illustrates how authentic assessment practices enhance EI work with children and families.  Focuses on the purposes and uses of observation in a home setting as an authentic assessment tool.,https://www.youtube.com/watch?v=CjE3tSxhDDg,7:36,2021,4.1,A6,,
Development,Disability Specific,March of Dimes. (2017). 2017 National Ambassador: Ismael Torres-Castrodad [Video]. YouTube. https://www.youtube.com/watch?v=aupplBdR49w ,"2017 National Ambassador: Ismael Torres-Castrodad: Ismael Torres-Castrodad of San Juan, Puerto Rico was born five weeks premature. Ismael’s story emphasizes the serious and complex problem of late preterm birth, (between 34-36 weeks of pregnancy). His story will resonate with millions of families because more than 70 percent of all preterm babies are born in this late preterm time frame.",https://www.youtube.com/watch?v=aupplBdR49w,5:20,2017,1.4,,,
Development,Self Regulation,"UMN Extension Dept. of Family, Health & Wellbeing. (2019, September 24). Understanding and Responding to Challenging Behaviors in Young Children [Video]. Youtube. https://www.youtube.com/watch?v=OaU7V_IEzi4","Understanding and Responding to Challenging Behaviors in Young Children: A summary of Dr. Katherine Lingras's presentation, ""Responding to Challenging Behaviors: Considering Two-Generation and Infant Mental health Frameworks in Early Childhood Settings.""",https://www.youtube.com/watch?v=OaU7V_IEzi4,14:47,2019,6.4,INT1 ,,
Development,Early Learning and Development,"EITP Illinois. (2018, February 3). Motor Behavior in Infants and Toddlers: A Developmental Systems Perspective [Webinar]. YouTube. https://www.youtube.com/watch?v=5_M4vMBSFl0","Motor Behavior in Infants and Toddlers: A Developmental Systems Perspective: Webinar discusses theories that explain the learning and development of infant motor behavior; how emerging motor  behaviors bring opportunities for learning and more moving and doing; the interaction between the infant and their physical, social and temporal environments; and research on the development of postural control and locomotion in infants. ",https://www.youtube.com/watch?v=5_M4vMBSFl0,1:19:07 Begin at 7:00,2018,1.1,,,
Development,"Interactions, Intervention and Instruction.","Embler, D. (Director). (2015). Get in Step with Responsive Teaching [Video]. Center for Early Literacy Learning. http://www.earlyliteracylearning.org/ta_pract_videos1.php",Get in Step with Responsive Teaching: This video illustrates the use of responsive teaching for encouraging children’s early language literacy learning.  ,http://www.earlyliteracylearning.org/ta_pract_videos1.php,8:28,2015,1.3,,,
Development,Early Learning and Development,"George Kalarritis, Clinical Psychologist. (2016, December 29). The Secret Life of the Brain (1 to 5) The Baby's Brain [Video]. YouTube. https://www.youtube.com/watch?v=U0L0mYi_ftc",The Secret Life of the Brain (1 of 5) The Baby's Brain (2002): Experts describe the fascinating development of a baby's brain in the first year of life. ,https://www.youtube.com/watch?v=U0L0mYi_ftc,54:28,2016,1.2,,,
Development,Disability Specific,"Michigan Medicine. (2012, May 4). What is Spina Bifida? [Video]. YouTube. https://www.youtube.com/watch?v=asl-c1zmHmk","What is Spina Bifida?: Describes rate of incidence, when and how Spina Bifida develops in a fetus and prevention. ",https://www.youtube.com/watch?v=asl-c1zmHmk,3:13,2012,1.4,,,
Development,Early Learning and Development ,Pathways. (2018). 2 Month Old Baby Typical and Atypical Development - Side by Side Comparison [Video]. Pathways Foundation. https://pathways.org/watch/2-month-old-typical-and-atypical-motor-development/,"2 Month Old Baby Typical & Atypical Development Side by Side: Using technical language, description of the development of movement is described.  A demonstration in a lab, illustrates the muscle activation in a 2 month old baby that is meeting gross motor milestones and a baby that is not meeting milestones.  Relevance to functional activities is mentioned, however the demonstration is from a lab. ",https://pathways.org/watch/2-month-old-typical-and-atypical-motor-development/,7:23,2018,1.4,A8,,
Development,Disability Specific,"Pathways. (2016, February 18). Recognizing Early Motor Delays as Early as Four and Six Months of Age[Video]. YouTube. https://www.youtube.com/watch?v=GzZMokyNs94",Recognizing Early Motor Delays as Early as Four and Six Months of Age: Learn why Tummy Time is important for baby and how to detect signs of an early motor delay at four and six  months of age. Presentation includes videos and links to accompanying handouts.  All materials including videos are provided at no cost; no fees or charges may be associated with any of the Pathways.org materials without prior written approval.,https://www.youtube.com/watch?v=LLi-6dU43uY,30:34,2016,1.4,,,
Development,Disability Specific,Williams Syndrome Association. (2015). Moments in Time: Coralie First Year Video [Video]. Williams Syndrome Association. https://williams-syndrome.org/resources/video/moments-in-time-coralies-first-year-video,Moments in Time: Coralie's First Year Video: Documentation of Coralie first few months of life and diagnosis of Williams Syndrome.,https://williams-syndrome.org/resources/video/moments-in-time-coralies-first-year-video,5:17,2015,1.4,,,
Development,Disability Specific,"wwjoshdew. (2011, January 9). My Daughter Trying to Walk with Cerebral Palsy [Video]. YouTube https://www.youtube.com/watch?v=HZM4Qem1eSk","My Daughter Trying to Walk with Cerebral Palsy: Video 1 of 2. Abby, a three-year-old with has cerebral palsy, practices walking, while her dad encourages her independence and persistence. The video illustrates her exceptional pattern of walking but also aspects of her development that are following a normative pattern. ",https://www.youtube.com/watch?v=HZM4Qem1eSk,3:28,2011,1.3,,,
Development,Everyday Learning Opportunities,Zero to Three. (2015). Magic of Everyday Moments: Driven to Discover: How Thinking Skills Develop Through Everyday Play and Exploration[Video]. Zero to Three. https://www.zerotothree.org/resources/200-driven-to-discover-how-thinking-skills-develop-through-everyday-play-and-exploration,"Magic of Everyday Moments: Driven to Discover: How Thinking Skills Develop Through Everyday Play and Exploration: The development of thinking skills such as cause and effect, spatial relationships, classification, and symbolic thinking are related to everyday experiences that parents provide. ",https://www.zerotothree.org/resources/200-driven-to-discover-how-thinking-skills-develop-through-everyday-play-and-exploration,4:19,2015,1.2,,,
Development,Interactions,"Zero to Three. (2016, March 7). Connecting with Babies: The Power of Parent/ Child Interaction [Video]. Zero to Three. https://www.zerotothree.org/resources/379-connecting-with-babies",Connecting with Babies: The Power of Parent/Child Interaction: This video demonstrates how a child responds to the parent's different patterns of interaction and discusses the consequences of these reaction on development. ,https://www.zerotothree.org/resources/379-connecting-with-babies,3:07,2016,1.3,F5,,
Development,Early Learning and Development,"Albert Einstein College of Medicine. (2015, April 15). Developmental Milestones: Baby Talk from First Sounds to First Words [Video]. YouTube. https://www.youtube.com/watch?v=a7WAfwKi88Q&list=RD30lO3gXeoUs",Developmental Milestones: Baby Talk from First Sounds to First Words: Stages of speech and communication development during the first year of life are explained. The developmental progression is highlighted as the child interacts with parents and siblings.,https://www.youtube.com/watch?v=a7WAfwKi88Q&list=RD30lO3gXeoUs,5:35,2015,1.2,,,
Development,Early Learning and Development,American Society of Pediatrics. (2018). No Alcohol During Pregnancy is the Safest Choice [Video]. YouTube. https://www.youtube.com/watch?v=R6Zi2D2u8ZU,"No Alcohol During Pregnancy is the Safest Choice: An estimated 40,000 babies are born each year with FASDs, which can result in birth defects, intellectual or learning disabilities, behavior problems and trouble learning life skills. ",https://www.youtube.com/watch?v=R6Zi2D2u8ZU,0:31,2018,1.4,,,
Development,Early Learning and Development,Pompeu Fabra University & Barcelona University. (2015). Before Their First Words [Video gallery].Pompeu Fabra University & Barcelona University. http://beforefirstwords.upf.edu/videos-gallery/,Before Their First Words: Video Gallery: Newborns become increasingly aware of language and interactions around them. ,http://beforefirstwords.upf.edu/videos-gallery/ ,varies,2015,1.2,,,
Development,Early Learning and Development,"Branson, J.S. (2017, August 20). Erik Erikson and Lifespan Development [Video]. YouTube. https://www.youtube.com/watch?v=pxgp69xtV0I","Erik Erikson and Lifespan Development: In an interview, Erik Erikson explains his theory of psychosocial development highlighting his stages of development. ",https://www.youtube.com/watch?v=pxgp69xtV0I,6:00,2017,1.1,,,
Development,Early Learning and Development ,Center for Disease Control. (2020). CDC Milestones in Action: Photos and Videos [Video & Photos]. Centers for Disease Control and Prevention. https://www.cdc.gov/ncbddd/actearly/milestones/milestones-in-action.html,"CDC Milestones in Action: Photos and Videos: Milestones in Action is a photo and video library of photos and videos for the ages of 2 months, 4 months, 6 months, 9 months, 1 year, 18 months, 2 years, 3 years, 4 years, and 5 years.  The number of videos for each age range varies with videos depicting developmental skills in the social-emotional, language/communication, cognitive, and motor developmental domains.",https://www.cdc.gov/ncbddd/actearly/milestones/milestones-in-action.html,Varied,2020,1.2,,,
Development,Early Learning and Development,"Center for Early Education and Development University of Minnesota. (2012). Child Development Care Story, Part 1: Brain Architecture [Video]. Center for Early Education and Development University of Minnesota. https://ceed.umn.edu/project-for-babies-videos/","Child Development Core Story, Part 1: Brain Architecture: Experts in the field relate the importance of building a strong foundation of brain architecture to future learning. ",https://ceed.umn.edu/project-for-babies-videos/,5:48,2012,1.2,,,
Development,Serve and Return,"Center for Early Education and Development University of Minnesota. (2012). Child Development Care Story, Part 2: Serve and Return [Video]. Center for Early Education and Development University of Minnesota. https://ceed.umn.edu/project-for-babies-videos/","Child Development Core Story, Part 2: Serve and Return: The serve and return interactions between adults and young children as well as the link between responsive caregiving in the early years and building essential social, emotional, and attention skills necessary for later learning are discussed. ",https://ceed.umn.edu/project-for-babies-videos/,4:53,2012,1.2,,,
Development,Toxic Stress ,"Center for Early Education and Development University of Minnesota. (2012). Child Development Care Story, Part 3: Stress [Video]. Center for Early Education and Development University of Minnesota. https://ceed.umn.edu/project-for-babies-videos/","Child Development Core Story, Part 3: Stress: The chemical reaction to three levels of stress; positive, tolerable, and toxic are discussed in relationship to brain functioning. The impact of toxic stress on school performance and long-term health is emphasized.",https://ceed.umn.edu/project-for-babies-videos/,5:54,2012,1.3,,,
Development,Resiliency,"Center for Early Education and Development University of Minnesota. (2012). Child Development Care Story, Part 5: Resilience [Video]. Center for Early Education and Development University of Minnesota. https://ceed.umn.edu/project-for-babies-videos/","Child Development Core Story, Part 5: Resilience: Children are incredibly resilient – the same rapid brain development that occurs in the first few years of life that make young children particularly vulnerable to maltreatment also make those same children particularly receptive to intervention.",https://ceed.umn.edu/project-for-babies-videos/,7:00,2012,1.3,,,
Development,Toxic Stress ,"Center for the Developing Child Harvard University. (2019). Stress and Resilience: How Toxic Stress Affects Us, and What We Can Do About It [Video]. Center for the Developing Child Harvard University. https://developingchild.harvard.edu/resources/stress-and-resilience-how-toxic-stress-affects-us-and-what-we-can-do-about-it/","Stress and Resilience: How Toxic Stress Affects Us, and What We Can Do About It: Identifies what toxic stress is, how it can affect a parent and what a parent can do—both individually and in connection with his/her community to deal with what they are experiencing.",https://developingchild.harvard.edu/resources/stress-and-resilience-how-toxic-stress-affects-us-and-what-we-can-do-about-it/,3:52,2019,1.3,F7,,
Development,Brain Development,Center on the Developing Child Harvard University & National Scientific Council on the Developing Child. (2013). InBrief: The Science of Neglect [Video]. Center on the Developing Child Harvard University. https://developingchild.harvard.edu/resources/inbrief-the-science-of-early-childhood-development/,"In Brief: The Science of Neglect: Reviews the need for young children to have responsive interactions with adults, the impact unresponsive care has on activation of stress hormones, and the consequences of neglect on the developing brain. ",https://developingchild.harvard.edu/resources/inbrief-the-science-of-neglect-video/,5:57,2013,1.3,,,
Development,Social Emotional,Center on the Developing Child Harvard University & National Scientific Council on the Developing Child. (2019). InBrief: Early Childhood Mental Health[Video]. Center on the Developing Child Harvard University. https://developingchild.harvard.edu/resources/inbrief-early-childhood-mental-health-video/,"InBrief: Early Childhood Mental Health: Science tells us that the foundations of sound mental health are built early in life. Early experiences - including children’s relationships with parents, caregivers, relatives, teachers, and peers - interact with genes to shape the architecture of the developing brain. ",https://developingchild.harvard.edu/resources/inbrief-early-childhood-mental-health-video/,5:04,2019,1.2,,,
Development,Early Learning and Development,"Center on the Developing Child Harvard University, National Scientific Council on the Developing Child & National Forum on Early Childhood Policy and Program. (2012). InBrief: Executive Function: Skills for Life and Learning[Video]. Center on the Developing Child Harvard University. https://developingchild.harvard.edu/resources/inbrief-executive-function-skills-for-life-and-learning/","InBrief: Executive Function: Skills for Life and Learning: Describes the importance of executive functioning (inhibitory control, working memory, and mental flexibility) and how it develops in the early years.",https://developingchild.harvard.edu/resources/inbrief-executive-function-skills-for-life-and-learning/,5:35,2012,1.2,,,
Development,Early Learning and Development,Center on the Developing Child Harvard University. (2007). InBrief: The Science of Early Childhood Development [Video]. Center on the Developing Child Harvard University. https://developingchild.harvard.edu/resources/inbrief-the-science-of-early-childhood-development/,InBrief: The Science of Early Childhood Development: Dr. Jack Shonkoff explains the interplay between experience and brain development. ,https://developingchild.harvard.edu/resources/inbrief-the-science-of-early-childhood-development/,3:57,2007,1.2,,,
Development,Early Learning and Development ,Center on the Developing Child Harvard University. (2017). How Children and Adults Can Build Core Capabilities for Life [Video]. Center on the Developing Child Harvard University. https://developingchild.harvard.edu/resources/video-building-core-capabilities-life/,How Children and Adults Can Build Core Capabilities for Life: Development and use of core capabilities — known as executive function and self-regulation skills — from early childhood into adolescence and adulthood is explored.,https://developingchild.harvard.edu/resources/video-building-core-capabilities-life/,5:32,2017,1.2,,,
Development,Disability Specific,"CHASA - Children's Hemiplegia and Stroke  Association. (2012, December 6). Lincoln's Story - Early Signs of Hemiplegia Cerebral Palsy or Pediatric Stroke [Video]. YouTube.  https://www.youtube.com/watch?v=MDO6bijBRHs",Lincoln's Story - Early Signs of Hemiplegia Cerebral Palsy or Pediatric Stroke: Illustrates the journey leading up to a Lincoln's diagnosis of hemiplegic cerebral palsy.,https://www.youtube.com/watch?v=MDO6bijBRHs,4:58,2012,1.4,,,
Development,Early Learning and Development,"Davidson Films, Inc. (2010, June 21). Vygotsky's Developmental Theory: An Introduction (Davidson Films, Inc. [Video]. YouTube. https://www.youtube.com/watch?v=InzmZtHuZPY","Vygotsky's Developmental Theory: An Introduction (Davidson Films, Inc.): The work of Lev Vygotsky is increasingly cited as we reconsider the theory and practice of constructivist education. This program introduces the life, vocabulary and concepts of Lev Vygotsky. The video illustrates four basic concepts integral to his work: Children construct knowledge, learning can lead development, development cannot be separated from its social context, and language plays a central role in cognitive development. Elena Bodrova brings an easy familiarity to these concepts. Deborah Leong's commentary and the lively classroom examples enable students, teachers in training, and classroom teachers to incorporate these concepts into their understanding of child development. ",https://www.youtube.com/watch?v=InzmZtHuZPY,4:01,2010,1.1,,,
Development,Early Learning and Development,"Department of Education and Training, Victoria. (2016, July 18). The Ecological Model of Child Learning and Development [Video]. YouTube. https://www.youtube.com/watch?v=n7VMo51xRTA",The Ecological Model of Child Learning and Development: Brief explanation of Uri Bronfenbrenner's Ecological Theory.,https://www.youtube.com/watch?v=n7VMo51xRTA,2:40,2016,1.1,,,
Development,Disability Specific ,"EITP Illinois. (2016, March 21). Early Motor Delays: How to Make 0-3 Count for Children with Cerebral Palsy [Video]. YouTube. https://www.youtube.com/watch?v=PxUg8nOspIw&list=PL7F9l-VZdRS8in345ayGuQ8pr6RDGT8L1","Early Motor Delays: How to Make 0-3 Count for Children with Cerebral Palsy: Webinar describes early motor delays and cerebral palsy; the impact of early identification and diagnosis; and importance of considering the family context for recommendations. Two parents of children with cerebral palsy share their experience, knowledge, and perspective on balancing targeted interventions with a holistic approach to raising a child with cerebral palsy. ",https://www.youtube.com/watch?v=PxUg8nOspIw&list=PL7F9l-VZdRS8in345ayGuQ8pr6RDGT8L1,1:15:28 Begin at 6:50,2016,1.4,F1,,
Development,Early Learning and Development,"EITP Illinois. (2016, February 8). Facilitating Motor Skill Development in Infants and Toddlers[Video]. YouTube. https://www.youtube.com/watch?v=-oRuC37j-uc&list=PL7F9l-VZdRS8in345ayGuQ8pr6RDGT8L1 ","Facilitating Motor Skill Development in Infants and Toddlers: Webinar reviews the importance of supporting families to address motor skill development; common myths about motor skill development; motor challenges experienced by young children; and strategies for facilitating motor developments using DEC Recommended Practices and the National Association for Sport Physical Education for children, birth-5 year olds. . ",https://www.youtube.com/watch?v=-oRuC37j-uc&list=PL7F9l-VZdRS8in345ayGuQ8pr6RDGT8L1,1:18:03 Begin at 8:45,2016,1.2,,,
Development,Disability Specific,"EITP Illinois. (2016, March 14) Fetal Alcohol Spectrum Disorders: Early Childhood [Video]. YouTube. https://www.youtube.com/watch?v=NltcPNeHubg&list=PL7F9l-VZdRS8in345ayGuQ8pr6RDGT8L1","Fetal Alcohol Spectrum Disorders: Early Childhood: Presented are the statistics of mothers that drink during pregnancy, how the fetus metabolizes alcohol,  diagnosis criteria,  an adoptive parent's perspective, and how alcohol exposure can affect development. ",https://www.youtube.com/watch?v=NltcPNeHubg&list=PL7F9l-VZdRS8in345ayGuQ8pr6RDGT8L1,1:16:41  Begin at 6:10,2016,1.3,,,
Development,Family-Centered Early Intervention ,"EITP Illinois. (2016, March 5). Genetic Considerations in Young Children with Developmental Delays [Video]. YouTube. https://www.youtube.com/watch?v=Te_mSvrdulo&list=PL7F9l-VZdRS8in345ayGuQ8pr6RDGT8L1",Genetic Considerations in Young Children with Developmental Delays: Webinar reviews how to identify red flags of genetic disorders during evaluations; current newborn genetic screening and testing technologies; accessing resources for screening and referral for further testing and counseling; strategies for communicating with and supporting families; and coordinating care with specialists.,https://www.youtube.com/watch?v=Te_mSvrdulo&list=PL7F9l-VZdRS8in345ayGuQ8pr6RDGT8L1,1:26:25 Begin at 7:05,2016,1.3,,,
Development,Early Learning and Development,Colorado Department of Education. (2021). Samantha and Sara Building Towers and Castles [Video]. YouTube. https://www.youtube.com/watch?v=XdUx3iHNuhs,"Samantha and Sara Building Towers and Castles: Preschoolers Sara and Samantha demonstrate a variety of imaginative, fine motor, gross motor, communication, and social-emotional skills in the block area.",https://www.youtube.com/watch?v=XdUx3iHNuhs,6:45,2021,1.2,,,
Development,Early Learning and Development ,Colorado Department of Education. (2021). Cameron and Alexis Playing with Blocks [Video].  YouTube. https://www.youtube.com/watch?v=MrfW5GhfUDk,"Cameron and Alexis Playing with Blocks: Cameron and Alexis demonstrate a variety of communication, social-emotional, problem-solving, fine-motor, imagination, and play skills in the block area. ",https://www.youtube.com/watch?v=MrfW5GhfUDk,4:25,2021,1.2,,,
Development,Early Learning and Development,"Edelman, L. (2011). Child Outcomes Step-by-Step[Video]. Desired Results Access Project. https://draccess.org/videolibrary/ChildOutcomesStepByStep","Child Outcomes Step-by-Step:  A set of three child outcomes adopted by the U.S. Department of Education are described. These outcomes address three areas of child functioning necessary for each child to be an active and successful participant at home, in the community, and in other places like a childcare program or preschool. Measuring progress on the outcomes helps states meet federal reporting requirements for children with disabilities.              ",https://draccess.org/videolibrary/ChildOutcomesStepByStep,8:44,2011,1.4,INS4,,
Development,Early Learning and Development,Colorado Department of Education. (2021). Joy and Johna Working on a Puzzle [Video]. YouTube. https://www.youtube.com/watch?v=TlCHMA29Wgk,"Joy and Johna Working on a Puzzle: Preschoolers Joy and Johna demonstrate a rich variety of fine motor, communication, social-emotional, play, and problem-solving skills when work on a puzzle together.",https://www.youtube.com/watch?v=TlCHMA29Wgk,6:04,2021,1.2,,,
Development,Early Learning and Development,Colorado Department of Education. (2015). Gabby [Video]. YouTube. https://www.youtube.com/watch?v=rfVPpW-FZkE,"Gabby: Gabby, a toddler, demonstrates a variety of motor skills",https://www.youtube.com/watch?v=rfVPpW-FZkE,1:38,2015,1.2,,,
Development,Early Learning and Development,Colorado Department of Education. (2015). Lilly [Video]. YouTube. https://www.youtube.com/watch?v=w9XGxwtPPYw,"Lilly: Lilly, just learning to crawl, demonstrates fine motor, gross motor, and communication skills as she interacts with toys, peers, and a caregiver.",https://www.youtube.com/watch?v=w9XGxwtPPYw,3:18,2015,1.2,,,
Development,Responsive Adult-Child Interactions,"Edelman, L., and Greer, L. (2016). Angel at Lunch [Video]. Desired Results Access Project.  https://www.draccess.org/videolibrary/AngelAtLunch",Angel at Lunch: Angel demonstrates a variety of mealtime and self-help skills. ,https://www.draccess.org/videolibrary/AngelAtLunch,3;32,2016,1.4,,,
Development,Early Learning and Development ,"Edelman, L., and Greer, L. (2016). Cody on the Playground [Video]. Desired Results Access Project.  https://www.draccess.org/videolibrary/CodyOnThePlayground","Cody on the Playground: Cody, a preschooler with down syndrome, plays on the playground - he uses a riding toy, maneuvers in and out a tires placed on the ground, and pretends to cook in the outside kitchen.",https://www.draccess.org/videolibrary/CodyOnThePlayground,3:57,2016,1.4,,,
Development,Lead Levels,"EITP Illinois. (2018, March 20). Understanding the Neurocognitive Effects and Developmental Outcomes of Low-Level Lead Toxicity [Webinar].  YouTube. https://www.youtube.com/watch?v=QGzgb6fz-i0",Understanding the Neurocognitive Effects and Developmental Outcomes of Low-Level Lead Toxicity: Webinar reviews how lead exposure occurs and methods of prevention; the developmental implications and long term impact of lead exposure for children; and the role of Early Intervention and strategies to be implemented in improving outcomes for children who have been exposed to lead. ,https://www.youtube.com/watch?v=QGzgb6fz-i0,8:19,2018,1.3,A8,,
Development,"Interactions, Intervention and Instruction. ","Embler, D. (Director). (2008). Tune In: Responsiveness Interaction Style [Video]. The Orelena Hawks Puckett Institute. http://www.earlyliteracylearning.org/ta_pract_videos1.php","Tune In: Responsiveness Interaction Style: Research tells us that an adult caregiver’s responsive interaction style benefits the early development of babies and young children, including children with disabilities or developmental delays. Three characteristics of a “tuned-in” adult-child interaction style are illustrated. ",http://www.earlyliteracylearning.org/ta_pract_videos1.php,6:42,2008,6.2,,,
Development,Early Learning and Development,"Anna Contigo. (2016, January 15). Vygotsky vs Piaget [Video]. YouTube. https://www.youtube.com/watch?v=uMchQteVj98",Vygotsky vs Piaget: “Vygotsky and Piaget” discuss some of the major differences in their theories of development. ,https://www.youtube.com/watch?v=uMchQteVj98,1:58,2016,1.1,,,
Development,Disability Specific,"Faquier ENT. (2012, February 15). Newborn Hearing Testing Screening (OAE and ABR) [Video]. YouTube. https://www.youtube.com/watch?v=QvrBogzziXA","Newborn Hearing Testing Screening (OAE and ABR): Shows how hearing screening is performed in newborn babies.  The two main types of hearing testing, auditory brainstem response and otoacoustic emissions, is shown. ",https://www.youtube.com/watch?v=QvrBogzziXA&feature=related,3:50,2012,1.4,A8,,
Development,Serve and Return,Filming Interactions to Nurture Development (FIND) Program. (2019). How-to: 5 Steps for Brain-Building Serve and Return[Video]. Center on the Developing Child Harvard University. https://developingchild.harvard.edu/resources/how-to-5-steps-for-brain-building-serve-and-return/,How-to: 5 Steps for Brain-Building Serve and Return: This video breaks down serve and return into 5 simple steps and features adults and young children doing each step together.,https://developingchild.harvard.edu/resources/how-to-5-steps-for-brain-building-serve-and-return/,6:05,2019,1.2,,,
Development,Disability Specific,"FRAXA Research Syndrome. (2018, September 12). Fragile X Syndrome (FXS) 10 Things You Did not Know [Video]. YouTube. https://www.youtube.com/watch?v=vrOnHeLd-7I","Fragile X Syndrome (FXS) 10 Things You Did not Know: Malcom Lawson, a father with a child with Fragile X Syndrome, shares information about his son's genetic disorder.",https://www.youtube.com/watch?v=vrOnHeLd-7I,4:18,2018,1.4,,,
Development,Early Learning and Development,"George Kalarritis, Clinical Psychologist. (2016, December 29). The Secret Life of the Brain (2 to 5) The Childs Brain [Video]. YouTube. https://www.youtube.com/watch?v=DK4NhmY5bK0",The Secret Life of the Brain (2 of 5) The Child's Brain (2002): Experts describe the fascinating development of a child's brain until adolescence. ,https://www.youtube.com/watch?v=DK4NhmY5bK0,5:57,2016,1.2,,,
Development,Disability Specific,Gillette Children's Specialty Healthcare. (n.d.). How Often Does Cerebral Palsy Occur? [Video]. Gillette Children's Specialty Healthcare. https://www.gillettechildrens.org/conditions-care/cerebral-palsy/what-is-cerebral-palsy,"How Often Does Cerebral Palsy Occur?: Describes the definition of cerebral palsy, the causes, and the types. ",https://www.gillettechildrens.org/conditions-care/cerebral-palsy/what-is-cerebral-palsy,5:19,2016,1.4,,,
Development,Vision,Hilton/Early Head Start Training Program. (2007). Including Infants and Toddlers with Disabilities: Session 3: Adults with Disabilities [Video]. Head Start Early Childhood Learning and Knowledge Center. https://eclkc.ohs.acf.hhs.gov/children-disabilities/specialquest-multimedia-training-library/session-3-adults-disabilities-creating-long-term-vision,"Including Infants and Toddlers with Disabilities: Session 3: Adults with Disabilities: Creating a Long-Term Vision: Focusing on the perspectives of  adults with disabilities, these three videos examine the importance of their experiences and successes in developing a long-term vision for infants and toddlers with disabilities and their families. ",https://eclkc.ohs.acf.hhs.gov/children-disabilities/specialquest-multimedia-training-library/session-3-adults-disabilities-creating-long-term-vision,varies,2007,1.3,F5,,
Development,Development and Learning,Hilton/Early Head Start Training Program. (2007). Including Infants and Toddlers with Disabilities: Session 5: Developing Family-Service Provider Collaboration [Video]. Head Start Early Childhood Learning and Knowledge Center. https://eclkc.ohs.acf.hhs.gov/children-disabilities/specialquest-multimedia-training-library/session-3-adults-disabilities-creating-long-term-vision,Including Infants and Toddlers with Disabilities: Session 5: Developing Family-Service Provider Collaboration: Specific examples of what family-service provider collaboration can look like and what families view as important in building those collaborative relationships so that they can be informed decision-makers for their child and themselves.,https://eclkc.ohs.acf.hhs.gov/children-disabilities/specialquest-multimedia-training-library/session-4-enhancing-staffs-comfort-confidence,15:09,2007,1.3,INS13,,
Development,Infantile Spasms,ISWeek (2018). Infantile Spasms Are An Emergency: As easily remembered acronym-- is STOP [Video]. Infantile Spasms Action Network. https://infantilespasms.org/,"Infantile Spasms Are An Emergency: An easily remembered acronym—is STOP: See the signs: Clusters of sudden, repeated, uncontrolled movements like head bobs or body crunching. Take a video: Record the symptoms and talk to your doctor immediately. Obtain diagnosis: Confirm an irregular brain wave pattern with an EEG test. Prioritize treatment: End spasms to minimize developmental delays.",https://infantilespasms.org/,2:02,2018,1.4,,,
Development,Early Learning and Development,"Sprouts. (2021, December 1). Bronfenbrenner's Ecological Systems: 5 Forces Impacting Our Lives [Video]. Youtube. https://www.youtube.com/watch?v=g6pUQ4EDHeQ","Urie Bronfenbrenner's Ecological Systems: 5 Forces Impacting Our Lives: Bronfenbrenner's Ecological Theory is reviewed in the context of child development. Urie Bronfenbrenner, a young psychologist, helped us understand that a child’s environment also matters. When he was invented to explain his Ecological System Theory to the US congress, he made history.",https://www.youtube.com/watch?v=g6pUQ4EDHeQ,5:48,2021,1.1,,,
Development,Early Learning and Development,"JM Hertez. (2010, October 4). Piaget on Piaget, Part 1 [Video]. YouTube. https://www.youtube.com/watch?v=I1JWr4G8YLM","Piaget on Piaget, Part 1: Part 1 of a documentary about Jean Piaget's Genetic Epistemology. Jean Piaget explains his theory. Filmed in Switzerland, 1977.",https://www.youtube.com/watch?v=I1JWr4G8YLM,12:25,1977,1.1,,,
Development,Early Learning and Development,"JM Hertez. (2010, October 4). Piaget on Piaget, Part 2 [Video]. YouTube. https://www.youtube.com/watch?v=Qb4TPj1pxzQ","Piaget on Piaget, Part 2 Part 2 of a documentary about Jean Piaget's Genetic Epistemology. It shows some of the classic experiments (in abbreviated form) about seriation with children. Filmed in Switzerland, 1977.",https://www.youtube.com/watch?v=Qb4TPj1pxzQ,13:04,1977,1.1,,,
Development,Early Learning and Development,"JM Hertez. (2010, October 4). Piaget on Piaget, Part 3 [Video]. YouTube. https://www.youtube.com/watch?v=x9nSC_Xgabc","Piaget on Piaget, Part 3: Part 3 of a documentary about Jean Piaget's Genetic Epistemology. It shows some of the classic experiments (in abbreviated form) about conservation of volume and drawing with children. Filmed in Switzerland, 1977.",https://www.youtube.com/watch?v=x9nSC_Xgabc ,11:29,1977,1.1,,,
Development,Early Learning and Development,"Patricia Kuhl (2010, October). The Linguistic Genius of Babies [Video]. Ted. https://www.ted.com/talks/patricia_kuhl_the_linguistic_genius_of_babies?language=en#t-3461","The Linguistic Genius of Babies: Patricia Kuhl shares astonishing findings about how babies learn one language over another -- by listening to the humans around them and ""taking statistics"" on the sounds they need to know. Clever lab experiments (and brain scans) show how 6-month-old babies use sophisticated reasoning to understand their world.",https://www.ted.com/talks/patricia_kuhl_the_linguistic_genius_of_babies?language=en,10:00,2010,1.2,,,
Development,Disability Specific,"
Kennedy Krieger Institute. (2013). Bringing the Early Signs of Autism Spectrum Disorders into Focus [Video]. Kennedy Krieger Institute. https://www.kennedykrieger.org/patient-care/centers-and-programs/center-for-autism-and-related-disorders/outreach-and-training/early-signs-of-autism-video-tutorial","Early Signs of Autism Video Tutorial | Kennedy Krieger Institute:  Tutorial of early signs of Autism Spectrum Disorder.  Three pairs of videos of one-year-olds are shared. Each video pair includes a child meeting milestones and a child that is showing early signs for ASD. Three developmental features indicative of ASD are focused on - seeing social opportunity through play, effective communication and sharing enjoyment and making social connections.",https://www.kennedykrieger.org/patient-care/centers-and-programs/center-for-autism-and-related-disorders/outreach-and-training/early-signs-of-autism-video-tutorial,9:02,2013,1.4,A8,,
Development,Disabilty Specific,"Center for Disease Control. (2016, October 6). The Father’s Perspective: A Panel Discussion CDC’s 2016 Autism Awareness Month Event [Video]. Youtube. https://www.youtube.com/watch?v=-INDFbchV_8","The Father’s Perspective: A Panel Discussion CDC’s 2016 Autism Awareness Month Event: Three fathers of children who have autism, participate in a panel discussion. Listen, relate, and learn from parents who share their real-life struggles, delightfully special moments, resilience, and hope.",https://www.youtube.com/watch?v=-INDFbchV_8,25:21,2016,1.2,A8,,
Development,Resiliency,"Maano-French, V. (2018, April 5). Promoting Resilience in Children, Families, Staff, and You [Webinar]. National Center on Quality Teaching and Learning. https://eclkc.ohs.acf.hhs.gov/video/promoting-resilience-children-families-staff-you","Promoting Resilience in Children, Families, Staff, and You: Webinar reviews how the child's exposure to adversity can change brain architecture and lead to developmental delays. Resources including NCQTL, Head Start Center for Inclusion, and the Center for Social and Emotional Foundations for Early Learning are reviewed. The impact of stress on teachers and the strategies they can use to support their own resilience are discussed. ",https://eclkc.ohs.acf.hhs.gov/video/promoting-resilience-children-families-staff-you,0:14,2018,1.3,,,
Development,Reading,"NCFL. (2020, May 5). SFEC Dialogic Reading [Video]. Vimeo. https://vimeo.com/415216010",Dialogic Reading - Webinar: Dialogic reading is proven to be effective in improving children’s vocabulary and oral language skills. National Center for Families Learning (NCFL) Reading Specialist Dr. Becky Goetzinger explains the concept and offers implementation strategies.,https://vimeo.com/415216010,13:22,2020,6.1,INS6,,
Development,Early Learning and Development,"National Institute of Child Health and Human Development. (2015, December 8). Safe Infant Sleep for Grandparents and Other Trusted Caregivers[Video]. YouTube. https://www.youtube.com/watch?v=7cXwlpSJL08","Safe Infant Sleep for Grandparents and Other Trusted Caregivers: A mother-to-be explains to her mother the changes that now exist for safe sleep including back sleeping and no blankets, bumpers, or stuffed animals.  ",https://www.youtube.com/watch?v=7cXwlpSJL08,7:25,2015,1.2,,,
Development,Improved Child Outcomes,National Scientific Council on the Developing Child. (2011). InBrief: Early Childhood Program Effectiveness [Video]. Center for the Developing Child Harvard University. https://developingchild.harvard.edu/resources/inbrief-early-childhood-program-effectiveness-video/,InBrief: Early Childhood Program Effectiveness: Outlines basic concepts from four decades of program evaluation research which help explain how society can ensure that children have a solid foundation for a productive future by creating and implementing effective early childhood programs and policies.,https://developingchild.harvard.edu/resources/inbrief-early-childhood-program-effectiveness-video/,4:56,2011,1.2,L3,,
Development,Early Learning and Development,National Scientific Council on the Developing Child. (2011). InBrief: The Foundations of Lifelong Health [Video]. Center for the Developing Child Harvard University. https://developingchild.harvard.edu/resources/inbrief-the-foundations-of-lifelong-health-video/,"InBrief: The Foundations of Lifelong Health: Describes why a vital and productive society with a prosperous and sustainable future is built on a foundation of healthy child development. The video summarizes findings from The Foundations of Lifelong Health Are Built in Early Childhood, a report co-authored by the National Scientific Council on the Developing Child and the National Forum on Early Childhood Policy and Programs.",https://developingchild.harvard.edu/resources/inbrief-the-foundations-of-lifelong-health-video/,7:13,2011,1.2,L3,,
Development,Toxic Stress ,National Scientific Council on the Developing Child. (2011). InBrief: The Impact of Early Adversity on Children’s Development. [Video]. Center for the Developing Child Harvard University. https://developingchild.harvard.edu/resources/inbrief-the-impact-of-early-adversity-on-childrens-development-video/,"InBrief: The Impact of Early Adversity on Children’s Development: Outlines basic concepts from the research on the biology of stress, which show that major adversity can weaken developing brain architecture and permanently set the body’s stress response system on high alert. Science also shows that providing stable, responsive environments for children in the earliest years of life can prevent or reverse these conditions, with lifelong consequences for learning, behavior, and health.",https://developingchild.harvard.edu/resources/inbrief-the-impact-of-early-adversity-on-childrens-development-video/,3:53,2011,1.2,,,
Development,Early Learning and Development  ,National Scientific Council on the Developing Child. (2011). InBrief: The Science of Early Childhood Development. [Video]. Center for the Developing Child Harvard University. https://developingchild.harvard.edu/resources/inbrief-the-science-of-early-childhood-development/,"InBrief: The Science of Early Childhood Development: Describes basic concepts of early childhood development, established over decades of neuroscience and behavioral research, which help illustrate why child development—particularly from birth to five years—is a foundation for a prosperous and sustainable society.",https://developingchild.harvard.edu/resources/inbrief-the-science-of-early-childhood-development/,3:58,2011,1.2,,,
Development,Toxic Stress ,National Scientific Council on the Developing Child. (2011). Three Core Conceptions de Early Development: Video 3: Toxic & Stress Derails Healthy Development [Video]. Center for the Developing Child Harvard University. https://developingchild.harvard.edu/resources/toxic-stress-derails-healthy-development/,"Three Core Concepts in Early Development: Video 3: Toxic Stress Derails Healthy Development: Describes how without caring adults to buffer children, the unrelenting stress caused by extreme poverty, neglect, abuse, or severe maternal depression can weaken the architecture of the developing brain, with long-term consequences for learning, behavior, and both physical and mental health.",https://developingchild.harvard.edu/resources/toxic-stress-derails-healthy-development/,1:51,2011,1.2,,,
Development,Early Learning and Development,National Scientific Council on the Developing Child. (2011). Three Core Conceptions in Early Development: Video 1: Experiences Build Brain Architecture [Video]. Center for the Developing Child Harvard University.  https://developingchild.harvard.edu/resources/serve-return-interaction-shapes-brain-circuitry/,Three Core Concepts in Early Development: Video 1: Experiences Build Brain Architecture: Describes the basic architecture of the brain and how it is constructed through a process that begins early in life and continues into adulthood.,https://developingchild.harvard.edu/resources/serve-return-interaction-shapes-brain-circuitry/,1:56,2011,1.2,,,
Development,Serve and Return,National Scientific Council on the Developing Child. (2011). Three Core Conceptions in Early Development: Video 2: Serve & Return Interaction Shapes Brain Circuitry [Video]. Center for the Developing Child Harvard University.  https://developingchild.harvard.edu/resources/serve-return-interaction-shapes-brain-circuitry/,Three Core Concepts in Early Development: Video 2: Serve & Return Interaction Shapes Brain Circuitry: Describes one of the most essential experiences in shaping the architecture of the developing brain is “serve and return” interaction between children and significant adults in their lives.,https://developingchild.harvard.edu/resources/serve-return-interaction-shapes-brain-circuitry/,1:42,2011,1.2,,,
Development,Resiliency,National Scientific Council on the Developing Child. (2015). InBrief: How Resilience Is Built [Video]. Center for the Developing Child Harvard University. https://developingchild.harvard.edu/resources/inbrief-how-resilience-is-built/,"InBrief: How Resilience Is Built: Children are not born with resilience, which is produced through the interaction of biological systems and protective factors in the social environment. The active ingredients in building resilience are supportive relationships with parents, coaches, teachers, caregivers, and other adults in the community. ",https://developingchild.harvard.edu/resources/inbrief-how-resilience-is-built/,2:17,2015,1.2,F5,,
Development,Resiliency,National Scientific Council on the Developing Child. (2015). InBrief: The Science of Resilience [Video]. Center for the Developing Child Harvard University. https://developingchild.harvard.edu/resources/inbrief-the-science-of-resilience-2/,"InBrief: The Science of Resilience: Illustrates the science of resilience, and see how genes and experience interact to produce positive outcomes for children. One way to understand the development of resilience is to picture a balance scale or seesaw. Protective experiences and adaptive skills on one side counterbalance significant adversity on the other. ",https://developingchild.harvard.edu/resources/inbrief-the-science-of-resilience-2/,2:30,2015,1.2,F5,,
Development,Resiliency,National Scientific Council on the Developing Child. (2015). InBrief: What Is Resilience? [Video]. Center for the Developing Child Harvard University. https://developingchild.harvard.edu/resources/inbrief-what-is-resilience/,"InBrief: What Is Resilience?: The science of resilience can help us understand why some children do well despite serious adversity. Resilience is a combination of protective factors that enable people to adapt in the face of serious hardship, and is essential to ensuring that children who experience adversity can still become healthy, productive citizens.",https://developingchild.harvard.edu/resources/inbrief-what-is-resilience/,2:23,2015,1.2,,,
Development,Early Learning and Development,"Netflix. (2020, April 17). Babies - Crawling - Full Episode - Netflix [Video]. YouTube. https://www.youtube.com/watch?app=desktop&v=1T3RHuPB_cg","Babies - Crawling - Full Episode - Netflix: From how they grow to how they go, three scientists find out that crawling is much more than just a transitional phase.",https://www.youtube.com/watch?v=1T3RHuPB_cg,4:11,2020,1.2,,,
Development,Early Learning and Development,"Netflix. (2020, April 17). Babies - First Steps - Full Episode - Netflix [Video]. YouTube. https://www.youtube.com/watch?v=p1otGt99Rec","Babies - First Steps - Full Episode - Netflix: Scientists venture into the ways that walking changes a baby's world and unveil findings on neonatal reflexes, skeletal development and talking.",https://www.youtube.com/watch?v=p1otGt99Rec,1:10,2020,1.2,,,
Development,Early Learning and Development,"Netflix. (2020, April 17). Babies - First Words - Full Episode - Netflix [Video]. YouTube. https://www.youtube.com/watch?v=BFtbXwnBRg8",Babies - First Words - Full Episode - Netflix: Experts examine the rhythm and flow of language and explore how babies break down linguistic beats before they know how to speak,https://www.youtube.com/watch?v=BFtbXwnBRg8,2:41,2020,1.2,,,
,,,,,,,,,,
Development,Early Learning and Development,"Netflix. (2020, April 17). Babies - Sleep - Full Episode - Netflix [Video]. YouTube. https://www.youtube.com/watch?v=KJCL9LR6rJI","Babies - Sleep - Full Episode - Netflix: Researchers delve into sleep, a dynamic time for babies, with studies on twitching, apps and naps.",https://www.youtube.com/watch?v=KJCL9LR6rJI,0:45,2020,1.2,,,
Development,Resiliency,Office of Head Start. (2020). Breaking Through: Understanding Stress and Resilience in Young Children[Video]. Head Start Early Childhood Learning and Knowledge Center. https://eclkc.ohs.acf.hhs.gov/mental-health/article/understanding-stress-resilience-young-children-video-series,Breaking Through: Understanding Stress and Resilience in Young Children: Describes how high levels and stress can impact a child's lifelong health and wellbeing; a comprehensive program for children and their families who have experienced trauma and toxic stress; and the importance of screening and addressing trauma and toxic stress. ,https://www.youtube.com/watch?v=dR7fHbg9cl0,21:28,2020,1.3,A6,,
Development,Toxic Stress ,Office of Head Start. (2020). Understanding Stress and Resilience in Young Children [Video]. Head Start Early Childhood Learning and Knowledge Center. https://eclkc.ohs.acf.hhs.gov/mental-health/article/understanding-stress-resilience-young-children-video-series,"Understanding Stress and resilience in Young Children: Head Start Staff: Reviews the ACES study, importance of reducing the adversity that children are experiencing today, and the correlation between childhood adversity and behavior concerns.  ",https://eclkc.ohs.acf.hhs.gov/video/understanding-stress-resilience-young-children-head-start-staff,7:54,2020,1.3,A6,,
Development,Disability Specific,"Osmosis. (2016, October 12). Spina Bifida (Myelomeingocele, Meningocele, Occulta)- Causes, Symptoms, Treatment) [Video]. YouTube. https://www.youtube.com/watch?v=jlDZA2PNW2o","Spina Bifida (Myelomeningocele, Meningocele, Occulta) – Causes, Symptoms, Treatment: The causes, symptoms, types of, and treatment for spina bifida are discussed.",https://www.youtube.com/watch?v=jlDZA2PNW2o,6:31,2016,1.4,,,
Development,Presuming Competence,"Patel, S. & Irwin, E. (Producers). (2017). Three Ways Teachers Can Support Kids with Autism [Video]. Education Week. https://www.edweek.org/teaching-learning/video-three-ways-teachers-can-support-kids-with-autism/2017/04","Three Ways Teachers Can Support Kids With Autism: With the backdrop of Julia, a muppet with autism from sesame workshop, Laura Anthony, a clinical psychologist describes three strategies to support children with autism. ",https://www.edweek.org/teaching-learning/video-three-ways-teachers-can-support-kids-with-autism/2017/04,4:18,2017,1.4,INS1,,
Development,Disability Specific ,Pathways. (2011). Torticollis: The Importance of Tummy Time [Video]. Pathways. https://pathways.org/watch/torticollis-and-the-importance-of-tummy-time-meet-jonathan/,"Torticollis: The Importance of Tummy Time: Illustrates Jonathan’s journey through pediatric physical therapy to help improve his positional torticollis. Signs such as a head tilt, not reaching his 3 month milestone of lifting his head up, and loose tone led to the early detection of positional torticollis in Jonathon. After physical therapy sessions and therapy done at home his posture, motor development and balance improved.",https://pathways.org/watch/torticollis-and-the-importance-of-tummy-time-meet-jonathan/,4:23,2011,1.3,A8,,
Development,Disability Specific,"Pursuing Family. (2020, March 28). Micro Preemie to 4 Years Old- 23 Week Baby Survival Story Update[Video]. YouTube. https://www.youtube.com/watch?v=1H94Xwe1cS4","Micro Preemie to 4 Years Old - 23 Week Baby Survival Story Update: The story of James's journey from birth at 23 weeks gestation, his 4.5 month NICU stay, and his progression at age 4. ",https://www.youtube.com/watch?v=1H94Xwe1cS4,11:46,2020,1.4,,,
Development,Social Emotional,"Pyramid Model. (2018, May 17). Promoting Social Emotional Competence [Video]. YouTube. https://www.youtube.com/watch?v=zTl7rfcIhvM",Promoting Social Emotional Competence: Provides a foundation for understanding the Pyramid Model as a framework for promoting young children’s social and emotional development and preventing and addressing challenging behavior. ,https://www.youtube.com/watch?v=zTl7rfcIhvM,3:40,2018,1.2,,,
Development,Social Emotional,"Pyramid Model. (2021, March 23). Supporting our Youngest Learners: Trauma, Mental Health Concerns, & Social Emotional Wellness [Video]. YouTube. https://www.youtube.com/watch?v=ATwKT4MZp48","Supporting our Youngest Learners: Trauma, Mental Health Concerns, & Social Emotional Wellness: Describes the impact of COVID-19 and potential impact on children's social emotional wellness. The video provides guidance on pivotal practices that can promote social emotional skill development and how programs can use a trauma -informed care approach.",https://www.youtube.com/watch?v=ATwKT4MZp48,9:15,2021,1.2,INT1 ,,
Development,Early Learning and Development ,"Alana Snow. (2015, October 13). Behaviorism: Pavlov, Watson, and Skinner [Video]. YouTube. https://www.youtube.com/watch?v=xvVaTy8mQrg","Behaviorism: Pavlov, Watson, and Skinner: An educational video about Behaviorism: Ivan Pavlov, John Watson, and B.F. Skinner. This video covers classical and operant conditioning.",https://www.youtube.com/watch?v=xvVaTy8mQrg,4:57,2015,1.1,,,
Development,Early Learning and Development ,"Alana Snow. (2015, October 14). Behaviorism: Part 2 [Video]. YouTube. https://www.youtube.com/watch?v=eLaa8cgljKk","Behaviorism: Part 2: This video discusses behaviorists’ views on   operant conditioning, reinforcement types, and reinforcement schedules.",https://www.youtube.com/watch?v=eLaa8cgljKk,5:05,2015,1.1,,,
Development,Early Learning and Development,"Sprouts. (2017, April 23). Eight Stages of Development by Erik Erikson. YouTube. https://www.youtube.com/watch?v=aYCBdZLCDBQ",Eight Stages of Development by Erik Erikson: Erik Erikson was a German American psychologist who became known for his theory of psychosocial development. This video discusses with examples the eight stages of his theory. ,https://www.youtube.com/watch?v=aYCBdZLCDBQ,5:19,2017,1.1,,,
Development,Early Learning and Development,"Sprouts. (2019, November 29). Kohlberg's 6 Stages of Moral Development [Video]. YouTube. https://www.youtube.com/watch?v=bounwXLkme4","Kohlberg's 6 Stages of Moral Development: Lawrence Kohlberg's theory claims that our development of moral reasoning happens in six stages: 1. Obedience and Punishment, 2. Self-interest 3. Interpersonal Accord and Conformity 4. Authority and maintaining social order, 5. Social Contract, 6. Universal Ethical principles. With examples, these stages are explained.",https://www.youtube.com/watch?v=bounwXLkme4,6:45,2019,1.1,,,
Development,Early Learning and Development,"Sprouts. (2020, February 28). Vygotsky's Theory of Cognitive Development: How Relationships Increase Learning[Video]. YouTube. https://www.youtube.com/watch?v=8I2hrSRbmHE",Vygotsky’s Theory of Cognitive Development: How Relationships Increase Learning: Vygotsky’s Theory of Social Development argues that community and language play a central part in learning. Vygotsky believed that children develop independently of specific stages because of social interactions.  This video discusses and provides examples of social relationships impact development. ,https://www.youtube.com/watch?v=8I2hrSRbmHE,5:08,2020,1.1,,,
Development,Disability Specific,"Stolen Childhood. (2019, March 25). Stolen Childhood (2019) [Video]. YouTube. https://www.youtube.com/watch?v=Cprp-zhkDCM","Stolen Childhood: What happens when familiar signs of mental illness- rapid-onset OCD, tics, generalized anxiety, hyperactivity - are misdiagnosed? This is the unfortunate reality for children living with the auto-immune disease known as PANDAS. ",https://www.youtube.com/watch?v=Cprp-zhkDCM,4:13,2019,1.4,,,
Development,Early Learning and Development,"Robin Suitt. (2014, August 17). Baby Human To Talk 5 Imitation [Video]. YouTube. https://www.youtube.com/watch?v=9FhImmxcwbs&list=RDSMWLWknX0po",Mix - Baby Human To Talk 5 Imitation: Dr. Meltzoff conducts experiments around the role of imitation in the development of communication. The give and take that occurs during the development of communication is reviewed. ,https://www.youtube.com/watch?v=9FhImmxcwbs&list=RDSMWLWknX0po,8:06,2014,1.2,,,
Development,Early Learning and Development,"Robin Suitt. (2014, August 17). Baby Human To Talk Gestures [Video]. YouTube. https://www.youtube.com/watch?v=NyitkrD_WbQ&list=RDSMWLWknX0po","Mix - Baby Human To Talk Gestures:  Feelings, intentions, and desires can be conveyed through a gesture. Pointing, an important gesture, represents a large cognitive leap for babies. Dr. Amanda Woodward conducts experiments around pointing. ",https://www.youtube.com/watch?v=NyitkrD_WbQ&list=RDSMWLWknX0po,6:51,2014,1.2,,,
Development,Early Learning and Development,"Robin Suitt. (2014, August 17). Baby Human To Talk Language[Video]. YouTube. https://www.youtube.com/watch?v=HZM4Qem1eSk",Mix - Baby Human To Talk Language: Reviews the sensitive period associated with an infant's ability to discriminate sounds from different languages. ,https://www.youtube.com/watch?v=HZM4Qem1eSk,9:49,2014,1.2,,,
Development,Early Learning and Development ,"Robin Suitt. (2014, August 17). CDE Baby Human to Talk 1 Sounds [Video]. YouTube. https://www.youtube.com/watch?v=-g464VAomog","CDE Baby Human To Talk 1 Sounds: Reviews the infant's communication capacities, that begin before birth. Experiments conducted by Dr. Janet Werker demonstrate the newborns' preference for their native language.",https://youtu.be/-g464VAomog,7:55,2014,1.2,,,
Development,Early Learning and Development ,"Robin Suitt. (2014, July 22). Baby Human- To Walk Cruising [Video]. YouTube. https://www.youtube.com/watch?v=TKE77zny-ss","Baby Human To Walk Cruising: The development of movement is related to an infant's understanding of the world and his or her emotional life. Karen Adolph,  a Developmental Psychologist, studies infant understanding of unsafe situations in her lab. ",https://www.youtube.com/watch?v=TKE77zny-ss,8:01,2014,1.1,A4,,
Development,Early Learning and Development ,"Robin Suitt. (2014, September 11).  Baby Human to Feel 6 Self Conscious [Video]. YouTube. https://www.youtube.com/watch?v=81EoaJMNay4","CDE Baby Human to Feel 6 Self Conscious: The development of the self-conscious emotions, which includes embarrassment, shame and pride, is examined within a research lab and related to everyday experiences in learning. ",https://www.youtube.com/watch?v=81EoaJMNay4,9:53,2014,1.2,,,
Development,Early Learning and Development ,"Robin Suitt. (2014, September 11). Baby Human to Feel 4 Responses [Video]. YouTube. https://www.youtube.com/watch?v=bfYnwT2Nx7c",CDE Baby Human to Feel 4 Responses: Examines children's temperament in relation to their emotional responses and how parenting is heavily influenced by children's temperament. ,https://www.youtube.com/watch?v=bfYnwT2Nx7c,8:07,2014,1.2,,,
Development,Early Learning and Development ,"Robin Suitt. (2014, September 11). CDE Baby Human to Feel 1 Facial Reactions [Video]. YouTube. https://www.youtube.com/watch?v=wyHnbU9pSvU",CDE Baby Human to Feel 1 Facial Reactions: The newborn's transition to a social being and growing ability to express emotion is reviewed. ,https://www.youtube.com/watch?v=wyHnbU9pSvU,6:05,2014,1.2,,,
Development,Early Learning and Development ,"Robin Suitt. (2014, September 11). CDE Baby Human to Feel 2 Stimulation [Video]. YouTube. https://www.youtube.com/watch?v=eTylRr4kBoM",CDE Baby Human to Feel 2 Stimulation: A baby's ability to understand the emotions of others and the role of temperament  in a baby's response to stimulation are reviewed.,https://www.youtube.com/watch?v=eTylRr4kBoM,8:24,2014,1.2,,,
Development,Early Learning and Development ,"Robin Suitt. (2014, September 11). CDE Baby Human to Feel 3 Temperament [Video]. YouTube. https://www.youtube.com/watch?v=fAmyt5gRd3k",CDE Baby Human to Feel 3 Temperament: Examines how young children's temperament determines their response to stimuli and risk.  EEG studies examine brain response to stimuli. ,https://www.youtube.com/watch?v=fAmyt5gRd3k,8:47,2014,1.2,,,
Development,Early Learning and Development ,"Robin Suitt. (2014, September 11). CDE Baby Human to Feel 5 Coping [Video]. YouTube. https://www.youtube.com/watch?v=9twzo8V6TQA",CDE Baby Human to Feel 5 Coping:  Demonstrates the varying responses of individual children as they learn to cope independently with emotions such as frustration and fear. ,https://www.youtube.com/watch?v=9twzo8V6TQA,8:55,2014,1.2,,,
Development,Early Learning and Development ,"Robin Suitt. (2014, September 21). Baby Human To Relate 3 Gazing [Video]. YouTube. https://www.youtube.com/watch?v=JkkJrqKnmcw",CDE Baby Human To Relate 3 Gazing: The  development of gaze and following the focus of another's attention is examined within a research lab and related to everyday experiences in learning. ,https://www.youtube.com/watch?v=JkkJrqKnmcw,9:56,2014,1.2,,,
Development,Early Learning and Development ,"Robin Suitt. (2014, September 21). CDE Baby Human to Relate 1 Motion [Video]. YouTube. https://www.youtube.com/watch?v=Sh22AJay_yY",CDE Baby Human To Relate 1 Motion:  The understanding of motion and actions is examined in a research lab and related to everyday experiences in learning. ,https://www.youtube.com/watch?v=Sh22AJay_yY,6:13,2014,1.2,,,
Development,Trauma,"TED. (2015, February 17). How Childhood Trauma Affects Health Across a Lifetime [Video]. YouTube. https://www.youtube.com/watch?v=95ovIJ3dsNk","How Childhood Trauma Affects Health Across a Lifetime: Reviews how exposure to childhood trauma and adverse childhood experiences impacts brain development, the immune system and hormonal systems. ",https://www.youtube.com/watch?v=95ovIJ3dsNk,16:02,2015,1.3,,,
Development,Disability Specific,The Children's Hospital of Philadelphia. (n.d.). Explaining Cleft Lip and Palate [Video]. https://www.chop.edu/video/diagnosis-and-treatment-cleft-lip-and-palate,"Explaining Cleft Lip and Palate: This video explains what cleft lip and palate are, causes, types, treatment, and any potential impacts on development.   ",https://www.chop.edu/video/diagnosis-and-treatment-cleft-lip-and-palate,4:17,,1.4,A8,,
Development,Disability Specific,"Our Extra Gift. (2019, February 11). Eva's first year of life. Our Down Syndrome Journey[Video]. YouTube. https://www.youtube.com/watch?v=GzZMokyNs94","Eva's first year of life. Our Down Syndrome Journey: Illustrates the first year of Eva's life from her birth day, to surgery day to the celebration of her first year of life. ",https://www.youtube.com/watch?v=GzZMokyNs94,18:08,2019,1.4,,,
Development,Disability Specific,"Our Extra Gift. (2020, February 1). A typical day in the life of our 2 year old daughter with Down Syndrome[Video]. YouTube. https://www.youtube.com/watch?v=sQr16gyXz70",A typical day in the life of our 2 year old daughter with Down Syndrome: Illustrates a typical day in Eva's life from waking up in the morning until bed at night. ,https://www.youtube.com/watch?v=sQr16gyXz70,11:53,2020,1.4,,,
Development,Disabilty Specifc,"ThroughChildsEyes. (2011, February 5). Through Your Child's Eyes: American Sign Language [Video]. YouTube. https://www.youtube.com/watch?v=FV69iJuXwP4",Through Your Child’s Eyes: American Sign Language: Parents and professionals discuss their use of American Sign Language with children beginning in infancy and the benefits of this alternative communication system. ,https://www.youtube.com/watch?v=FV69iJuXwP4&feature=emb_logo,13:16,2011,1.4,INS2,,
Development,Assistive Technology,"Utah Assistive Technology Program. (2012, February 6). Communication Assistive Technology for Early Intervention [Video]. YouTube. https://www.youtube.com/watch?v=ApG0ahrgipw","Communication Assistive Technology for Early Intervention: Brief review of development of communication, then detailed discussion regarding strategies and communication assistive technology to support speech and communication.  ",https://www.youtube.com/watch?v=ApG0ahrgipw,4:02,2012,6.6,INS4,,
Development,Disability Specific,"Williams Syndrome Association. (n.d.). Extraordinary Gifts, Unique Challenges Video [Video]. Williams Syndrome Association. https://williams-syndrome.org/resources/video/extraordinary-gifts-unique-challenges-video","Extraordinary Gifts, Unique Challenges Video: Describes Williams Syndrome and showcases individuals, both children and adults. ",https://williams-syndrome.org/resources/video/extraordinary-gifts-unique-challenges-video,9:28,,1.4,,,
Development,Early Learning and Development ,Zero to Three. (2013). Magic of Everyday Moments: Brain Wonders: Nurturing Healthy Brain Development from Birth[Video]. Zero to Three. https://www.zerotothree.org/resources/156-brain-wonders-nurturing-healthy-brain-development-from-birth,Magic of Everyday Moments: Brain Wonders: Nurturing Healthy Brain Development from Birth: This video discusses the experiences that families and other caregivers can provide that promote brain development during the first three years of life.,https://www.zerotothree.org/resources/156-brain-wonders-nurturing-healthy-brain-development-from-birth,6:00,2013,1.3,,,
Development,Play,Zero to Three. (2013). Magic of Everyday Moments: The Power of Play: Building Skills and Having Fun [Video]. Zero to Three. https://www.zerotothree.org/resources/158-power-of-play-building-skills-and-having-fun,"Magic of Everyday Moments: The Power of Play: Building Skills and Having Fun: Play is how children learn to communicate, problem solve, test ideas, and get along with others.  The importance of adults, including parents, is emphasized.",https://www.zerotothree.org/resources/158-power-of-play-building-skills-and-having-fun,5:33,2013,1.2,,,
Development,Everyday Learning Opportunities,Zero to Three. (2014). Magic of Everyday Moments: Development from 12-24 Months Old: Strong Positive Connections and Interactions Fuel Learning[Video]. Zero to Three. https://www.zerotothree.org/resources/192-development-from-12-to-24-months-old-strong-positive-connections-and-interactions-fuel-learning,"Magic of Everyday Moments: Development from 12-24 Months Old: Strong Positive Connections and Interactions Fuel Learning: The development of social, language, and physical skills is related to the interactions and connections children have with the important people in their lives. ",https://www.zerotothree.org/resources/192-development-from-12-to-24-months-old-strong-positive-connections-and-interactions-fuel-learning,3:54,2014,1.2,,,
Development,Early Learning and Development ,Zero to Three. (2015). Magic of Everyday Moments: Busy Bodies: How the Physical Skills Support Learning[Video]. Zero to Three. https://www.zerotothree.org/resources/201-busy-bodies-how-the-development-of-physical-skills-supports-learning,"Magic of Everyday Moments: Busy Bodies: How the Physical Skills Support Learning: Describes the changes in physical development that occur and the importance of active play for problem solving, peer interaction, communication, and emotional regulation. The important role of a nurturing parent is emphasized. ",https://www.zerotothree.org/resources/201-busy-bodies-how-the-development-of-physical-skills-supports-learning,6:22,2015,1.2,,,
Development,Early Learning and Development,Zero to Three. (2015). Magic of Everyday Moments: From Feelings to Friendships: Nurturing Healthy Social-Emotional Development in the Early Years[Video]. Zero to Three. https://www.zerotothree.org/resources/30-from-feelings-to-friendships-nurturing-healthy-social-emotional-development-in-the-early-years,"Magic of Everyday Moments: From Feelings to Friendships: Nurturing Healthy Social-Emotional Development in the Early Years: Social-emotional developmental milestones from birth to three years are discussed.  Experiences that families, early interventionists, and other caregivers facilitate or support to promote social-emotional development are demonstrated and discussed.   ",https://www.zerotothree.org/resources/30-from-feelings-to-friendships-nurturing-healthy-social-emotional-development-in-the-early-years,5:32,2015,1.2,,,
Development,Everyday Learning Opportunities,Zero to Three. (2016). Magic of Everyday Moments: Responsive Care: Nurturing a Strong Attachment During Everyday Moments[Video]. Zero to Three. https://www.zerotothree.org/resources/230-responsive-care-nurturing-a-strong-attachment-through-everyday-moments,"Magic of Everyday Moments: Responsive Care: Nurturing a Strong Attachment During Everyday Moments: This video illustrates how parents and caregivers support a child's social emotional development as they interact with them through responsive care. Discusses aspects of social emotional development including: self-regulation, trust, attachment, and empathy. ",https://www.zerotothree.org/resources/230-responsive-care-nurturing-a-strong-attachment-through-everyday-moments,5:56,2016,1.2,INT2,,
Development,Early Learning and Development,American Society of Pediatric Otolaryngology. (n.d.). Could My Child Have A Hearing Problem? [Video]. American Society of Pediatric Otolaryngology. https://www.healthychildren.org/English/health-issues/conditions/ear-nose-throat/Pages/Could-My-Child-Have-A-Hearing-Problem.aspx,"Could My Child Have A Hearing Problem?: Carlton J. Zdanski, MD, FAAP, FACS, Chief of Pediatric Otolaryngology at the University of north Carolina Chapel Hill and Surgical Director at the north Carolina Children's Airway Center, describes the process for evaluation and treatment for hearing loss in infants and children. ",https://aspo.us/page/familywebinars,5:40,,1.4,,,
Development,Early Learning and Development,"TheISProject. (2012, December 22). Infantile Spasms 1 [Video]. YouTube. https://www.youtube.com/watch?v=nWfWwoWBCGY",Infantile Spasms: Example of what infantile spasms may look like in an infant. ,https://www.youtube.com/watch?v=nWfWwoWBCGY,1:13,2012,1.4,,,
Development,Early Learning and Development,"Mayo Clinic. (2023, February 27). Mayo Clinic Minute: Tongue-tie in babies [Video]. YouTube. https://www.youtube.com/watch?v=va4hEEDmNzk","Tongue-tie in Infants and Young Children: Latching and feeding challenges can be caused by a number of issues. Rebekah Huppert, a Mayo Clinic lactation consultant, says tongue-tie sometimes could be to blame.",https://www.youtube.com/watch?v=va4hEEDmNzk,1:10,2023,1.4,,,
Development,Early Learning and Development,"Colorado Department of Education. (2021, July 30). Samantha on the Playground [Video]. YouTube. https://www.youtube.com/watch?v=ednPM16yhdE",Samantha on the Playground: Preschooler Samantha demonstrates a variety of gross motor skills on the playground.,https://www.youtube.com/watch?v=ednPM16yhdE,1:46,2021,1.2,,,
Development,Early Learning and Development,"Colorado Department of Education. (2021, July 30).  Gabby and Nicholas [Video]. YouTube.  https://www.youtube.com/watch?v=hZRpbqQpABU","Gabby and Nicholas: Toddlers Gabby and Nicholas demonstrate a variety of cognitive, social-emotional, and motor skills as they engage with objects and with one another.",https://www.youtube.com/watch?v=hZRpbqQpABU,2:20,2021,1.2,,,
Development,Early Learning and Development,"Centers for Disease Control and Prevention. (2016, October 3). Role of CDC in Early Hearing Detection and Intervention (in ASL) [Video]. YouTube. https://www.youtube.com/watch?v=14SjcMwwNhM","Role of CDC in Early Hearing Detection and Intervention (in ASL): In American Sign Language, a CDC epidemiologist briefly describes CDC’s role in early hearing detection and intervention. (no audio, but with captioning)",https://www.youtube.com/watch?v=14SjcMwwNhM,4:32,2016,1.3,F7,,
Development,Social Emotional,National Center for Pyramid Model Innovations. (n.d.) Pyramid Model Overview [Video]. National Center for Pyramid Model Innovations. https://challengingbehavior.cbcs.usf.edu/Pyramid/overview/index.html,Pyramid Model Overview: The Pyramid Model for Promoting Social-Emotional Competence in Infants and Young Children (Pyramid Model) is a conceptual framework of evidence-based practices for promoting young children’s healthy social and emotional development. This video provides an overview of the structure and levels of support.,https://challengingbehavior.cbcs.usf.edu/Pyramid/overview/index.html,8:58,,6.4,INS2,,
Development,Early Learning and Development ,"Suitt, R. [Robin Suitt]. (2014, September 21). CDE Baby Human to Relate 5 Perspective [Video]. YouTube. https://www.youtube.com/watch?v=mfn1FRZSxgU&list=PLU4QkAf6LLaPcAPZ_yqyTlINqKar852mr",CDE Baby Human To Relate 5 Perspective: The ability to understand and relate to the perspective of others is studied within a research lab and related to everyday experiences in learning. ,https://youtu.be/4dZfM9QUBfg?si=ZE4wSFkzeO43yfJL,10:32,2014,1.2,,,
Development,Brain Development,"Misti Cave. (2018, December 3). Nurturing your child’s early brain development [Video]. YouTube. https://www.youtube.com/watch?v=hTlVCpQI0AA",Nurturing Your Child's Early Brain Development: Interview regarding toxic stress and brain development in children.,https://www.youtube.com/watch?v=hTlVCpQI0AA,4:35,2018,1.2,,,
Development,Developmentally Appropriate Practice,Zero to Three & Fred Rogers Center for Early Learning and Children's Media at Saint Vincent College. (2015). Nice Catch! [Video]. Zero to Three. https://www.zerotothree.org/resources/381-nice-catch,Nice Catch!: A preschooler builds physical skills and persistence as she plays ball with her dad.,https://www.zerotothree.org/resources/381-nice-catch,1:14,2015,6.5,INS7,,
Development,Early Learning and Development,Zero to Three. (2013). Magic of Everyday Moments: Temperament [Video]. Zero to Three. https://www.zerotothree.org/early-development/temperament,"Magic of Everyday Moments: Temperament: Temperament is defined and its biological base emphasized. The key characteristics of temperament:  emotional intensity, sensory reactivity, activity level, adaptability, persistence are discussed.  In addition, the impact of temperament on children’s behavior is highlighted. ",https://www.zerotothree.org/early-development/temperament,4:37,2013,1.3,,,
Development ,Social Bias,MIND in the Making & Vroom.(n.d.). An Experiment in Catching Social Bias[Video]. Vimeo. https://vimeo.com/456230195/8768440076,"An Experiment in Catching Social Bias: Illustrates how children learn biases by watching the attitudes, words, mannerisms, and tone of voice of the adults in their lives. ",https://vimeo.com/456230195/8768440076,4:49,,1.3,,,
Development ,Brain Development,"Brain Matters. (2020, January 28). Brain Matters Documentary - Early Childhood Development [Video]. Youtube. https://www.youtube.com/watch?v=Rw_aVnlp0JY","Brain Matters documentary - Early Childhood Development: Describes that the experiences children are exposed to determine their chances for future success. Everyday situations such as play, relationships, language and nutrition are examined with a fresh scientific approach, aiming at a set of brain boosting skills and activities that can provide every child with the opportunity to thrive.",https://www.youtube.com/watch?v=Rw_aVnlp0JY,11:51,2020,1.3,,,
Development ,Inclusion,"Colorado Department of Education. (2014). Friendship, Inclusion, and Learning [Video]. YouTube. https://www.youtube.com/watch?v=-SlTrYePC0w","Friendship, Inclusion, and Learning: This story is about a friendship that developed between two girls in a preschool classroom.  The children’s parents and teacher describe how the friendship helped both girls progress in developing social and academic skills.",https://www.youtube.com/watch?v=-SlTrYePC0w,7:25,2014,1.3,,,
Development ,Disability Specific,"EITP Illinois. (2017, July 17). Microcephaly and Developmental Implications in the Birth-3 period [Video]. YouTube. https://www.youtube.com/watch?v=2bPC544BDQM","Microcephaly and Developmental Implications in the Birth-3 period: Webinar defines microcephaly, reviews primary and secondary classifications of microcephaly, neurological conditions associated with microcephaly, and diagnosis. ",https://www.youtube.com/watch?v=2bPC544BDQM,1:27,2017,1.4,,,
Development ,Disability Specific,Move to Include. (n.d.). Move to Include: Autism in Young Children [Video]. PBS Learning Media. https://cptv.pbslearningmedia.org/resource/mti17.autism.young.children/autism-in-young-children-move-to-include/,"Move to Include: Autism in Young Children: Behavioral Analyst, Jennifer Rymanowski describes the autism spectrum disorder and how each case of autism spectrum disorder is for each person. ",https://cptv.pbslearningmedia.org/resource/mti17.autism.young.children/autism-in-young-children-move-to-include/,3:30,,1.4,,,
Development ,Developmentally Appropriate Practice,National Center on Quality Teaching and Learning. (n.d.). Nature-Based Learning and Development for Teachers [Video]. Head Start Early Childhood Learning and Knowledge Center. https://eclkc.ohs.acf.hhs.gov/video/nature-based-learning-development-teachers,"Nature-Based Learning and Development for Teachers: Playing in nature is fun for children. In this video, learn how to use the natural world as a learning environment to improve outcomes for young children. Explore how teachers can use nature in their daily routines to enhance children’s development.",https://eclkc.ohs.acf.hhs.gov/video/nature-based-learning-development-teachers,5:19,,6.3,INS2,,
Development ,Early Learning and Development ,"Netflix. (2020, April 17). Babies-Love- Full Episode-Netflix [Video]. YouTube. https://www.youtube.com/watch?v=YOv5jDFtvsI","Babies - Love - Full Episode - Netflix: From nature to nurture, this docuseries explores the groundbreaking science that reveals how infants discover life during their very first year.",https://www.youtube.com/watch?v=YOv5jDFtvsI,23:49,2020,1.2,F5,,
Development ,Early Learning and Development ,Pathways. (2018) 4 Month Old Baby Typical and Atypical Development - Side by Side Comparison [Video]. Pathways. https://pathways.org/watch/4-month-old-typical-and-atypical-motor-development/,"4 Month Old Baby Typical & Atypical Development Side by Side: Using technical language, description of the development of movement is described.  A demonstration in a lab, illustrates the muscle activation in a 4 month old baby that is meeting gross motor milestones and a baby that is not meeting milestones.  Relevance to functional activities is mentioned, however the demonstration is from a lab. ",https://pathways.org/watch/4-month-old-typical-and-atypical-motor-development/,7:01,2018,1.4,A8,,
Development ,Early Learning and Development ,Pathways. (2018) 6 Month Old Baby Typical and Atypical Development - Side by Side Comparison [Video]. Pathways. https://pathways.org/watch/6-month-old-typical-atypical-motor-development-side-side-comparison/,"6 Month Old Baby Typical & Atypical Development Side by Side: Using technical language, description of the development of movement is described.  A demonstration in a lab, illustrates the muscle activation in a 6 month old baby that is meeting gross motor milestones and a baby that is not meeting milestones.  Relevance to functional activities is mentioned, however the demonstration is from a lab. ",https://pathways.org/watch/6-month-old-typical-atypical-motor-development-side-side-comparison/,7:26,2018,1.4,A8,,
Development ,Disability Specific,"Rett Syndrome Research Trust. (2015, October 1). RETT: There is Hope (Full Movie)[Video]. YouTube. https://www.youtube.com/watch?v=2sDhUjysgL0","RETT: There is Hope (Full Movie): The story behind Rett Syndrome is complicated. It involves a devastating genetic affliction that starts with young girls and includes incredible family dynamics, groundbreaking treatment, care and science. The film focuses on Rett families, the optimism surrounding treatments and forward thinking scientific breakthroughs and the Rett Syndrome Research Trust (RSRT). ",https://www.youtube.com/watch?v=2sDhUjysgL0 ,3:44,2015,1.4,,,
Development ,Trauma,Sesame Street in Communities. (n.d.). A Child's Perspective of a Traumatic Experience [Video]. Sesame Street in Communities. https://sesamestreetincommunities.org/activities/responses-trauma-age-age-video/,A Child’s Perspective of a Traumatic Experience: An animated short of a child's perspective of witnessing domestic violence. ,https://sesamestreetincommunities.org/activities/responses-trauma-age-age-video/,1:56,2017,1.3,A4,,
Development ,Early Learning and Development ,"Robin Suitt. (2014, August 17). Baby Human- To Talk the Language Explosion [Video]. YouTube. https://www.youtube.com/watch?v=1SX8kmXLyfU","Baby Human To Talk The Language Explosion: Describes the phenomenon of language learning - sound production, isolated words, and sentence formation.",https://www.youtube.com/watch?v=1SX8kmXLyfU,9:21,2014,1.2,A4,,
Development ,Early Learning and Development ,"Robin Suitt. (2014, July 22). Baby Human - To Walk Depth Perception [Video]. YouTube. https://www.youtube.com/watch?v=30lO3gXeoUs","Baby Human To Walk Depth Perception: The development of movement is related to an infant's understanding of the world and his or her emotional life. Self-propelled movement is related to peripheral vision and the understanding of depth perception.  Various experiments, including visual cliff experiments, are shown. ",https://www.youtube.com/watch?v=30lO3gXeoUs,8:31,2014,1.1,A4,,
Development ,Early Learning and Development ,"Robin Suitt. (2014, July 22). Baby Human- To Walk [Video]. YouTube. https://www.youtube.com/watch?v=GtZ91JuavxU&list=RD30lO3gXeoUs","Baby Human - To Walk: The development of movement is related to an infant's understanding of the world and his or her emotional life. Karen Adolph, a Developmental Psychologist, studies how children adapt their walking to changing physical environments. ",https://www.youtube.com/watch?v=GtZ91JuavxU&list=RD30lO3gXeoUs,6:37,2014,1.1,A4,,
Development ,Early Learning and Development ,"Robin Suitt. (2014, July 22). Baby Human- To Walking Rolling Reaching [Video]. YouTube. https://www.youtube.com/watch?v=ncpgTfR7w0U","Baby Human To  Walk Rolling Reaching:  The development of movement is related to an infant's understanding of the world and his or her emotional life. Esther Thelen, a Developmental Psychologist, studies reaching from her lab. ",https://www.youtube.com/watch?v=ncpgTfR7w0U,8:08,2014,1.1,A4,,
Development ,Early Learning and Development ,"UW Video. (2013, November 26). Symbolic Understanding in Infants and Young Children: Challenges and Benefits, Part 1 [Video]. YouTube. https://www.youtube.com/watch?v=nCf-15bWLyI","Symbolic Understanding in Infants and Young Children: Challenges and benefits. Nothing is more important in early human development than learning to use the symbols through which we communicate with one another. In this lecture, Dr. DeLoache reviews her research on the challenges that infants and very young children face as they become symbol-minded-- as they figure out the nature and use of a variety of everyday symbolic objects.",https://www.youtube.com/watch?v=nCf-15bWLyI,55:54,2013,1.2,A4,,
Development ,Safe Sleep,"NICHDVideos. (2013, September 30). Safe sleep for your baby -- 60 seconds [Video]. YouTube. https://www.youtube.com/watch?v=Rs9Jw3uIoaU","Safe sleep for your baby -- 60 seconds:This 60 second video is part of the Safe to Sleep campaign (formerly the Back to Sleep campaign), an effort to educate parents and caregivers about ways to reduce the risk of sudden infant death syndrome (SIDS) and other sleep-related causes of infant death. The video portrays what a safe sleep environment looks like and describes other ways to reduce the risk of SIDS and other sleep-related causes of infant death.",https://www.youtube.com/watch?v=Rs9Jw3uIoaU,1:00,2013,1.3,,,
Development   ,Disability Specific,Raising Children. (n.d.). Cerebral Palsy: Overview and Diagnosis [Video]. Raising Children. https://raisingchildren.net.au/disability/videos/cerebral-palsy-overview,"Cerebral Palsy: Overview and Diagnosis: Parents of children with cerebral palsy talk about spotting the early signs of cerebral palsy and getting a diagnosis. Also, professionals explain that cerebral palsy is a condition that affects the brain. They talk about the different types of cerebral palsy, the effects on children and some of the causes of cerebral palsy.",https://raisingchildren.net.au/disability/videos/cerebral-palsy-overview,6:45,,1.4,,,
Development        ,Early Learning or Development,"wwjoshdew. (2011, January 9). Cerebral Palsy + Walking = Plenty of Falls [Video]. YouTube. https://www.youtube.com/watch?v=DxENA1grsNU","Cerebral Palsy + Walking = Plenty of Falls: Video 2 of 2.  Abby, a three-year-old with has cerebral palsy, practices walking, while her dad encourages her independence and persistence. The video illustrates her exceptional pattern of walking but also aspects of her development that are following a normative pattern. ",https://www.youtube.com/watch?v=DxENA1grsNU,2:56,2011,1.3,F4,,
Development         ,Disability Specific ,"CafeMom Studios. (2012, April 12). Child Grows Up Blind- The Planson Family- Our Special Life- Part 2 [Video]. YouTube. https://www.youtube.com/watch?v=sZu1CwSfm0g","Child Grows Up Blind - The Planson Family - Our Special Life - Part 2: A child, born blind, participates in a variety of experiences. Her mom discusses the family's  approach to raising a child with a disability - highlighting that her daughter is a child first, the importance of not placing limits, and remembering to have fun and enjoy one another. ",https://www.youtube.com/watch?v=sZu1CwSfm0g,5:50,2012,1.2,F5,,
Development         ,Brain Development,UNICEF. (2019). Building Babies' Brains Through Play: Mini Parenting Master Class [Video]. Center for the Developing Child Harvard University. https://developingchild.harvard.edu/resources/building-babies-brains-through-play-mini-parenting-master-class/,"Building Babies’ Brains Through Play: Mini Parenting Master Class: In this Mini Parenting Master Class from UNICEF, Center on the Developing Child Director Jack P. Shonkoff, M.D., explains the importance of serve and return interactions like play—and how parents can use interactions with their child to facilitate brain development. ",https://developingchild.harvard.edu/resources/building-babies-brains-through-play-mini-parenting-master-class/,5:26,2019,1.3,F5,,
Development            ,Adoption,"EITP Illinois. (2016, March 25).  International Adoption: An Overview of Developmental Considerations [Video]. YouTube. https://www.youtube.com/watch?v=L75WbQFGjyM&list=PL7F9l-VZdRS8in345ayGuQ8pr6RDGT8L1","An Overview of Developmental Considerations for the Internationally Adopted Child: Webinar reviews the history of international adoption, information on rates and statistics regarding international adaption today, what the adoption process is like from both the parent and child's perspective, the transition to home for both the parent and child, and medical comorbidities and developmental challenges. ",https://www.youtube.com/watch?v=L75WbQFGjyM&list=PL7F9l-VZdRS8in345ayGuQ8pr6RDGT8L1,1:06,2016,1.3,F1,,
Development             ,Brain Development,"Vroom. (2015, March 10). Vroom: Everyone has what it takes to be a Brain Builder!  [Video]. YouTube. https://www.youtube.com/watch?v=PB1Uo9nbIVU","Vroom: Everyone has what it takes to be a Brain Builder!: Look, follow, chat, take turns, and stretch are explained and demonstrated in the everyday moments of being a parent. ",https://www.youtube.com/watch?v=PB1Uo9nbIVU,3:02,2015,1.3,F5,,
Development              ,Relationships,Center on the Developing Child Harvard University. (2013). Building Adult Capabilities to Improve Child Outcomes: A Theory of Change [Video].  Center on the Developing Child Harvard University. https://developingchild.harvard.edu/resources/building-adult-capabilities-to-improve-child-outcomes-a-theory-of-change/,Building Adult Capabilities to Improve Child Outcomes: A Theory of Change: Illustrates the importance of developing the capacity of adults that have meaningful relationships with children as a mechanism for reducing the impact of adverse factors on growth and development. ,https://developingchild.harvard.edu/resources/building-adult-capabilities-to-improve-child-outcomes-a-theory-of-change/,5:18,2013,1.3,F5,,
Families,Family-Centered Practice ,"Early CHOICES. (2021, January 7). Early Intervention, Inclusion and My Family Part 3: Routine Based Learning [Video]. YouTube. https://www.youtube.com/watch?v=_0EmS2DC4kk","Early Intervention, Inclusion and My Family Part 3: Routine Based Learning: The best place for young children to learn and practice new skills is within our everyday routines. ",https://www.youtube.com/watch?v=_0EmS2DC4kk,4:47,2021,6.3,INS4,,
Families,Family-Centered Early Intervention ,"Early CHOICES. (2021, January 8). Early Intervention, Inclusion and My Family Part 4: Your Role in Early Intervention [Video]. YouTube. https://www.youtube.com/watch?v=m0Bp-V4ygqw","Early Intervention, Inclusion and My Family Part 4: Your Role in Early Intervention: Describes the family's role within the child's early intervention team. ",https://www.youtube.com/watch?v=m0Bp-V4ygqw,3:58,2021,6.3,INS4,,
Families,Family-Centered Practice ,"ABC News. (2015, October 20). 'Miracle Baby' Born without Most of His Brain Defying Odds [Video]. YouTube. https://www.youtube.com/watch?v=wu47BpI4ld8","Miracle Baby' Born Without Most of His Brain Defying Odds: Parents of Jackson, an infant born with micro hydrocephaly, shares their story of finding out their child was going to be born with a severe disability, and the life they now share. ",https://www.youtube.com/watch?v=wu47BpI4ld8,7:34,2015,2.1,,,
Families,Family-Centered Practice  ,"Ayankoya, B. (2017, June 21). Engaging Families and Creating Trusting Partnerships to Improve Child and Family Outcomes, Session 4: More on Infusing Partnership Principles and Practices into Family Engagement Activities [Video]. Early Childhood Technical Assistance Center. https://ectacenter.org/~calls/2017/familyengagement.asp",Engaging Families and Creating Trusting Partnerships to Improve Child and Family Outcomes:  A mom describes her perspective of having her voice heard and being treated as an equal partner in the planning and decision making of her son's services. ,https://ectacenter.org/~calls/2017/familyengagement.asp,4:22,2017,2.1,F1,,
Families,Family-Centered Early Intervention ,"Ayankoya, B. (2017, May 24). Engaging Families and Creating Trusting Partnerships to Improve Child and Family Outcomes: Session 3: Infusing Partnership Principles and Practices into Family Engagement Activities [Video].  Early Childhood Technical Assistance Center. https://ectacenter.org/~calls/2017/familyengagement.asp",Engaging Families and Creating Trusting Partnerships to Improve Child and Family Outcomes: Session 3: Infusing Partnership Principles and Practices into Family Engagement Activities: Webinar 3 of 3. Reviews the six types of family engagement; meeting family needs; referring and evaluation; individualizing; extending learning; volunteering; and advocating. ,https://ectacenter.org/~calls/2017/familyengagement.asp,9:13,2017,2.1,F1,,
Families,Family-Centered Early Intervention,"CafeMom Studios. (2012, April 19). 2 Year Old Girl with Down Syndrome: The McClintic Family - Our Special Life-Episode 3[Video]. YouTube. https://www.youtube.com/watch?app=desktop&list=PL1EEAB6AF07198EE2&v=uPy2WsHAls8&feature=youtu.be",2 Year Old Girl with Down Syndrome: The McClintic Family - Our Special Life - Episode 3: A mom discusses her vision for her daughter's future and the importance of setting expectations high. ,https://www.youtube.com/watch?v=uPy2WsHAls8&list=PL1EEAB6AF07198EE2,6:43,2012,2.3,F5,,
Families,Family-Centered Practice ,"Center for Technology in Education. (2016, October 30). Robin McWilliam EcoMap Demonstration [Video]. Vimeo. https://vimeo.com/189527329","Robin McWilliam EcoMap Demonstration: Alyssa is a 14-month old child with complex medical diagnosis. She receives home based nursing services 24 hours a day during the week, and 12 hours a day during the weekends. The video shows Dr. McWilliam navigating the EcoMap with Jason and Sarah.",https://vimeo.com/189527329,23:59,2016,2.3,F7,,
Families,Family Systems Theory,"Center for Technology in Education. (2016, November 2). EcoMap [Video]. Vimeo. https://vimeo.com/189920710",EcoMap: An early intervention service provider demonstrates development of an ecomap as the provider and a mom talk about the family.,https://vimeo.com/189920710,6:13,2016,2.3,,,
Families,Family-Centered Practice ,"Chris Corkery. (2013, March 1). My Name is Jude CCR&R [Video]. YouTube. https://www.youtube.com/watch?v=DeYmlMtBOrE",My Name Is Jude CCR&R: Illustrates the journey of Jude's young life including being diagnosed with epilepsy. ,https://www.youtube.com/watch?v=DeYmlMtBOrE,3:05,2013,1.4,,,
Families,Family-Centered Practice ,Early Childhood Technical Assistance Center. (n.d.). Supporting Family Leaders [Video]. Early Childhood Technical Assistance Center. https://ectacenter.org/topics/familyeng/supportingfamilyleaders.asp,"Supporting Family Leaders: Four parents share their experiences of becoming advocates for their child, as well as advocating for others. They describe their individual journeys of becoming leaders and joining various councils. ",https://ectacenter.org/topics/familyeng/supportingfamilyleaders.asp,varies,,2.2,F10,,
Families,Family-Centered Early Intervention ,"Early CHOICES. (2020, December 21). Early Intervention, Inclusion and My Family Part 1: Inclusion and Natural Environments [Video]. YouTube. https://www.youtube.com/watch?v=YC16cM4Ov24","Early Intervention, Inclusion and My Family Part 1: Inclusion & Natural Environments: Defines inclusion and natural environments and discusses their meaning in the early years - birth to three. ",https://www.youtube.com/watch?v=YC16cM4Ov24,3:31,2020,6.3,INS4,,
Families,Family-Centered Early Intervention ,"Early CHOICES. (2021, January 7). Early Intervention, Inclusion and My Family Part 2: Best Practices and Routine-based Learning [Video]. YouTube. https://www.youtube.com/watch?v=VmlZ37IJ1ko","Early Intervention, Inclusion and My Family Part 2: Best Practices and Routine-based Learning: Explores what is best practice in early intervention services, and why children learn best in everyday routines at home. ",https://www.youtube.com/watch?v=VmlZ37IJ1ko,4:21,2021,6.3,INS4,,
Families,Inclusion,"Edelman, L. (Producer).  (2015). A Parent's Perspective on Inclusion in Early Childhood. [Video]. Desired Results Access Project. https://www.draccess.org/videolibrary/ParentsPerspectiveOnInclusion","A Parent's Perspective on Inclusion in Early Childhood: Video 2 of 2: Janelle Rethwisch talks about her perspective on inclusion for her daughter Lydia, in early childhood and beyond.",https://www.draccess.org/videolibrary/ParentsPerspectiveOnInclusion,5:31,2015,1.3,F7,,
Families,Family-Centered Practice  ,"Colorado Department of Education. (2021, July 30). Nolan's Story [Video]. YouTube. https://www.youtube.com/watch?v=bPJwsuVAWgM","Nolan’s Story: A physical therapist partners with a family to identify what their daily routines look like, what is important to them, Nolan's (almost 3) interests, as well as difficult times of their day. The PT works with the family using household items to make bath time an enjoyable, social and enriching experience for Nolan and his entire family. ",https://www.youtube.com/watch?v=bPJwsuVAWgM,6:28,2021,2.3,A7,,
Families,Family-Centered Practice ,"Colorado Department of Education. (2021, July 30). Reflections During the Final Visit[Video]. YouTube. https://www.youtube.com/watch?v=RqR5OfRWvgw","Reflections During the Final Visit: A mom describes how the therapist has not only helped her child, but has given her the confidence to help her achieve new skills. The mom describes the therapists interactions with her and her family that built trust and a sense of being cared about. ",https://www.youtube.com/watch?v=RqR5OfRWvgw,5:45,2009,2.3,F4,,
Families,Family-Centered Early Intervention,"Edelman, L. (2014). Harper Hope: A Parent's View of the Power of Early Intervention [Video]. Desired Results Access Project. https://draccess.org/videolibrary/HarperHope",Harper Hope: A Parent's View of the Power of Early Intervention: Harper's parents share their journey of preparing for their daughter not to survive to staying in the NICU and bringing her home. Collaboration and interaction between Harper's parents and the interventionist are demonstrated and mom speaks of the importance of early intervention.,https://draccess.org/videolibrary/HarperHope,15:03,2014,2.1,F5,,
Families,Family-Centered Early Intervention,UNM HSC CDD. (2017). Dream Big: A FIT Family Story [Video]. Vimeo. https://vimeo.com/250319653,Dream Big: A FIT Family Story: Dani and Marcos describe many of the key features of early intervention and how they and their daughter benefit from them.,https://vimeo.com/250319653,5:27,2017,2.1,F5,,
Families,Family-Centered Practice ,"Edelman, L. (Producer). (2017). Supporting Children by Improving Family Outcomes [Video]. Early Childhood Technical Assistance Center. https://ectacenter.org/eco/pages/videos-supporting.asp","Supporting Children By Improving Family Outcomes:  Family outcomes are reviewed including families understanding their children's strengths, abilities, and needs; helping their children develop and learn; understanding their rights and advocate effectively for their child; having support systems; and accessing desired services, programs, and activities in their community. The DEC Family Recommended Practices are referenced. Families talk about their experience in early intervention and how it has contributed to their confidence and ability to support their child develop and learn. ",https://ectacenter.org/eco/pages/videos-supporting.asp,13:18,2017,2.2,F5,,
Families,Family-Centered Early Intervention,"Edelman, L. (Producer). (2020). A Home Visit with Ares' Family [Video]. Early Childhood Technical Assistance Center. https://ectacenter.org/topics/disaster/ti-service.asp ","A Home Visit with Ares' Family: Speech-language pathologist Lindsay Miketa delivers an early intervention home visit during the COVID-19 pandemic. The video illustrates the experience of a family new to early intervention that has only received home visits via video conferencing. The story is accompanied by insightful observations offered by Lindsay and Ares' parents, Jacqueline and Daniel.",https://ectacenter.org/topics/disaster/ti-service.asp,9:03,2020,2.1,F1,,
Families,Family Centered-Practice ,"Colorado Department of Education. (2021, July 30). Using Video to Celebrate Progress [Video]. YouTube. https://www.youtube.com/watch?v=ALyGAB7ANvo",Using Video to Celebrate Progress: Physical Therapist Megan Klish Fibbe shows how video can support families by highlighting family strengths and child progress.,https://www.youtube.com/watch?v=ALyGAB7ANvo,2:09,2021,2.3,F6,,
Families,Family-Centered Practice ,"EITP Illinois. (2016, February 22). Strategies to Implement Family Centered Practice in Early Intervention [Video]. YouTube. https://www.youtube.com/watch?v=2AWbMddjwuc&list=PL7F9l-VZdRS8in345ayGuQ8pr6RDGT8L1",Strategies to Implement Family Centered Practice in Early Intervention: Early Intervention Training Program at the University of Illinois recorded webinar addressing key components and practices of family centered practice. ,https://www.youtube.com/watch?v=2AWbMddjwuc&list=PL7F9l-VZdRS8in345ayGuQ8pr6RDGT8L1,1:15,2016,2.1,F1,,
Families,Family-Centered Practice ,"EITP Illinois. (2018, February 13). Improving Partnerships with Families during Early Intervention [Video]. https://www.youtube.com/watch?v=qB9hqZZargo",Improving Partnerships with Families During Early Intervention: Early Intervention Training Program at the University of Illinois recorded webinar addressing the DEC RP related to family practice. ,https://www.youtube.com/watch?v=qB9hqZZargo,1:10,2018,2.1,F1,,
Families,IEP,"ECACorg. (2011, October 30). The IEP Team Process: Chapter 1 - IDEA and IEPs [Video]. YouTube. https://www.youtube.com/watch?v=bSm3wOjkkVw","The IEP Team Process: Chapter 1 – IDEA and IEPs: An introduction for families to Individualized Education Programs (IEPs), FAPE, and other aspects of IDEA (2004).",https://www.youtube.com/watch?v=bSm3wOjkkVw,4:20,2011,2.3,F4,,
Families,Family Systems Theory,Hilton/Early Head Start Foundation. (2007).  Building Relationships with Families Session 9: Planning to Serve the Diego Family [Video]. Head Start Early Childhood Learning and Knowledge Center. https://eclkc.ohs.acf.hhs.gov/children-disabilities/specialquest-multimedia-training-library/session-9-planning-serve-diego-family,"Building Relationships with Families: Session 9: Planning to Serve the Diego Family: The Diego family story allows participants to consider the family's cultural values and beliefs, experiences, and successes; and to think about how this relates to their work with young children with disabilities and their families in their communities.",https://eclkc.ohs.acf.hhs.gov/children-disabilities/specialquest-multimedia-training-library/session-9-planning-serve-diego-family,8:52,2007,2.1,,,
Families,Family-Centered Early Intervention,Hilton/Early Head Start Foundation. (2007).  Building Relationships with Families: Session 3: When Concerns Arise: Learning from Families' Experiences [Video]. Head Start Early Childhood Learning and Knowledge Center. https://eclkc.ohs.acf.hhs.gov/children-disabilities/specialquest-multimedia-training-library/session-3-when-concerns-arise-learning-families-experiences,"Building Relationships with Families: Session 3: When Concerns Arise: Learning from Families' Experiences: The video shares information from the perspectives of families, early care and education, and early intervention service providers on how to identify a possible delay in development or a disability in an infant or toddler. Families share how information, support, and resources were provided to them, and what was most helpful.",https://eclkc.ohs.acf.hhs.gov/children-disabilities/specialquest-multimedia-training-library/session-3-when-concerns-arise-learning-families-experiences,15:51,2007,2.1,,,
Families,Family-Centered Early Intervention,Hilton/Early Head Start Foundation. (2007).  Building Relationships with Families: Session 4: Getting Services Started [Video]. Head Start Early Childhood Learning and Knowledge Center. https://eclkc.ohs.acf.hhs.gov/children-disabilities/specialquest-multimedia-training-library/session-4-getting-services-started,Building Relationships with Families: Session 4: Getting Services Started: The processes of early identification; referral to early intervention to determine eligibility for the Individuals with Disabilities Education Act (IDEA) Part C services; and support to families who are accessing services are reviewed.,https://eclkc.ohs.acf.hhs.gov/children-disabilities/specialquest-multimedia-training-library/session-4-getting-services-started,0:14,2007,2.3,F3,,
Families,Family Systems Theory ,Hilton/Early Head Start Foundation. (Producers). (2007).  Including Infants and Toddlers with Disabilities: Session 6: An Inclusion Story [Video]. Head Start Early Childhood Learning and Knowledge Center. https://eclkc.ohs.acf.hhs.gov/children-disabilities/specialquest-multimedia-training-library/session-6-inclusion-story,"Including Infants and Toddlers with Disabilities: Session 6: An Inclusion Story: Illustrates different systems in a young boy's life. An example of coordinated, comprehensive, family-centered service delivery through partnerships between the family, early head start, extended family, greater community and early intervention.",https://eclkc.ohs.acf.hhs.gov/children-disabilities/specialquest-multimedia-training-library/session-6-inclusion-story,2:14,2007,1.4,F5,,
Families,Family-Centered Practice ,"ISU LSL LAB. (2016, June 12). Routines Based Intervention- Interview [Video]. YouTube. https://www.youtube.com/watch?v=kMxCjJfl3mI",Routines Based Intervention - Interview: A mom and speech-language pathologist are engaging in a conversation that is routines-based.,https://www.youtube.com/watch?v=kMxCjJfl3mI,4:40,2016,2.3,A7,,
Families,Family-Centered Early Intervention,"Kasprzak, C. (2017, March 29) Engaging Families and Creating Trusting Partnerships to Improve Child and Family Outcomes: Session 1: Getting to the Bottom Line of Family Engagement[Webinar]. Early Childhood Technical Assistance Center. https://ectacenter.org/~calls/2017/familyengagement.asp","Engaging Families and Creating Trusting Partnerships to Improve Child and Family Outcomes: Session 1: Getting to the Bottom Line of Family Engagement: Webinar 1 of 3. In this webinar, a variety of researchers and leaders in the field of family engagement discuss the three principles of family participation/involvement: family foundation, dignity, and community that are part of IDEA. They emphasize the importance of relationships and partnerships for family engagement. In this education webinar presenters discuss, the law, frameworks and research that is related to Family Engagement. ",https://ectacenter.org/~calls/2017/familyengagement.asp,1:16,2017,2.3,F5,,
Families,Family-Centered Practice ,"Learn the Signs, Act Early. (n.d.). Module 3: Communicating Concerns: Screening and Diagnosis Results Part 1 [Video]. Centers for Disease Control and Prevention. https://www.cdc.gov/ncbddd/actearly/autism/video/module3.html",Module 3: Communicating Concerns: Screening and Diagnosis Results Part 1: Shows a mock meeting between a pediatrician and a family of a child that is not meeting all of his developmental milestones.  ,https://www.cdc.gov/ncbddd/actearly/autism/video/module3.html,varies,,2.1,F1,,
Families,Family-Centered Early Intervention,"Making Access Happen. (2020, November 5). Robin McWilliam RBI Interview [Video]. Youtube. https://www.youtube.com/watch?v=gnV5WdhtXIo","RBI Interview: Video illustrating a conversation and interview between a mother and practitioner. The practitioner gathers information about the mom's day, the child's behaviors, and other family members behaviors. ",https://www.youtube.com/watch?v=gnV5WdhtXIo,1:52,2020,2.1,F1,,
Families,Family-Centered Practice ,National Center on Early Childhood Health and Wellness. (n.d.). Responsive Feeding- Supporting Healthy Eating at Home- A Training Module for Home Visitors - Parents Provides. Child Decides [Video]. Head Start Early Childhood Learning and Knowledge Center. https://eclkc.ohs.acf.hhs.gov/nutrition/article/responsive-feeding-webinars,Responsive Feeding - Supporting Healthy Eating at  Home - A Training Module for Home Visitors -Parent Provides. Child Decides: Webinar 1 of 3. Responsive feeding is described and reasoning why it is important is shared. The signs of hunger and fullness for children ages birth to 12 months are examined and strategies to support baby's healthy eating are provided for practitioners to share with families. ,https://eclkc.ohs.acf.hhs.gov/nutrition/article/responsive-feeding-webinars,0:26,2019,1.2,F6,,
Families,Family-Centered Practice ,National Center on Early Childhood Health and Wellness. (n.d.).  Responsive Feeding- Supporting Healthy Eating at Home- A Training Module for Home Visitors - Family Mealtime [Video]. Head Start Early Childhood Learning and Knowledge Center. https://eclkc.ohs.acf.hhs.gov/nutrition/article/responsive-feeding-webinars,"Responsive Feeding - Supporting Healthy Eating at  Home - A Training Module for Home Visitors -Family Mealtime: Webinar 2 of 3.  Family mealtime can be an important opportunity to support child development with infants , toddlers and preschoolers.  Suggestions to support social-emotion, language and literacy, cognition, and physical domains during mealtime are explored. ",https://eclkc.ohs.acf.hhs.gov/nutrition/article/responsive-feeding-webinars,12:35,,1.2,F6,,
Families,Family-Centered Practice ,National Center on Early Childhood Health and Wellness. (n.d.).  Responsive Feeding - Supporting Healthy Eating at Home- A Training Module for Home Visitors- Building Healthy Mealtime Habits [Video].  Head Start Early Childhood Learning and Knowledge Center. https://eclkc.ohs.acf.hhs.gov/nutrition/article/responsive-feeding-webinars,Responsive Feeding - Supporting Healthy Eating at  Home - A Training Module for Home Visitors -Building Healthy Mealtime Habits: Webinar 3 of 3. Supports practitioners is engaging families in discussion about healthy eating habits and routines at home.  ,https://eclkc.ohs.acf.hhs.gov/nutrition/article/responsive-feeding-webinars,11:56,,1.2,F6,,
Families,Family-Centered Practice ,"Nehrenz, M. (Producer). (2012). Parents' Perspectives on School: Tips and Transitions[Video]. Center for Learning and Leadership University of Oklahoma Health Sciences Center. https://ouhsc.edu/thecenter/Publications/UCEDD-Videos",Parents' Perspectives on School: Tips and Transitions: Six parents share their advice on school and school transitions. ,https://ouhsc.edu/thecenter/Publications/UCEDD-Videos,5:33,2012,2.3,TR1,,
Families,Family-Centered Practice ,"VEIPD Videos. (2012, April 29).  Liam's Story, A Mother's Voice [Video]. YouTube. https://www.youtube.com/watch?v=sTcchBg8-Nk","Liam's Story, A Mother's Voice: Through collaboration between his family and his early intervention providers, Liam is able to communicate, use a computer, and move about at home, on trips to a museum and out to get ice cream with his family.",https://www.youtube.com/watch?v=sTcchBg8-Nk,5:11,2012,2.2,F7,,
Families,Assessment / IFSP Development,"VEIPD Videos. (2016, April 13).  Lily's Assessment and IFSP Development [Video].  YouTube. https://www.youtube.com/watch?v=yzIE0uZFao8",Lily's Assessment & IFSP Development: A real example of assessment review and IFSP development. Demonstrates collaboration between the family and practitioners. ,https://www.youtube.com/watch?v=yzIE0uZFao8,8:00,2016,2.3,F4,,
Families,Family-Centered Practice ,Partnership for People with Disabilities at Virginia Commonwealth University. (n.d.). What is Early Intervention?[Video].  Virginia Early Intervention Professional Development Center. https://sites.google.com/a/vcu.edu/early-intervention-video-library/what-is-early-intervention,"What Is Early Intervention?:Parents and professionals describe early intervention specifically what it is, what it looks like, and why it works. The coming together of two experts, the family and the practitioner, is highlighted. ",https://sites.google.com/a/vcu.edu/early-intervention-video-library/what-is-early-intervention,8:45,2014,2.3,F1,,
Families,IEP,"Porter, J. & Gary Christian Film & Video (Producers). (2009). Preschool Inclusion Series: Session 5: The Individualized Education Program: Partnering for Success [Video]. Head Start Early Childhood Learning and Knowledge Center. https://eclkc.ohs.acf.hhs.gov/children-disabilities/specialquest-multimedia-training-library/session-5-individualized-education-program-partnering-success",Preschool Inclusion Series: Session 5: The Individualized Education Program: Partnering for Success: This video considers the IEP process from various perspectives and explore how teams work together to create inclusive experiences that are supported by the IEP process.,https://eclkc.ohs.acf.hhs.gov/children-disabilities/specialquest-multimedia-training-library/session-5-individualized-education-program-partnering-success,22:48,2009,2.3,TR2,,
Families,Teaming with Families,"Puckett Institute. (2017, June 27). Practitioner Family-Centered Practices for Working with Families [Video]. YouTube. https://www.youtube.com/watch?v=3qyUdbe8mxE","Practitioner Family-Centered Practices for Working with Families: Several brief vignettes with Early Interventionists, families, children interacting in the home setting as examples of family-centered practices",https://www.youtube.com/watch?v=3qyUdbe8mxE,3:32,2017,2.1,F5,,
Families,Family-Centered Early Intervention ,The Center to Mobilize Early Childhood Education. (2010). CONNECT Audio 1.5: Christine's Perspective (Luke's Mother)[Audio file]. Division for Early Childhood.  https://connectmodules.dec-sped.org/connect-modules/resources/audio/audio-1-2/,"CONNECT Audio 1.5: Christine's Perspective (Luke's Mother): The mother of Luke, a three year old boy with developmental delays, shares her perspective a few months later after he has enrolled in a childcare program. She discusses her feelings about using embedded interventions both at home and in the program.",https://connectmodules.dec-sped.org/connect-modules/resources/audio/audio-1-2/,2:32,2010,2.3,F4,,
Families,Collaborating and Teaming with Families,"VEIPD Videos. (2019, April 11). Discussing Leisel's Communication Device (Non-Coaching Example) [Video]. YouTube. https://www.youtube.com/watch?v=DfAdboGHHW8",Discussing Leisel’s Communication Device (Non-Coaching Example): This video shows a fictitious example of a service coordinator who is not using coaching practices with a family.,https://www.youtube.com/watch?v=DfAdboGHHW8,2:54,2019,2.2,F7,,
Families ,Family-Centered Practice ,"Ohio Developmental Disabilities Council. (2016, May 11). Video #2: Using Video to Enhance Play, Communication, and Relationships [Video].YouTube. https://www.youtube.com/watch?v=zn9D3xnxSew ","Video #2: Using Video to Enhance Play, Communication, and Relationships: Aimee, a developmental specialist, illustrates how she shares video that she recorded at a previous home visit with Amanda, Autumn’s mother, for reflection and planning. Both Aimee and Amanda describe the benefits of watching and reflecting on the videos.",https://www.youtube.com/watch?v=zn9D3xnxSew,4:20,2016,2.3,F4,,
Families ,Family-Centered Practice ,"Colorado Department of Education. (2021, July 30). Using Video to Share with Family Members [Video]. YouTube. https://www.youtube.com/watch?v=Ui89Z187SBk","Using Video to Share with Family Members: A physical therapist, mom, and child demonstrate how the use of video enhances the time that they have together in a session, as well as for sharing with other family members. The use of video is another way of demonstrating to parents their strengths in working with their child. ",https://www.youtube.com/watch?v=Ui89Z187SBk,3:26,2021,2.1,,,
Families ,Family-Centered Early Intervention ,"Franklin, S. (2017, April 20). Engaging Families and Creating Trusting Partnerships to Improve Child and Family Outcomes, Session 2: Enhancing Trusting Partnerships at the Systems and Practice Levels [Video]. Early Childhood Technical Assistance Center. https://ectacenter.org/~calls/2017/familyengagement.asp","Engaging Families and Creating Trusting Partnerships to Improve Child and Family Outcomes: Session 2: Enhancing Trusting Partnerships at the Systems and Practice Levels Webinar 2 of 3. In this webinar, the key components of trusting partnerships and the characteristics associated which each component are discussed. A panel from Iowa State share how they applied the components at a systems level. A member of the National Center on parent, Family, and Community Engagement discuss the Parent, Family, and Community Engagement (PFCE) framework as a theory of change. ",https://ectacenter.org/~calls/2017/familyengagement.asp,1:01,2017,2.1,F1,,
Families ,Family-Centered Early Intervention  ,Hilton/Early Head Start Training Program. (2007). Building Relationships with Families: Session 6: Opening Doors to Family Leadership [Video]. Head Start Early Childhood Learning and Knowledge Center. https://eclkc.ohs.acf.hhs.gov/children-disabilities/specialquest-multimedia-training-library/session-6-opening-doors-family-leadership,"Building Relationships with Families: Session 6: Opening Doors to Family Leadership: Explores the diverse ways that families of infants and toddlers with disabilities can be leaders in their own family with their children, in programs, and in communities.",https://eclkc.ohs.acf.hhs.gov/children-disabilities/specialquest-multimedia-training-library/session-6-opening-doors-family-leadership,19:08,2007,2.2,F10,,
Families ,Family-Centered Practice ,Puckett Institute. (n.d.). Making Good Family Choices[Video]. Early Childhood Technical Assistance Center. https://ectacenter.org/decrp/topic-family.asp,Making Good Family Choices: Short vignettes illustrating practitioners being responsive to families' concerns and priorities. ,https://ectacenter.org/decrp/topic-family.asp,4:16,,2.3,F5,,
Families ,Family-Centered Early Intervention,The Center to Mobilize Early Childhood Education. (2010). CONNECT Audio 5.5: Holly's Perspective (Sophie's Mother) [Audio file]. Division for Early Childhood.  https://connectmodules.dec-sped.org/connect-modules/resources/audio/audio-5-5/,"CONNECT Audio 5.5: Holly’s Perspective (Sophie’s Mother): The mother of Sophie, a two-year-old girl with language and physical delays, discusses her feelings about wanting to help Sophie communicate.",https://connectmodules.dec-sped.org/connect-modules/resources/audio/audio-5-5/,0:41,2010,2.3,F3,,
Families ,Family-Centered Early Intervention,The Center to Mobilize Early Childhood Education. (2010). CONNECT Video 1.2: The Family's Viewpoint [Video]. Division for Early Childhood. https://connectmodules.dec-sped.org/connect-modules/resources/videos/video-1-2/,"CONNECT Video 1.2: The Family's Viewpoint: Christine, mother of Luke, a 3 year old boy with developmental delays shares her reasoning and concerns to include her son in a childcare program",https://connectmodules.dec-sped.org/connect-modules/resources/videos/video-1-2/,2:20,,2.1,F3,,
Families ,Family Systems Theory,The Center to Mobilize Early Childhood Education. (2010). CONNECT Video 4.1: Perspective of Dr. Beth Harry [Video]. Division for Early Childhood. https://connectmodules.dec-sped.org/connect-modules/learners/module-4/step-3/b-research/,"CONNECT Video 4.1: Perspectives of Dr. Beth Harry: Beth Harry, Professor, and Chair of Special Education at the University of Miami discusses the importance of earning the trust of parents from diverse backgrounds by demonstrating respect for their perspectives. Dr. Harry has described the transforming impact of her daughter with special needs on her personal and professional life. She is a nationally recognized leader in research related to cultural diversity within the field of special education, especially on the topic of family-professional partnerships.",https://connectmodules.dec-sped.org/connect-modules/learners/module-4/step-3/b-research/,2:56,2010,2.1,F1,,
Families ,Family Systems Theory,The Center to Mobilize Early Childhood Education. (2010). CONNECT Video 4.2: The Family's Viewpoint [Video]. Division for Early Childhood. https://connectmodules.dec-sped.org/connect-modules/resources/videos/video-4-2/,"CONNECT Video 4.2: The Family’s Viewpoint: Aaron, the father of little Aaron, a 4-year old boy in a preschool classroom, shares his story and goals for his family’s future.",https://connectmodules.dec-sped.org/connect-modules/resources/videos/video-4-2/,1:37,2010,2.1,F1,,
Families ,Family Systems Theory ,The Center to Mobilize Early Childhood Education. (2010). CONNECT Video 4.3:  Description of the Family-Professional Partnership Framework [Video]. Division for Early Childhood. https://connectmodules.dec-sped.org/connect-modules/learners/module-4/step-3/a-definition/,"CONNECT Video 4.3: Description of the Family-Professional Partnership Framework: Dr. Ann Turnbull, Distinguished Professor, Co-Founder and Co-Director of the Beach Center on Disability, describes the family professional partnership framework to illustrate partnership-oriented practices.",https://connectmodules.dec-sped.org/connect-modules/learners/module-4/step-3/a-definition/,3:19,2010,2.1,F1,,
Families ,Family-Centered Early Intervention ,The Center to Mobilize Early Childhood Education. (2010). CONNECT Video 4.4:  Starting a relationship [Video]. Division for Early Childhood. https://connectmodules.dec-sped.org/connect-modules/resources/videos/video-4-4/,CONNECT Video 4.4: Starting a relationship: A practitioner describes strategies she uses to begin partnerships with a families.,https://connectmodules.dec-sped.org/connect-modules/resources/videos/video-4-4/,2:37,2010,2.1,F1,,
Families ,Collaborating and Teaming with Families,"VEIPD Videos. (2019, April 11). Discussing Jake's Progress (Coaching Example) [Video]. YouTube. https://www.youtube.com/watch?v=OlCElTSQ_mc","Discussing Jake’s Progress (Coaching Example): This video features nosheen, a service coordinator with the Infant & Toddler Connection of Fairfax-Falls Church in Virginia, using coaching practices with Mia, Jake's mother, as they discuss concerns about progress.",https://www.youtube.com/watch?v=92u8wf-vxtA,4:40,2019,2.2,F7,,
Families ,Collaborating and Teaming with Families,"VEIPD Videos. (2019, April 11). Discussing Jake's Progress (non-Coaching Example) [Video].  YouTube. https://www.youtube.com/watch?v=92u8wf-vxtA",Discussing Jake’s Progress (non-Coaching Example): This video shows a fictitious example of a service coordinator who is not using coaching practices with a family.,https://www.youtube.com/watch?v=92u8wf-vxtA,2:07,2019,2.2,F7,,
Families ,Collaborating and Teaming with Families,"VEIPD Videos. (2019, April 11). Discussing Leisel's Communication Device (Coaching Example) [Video]. YouTube. https://www.youtube.com/watch?v=8D6qCh7ey-Y","Discussing Leisel’s Communication Device (Coaching Example): This video features Christina, a service coordinator with the Infant & Toddler Connection of Fairfax-Falls Church in Virginia, using coaching practices while meeting with Benea, Leisel's mother.",https://www.youtube.com/watch?v=8D6qCh7ey-Y,4:13,2019,2.2,F7,,
Families                ,Play / Stress / Explore,The Basics Boston. (2018). Boston Basics: Overview [Video]. Boston Basics. https://boston.thebasics.org/,"Boston Basics: The Boston Basics campaign provides a series of five videos of families being with their children during different aspects of their day. The narrator engages in conversation with parents to learn about their perspective on these five basics: (1) Maximize Love, Manage Stress, (2) Talk, Sing, and Point, (3) Count, Group, and Compare, (4) Explore through Movement and Play, (5) Read and Discuss Stories ",https://boston.thebasics.org/,varies,2018,1.3,F5,,
"Interactions, Intervention and Instruction",Everyday Learning Opportunities,"National Center on Early Childhood Development, Teaching and Learning. (2018, February 20). Supporting Interactions for Children with Disabilities or Suspected Delays [Video]. University of Connecticut- Media Space. https://kaltura.uconn.edu/media/Supporting%20Interactions%20for%20Children%20w.Disabilities%20or%20Suspected%20Delays/1_oq0kchj6",Supporting Interactions for Children with Disabilities or Suspected Delays: Review (1) the importance of knowing about using evidence-based practices that support inclusion; (2) the specific evidence-based practices for enhancing children's interactions with adults and peers; and (3) where to access free professional development resources. ,https://kaltura.uconn.edu/media/Supporting%20Interactions%20for%20Children%20w.Disabilities%20or%20Suspected%20Delays/1_oq0kchj6,1:01,2018,6.1,INS5,,
"Interactions, Intervention and Instruction",Embedded Instruction,"Edelman, L. (Producer). (2015). Team Lydia Rose: Supporting Inclusion Every Day In Every Way [Video]. Desired Results Access Project. https://draccess.org/videolibrary/HarperHope","Team Lydia Rose: Supporting Inclusion Every Day In Every Way: Video 1 of 2: Lydia Rose's experience illustrates a range of topics including inclusion, collaboration and teamwork between general and special educators, family-centered early intervention in natural environments, coaching, embedded instruction, family leadership, and more. ",https://draccess.org/videolibrary/TeamLydiaRose,16:18,2015,1.3,F7,,
"Interactions, Intervention and Instruction","Responsive, Evidence-based","Amaya-Thompson, J., Thouvenelle, S., Surprenatn, K. & Mazzeo, D. (Hosts). (2017). Introducing the Dual Language Learners Program Assessment (DLLPA) [Webinar]. Head Start Early Childhood Learning and Knowledge Center. https://eclkc.ohs.acf.hhs.gov/video/introducing-dual-language-learners-program-assessment-dllpa","Introducing the Dual Language Learners Program Assessment (DLLPA): Explore how to use the DLLPA to promote an integrated approach across management systems and program services. It helps Head Start, childcare, and pre-K programs assess systems and services key to improving practices for children who are DLLs and their families. The tool also supports cultural and linguistic responsiveness and family engagement.",https://eclkc.ohs.acf.hhs.gov/video/introducing-dual-language-learners-program-assessment-dllpa,1:00,2017,5.1,,,
"Interactions, Intervention and Instruction",Inclusion,"Bohart, H. (Producer). (2017). Planning for an Inclusive Classroom: Supporting Children with Disabilities [Webinar]. National Association for the Education of Young Children. https://www.naeyc.org/resources/blog/preparing-young-children-inclusion",Planning for an Inclusive Classroom: Supporting Children with Disabilities: Describes how to best understand and implement inclusionary practices into the early childhood classroom that will help young children with disabilities participate successfully alongside their peers.,https://www.naeyc.org/resources/blog/preparing-young-children-inclusion,4:55,2017,6.6,INS4,,
"Interactions, Intervention and Instruction",Inclusion,"CBS Evening News. (2019, February 15). Community learns sign language to engage with 2-year-old girl [Video]. YouTube. https://www.youtube.com/watch?v=kSCjdyFqq28","Community learns sign language to engage with 2-year-old girl: A 2-year-old girl who is deaf loves to chat with anyone. When her neighbors found out, they came together to learn how to communicate with her.",https://www.youtube.com/watch?v=kSCjdyFqq28,2:57,2019,6.6,INS4,,
"Interactions, Intervention and Instruction",Universal Design for Learning,Center for Applied Special Technology. (2015). UDL to Change the World [Video].  Center for Applied Special Technology. https://www.cast.org/impact/universal-design-for-learning-udl,"UDL to Change the World: UDL practitioners from across the world about briefly discuss how they use the Universal Design for Learning framework to empower all learners, including themselves.",https://www.cast.org/impact/universal-design-for-learning-udl,1:03,2015,5.2,E2,,
"Interactions, Intervention and Instruction",Developmentally Appropriate Practice,Center on the Developing Child Harvard University. (2019). Play in Early Childhood: The Role of Play in Any Setting [Video]. Center on the Developing Child Harvard University. https://developingchild.harvard.edu/resources/play-in-early-childhood-the-role-of-play-in-any-setting/,"Play in Early Childhood: The Role of Play in Any Setting: Play in early childhood is an effective way of supporting three core principles that can guide what society needs to do to help children and families thrive. In this video, learn more about how play can foster children’s resilience to hardship, and how the complex interactions involved when children play help build their brains.",https://developingchild.harvard.edu/resources/play-in-early-childhood-the-role-of-play-in-any-setting/,8:11,2019,6.5,,,
"Interactions, Intervention and Instruction","Accommodations, Modifications and Adaptations","Channel 4 Documentaries. (2020, May 29). I Built My Son A Custom Wheelchair So He Can Play With Other Kids/Invented [Video]. YouTube. https://www.youtube.com/watch?v=zXcHtWijORA ","I Built My Son A Custom Wheelchair So He Can Play With Other Kids | Invented: A dad, with a child with Spina Bifida and Spinal Cord Atrophy, creates two mobility devices so his son can interact with his environment and be eye-to-eye with his peers. ",https://www.youtube.com/watch?v=zXcHtWijORA,5:37,2020,6.5,E5,,
"Interactions, Intervention and Instruction",Inclusion,"Cleansheet. (2016, August 11). Canadian Tire ""Wheels"":60 [Video]. YouTube. https://www.youtube.com/watch?v=pFuwUiHo-WI",Canadian Tire “Wheels” :60: Illustrates a child neighborhood of a child in a wheelchair create an experiences to ensure everyone is included. ,https://www.youtube.com/watch?v=pFuwUiHo-WI,1:00,2016,6.6,INS4,,
"Interactions, Intervention and Instruction","Accommodations, Modifications and Adaptations",College of Public Health and Human Services. (n.d.). Go Baby Go [Video]. Oregon State University. https://health.oregonstate.edu/gobabygo,Go Baby Go at Oregon State University: The Go Baby Go project offers children with disabilities under the age of 3 the means to explore their environment through powered mobility. Off-the-shelf motorized cars are modified with an adaptive button and seating which enables children to be independently mobile. Families express what their child's independent mobility means and as they support their children drive around a gymnasium. ,https://health.oregonstate.edu/gobabygo,4:01,,6.6,E5,,
"Interactions, Intervention and Instruction","Responsive, Evidence-based","FGRBI. (2015, September 19). An Early Intervention Reflects on Making the Shift to the Coaching Model [Video]. Vimeo. https://vimeo.com/139807351","An Early Interventionist Reflects on Making the Shift to the Coaching Model: An Early ACCESS early interventionist reflects on her participation in the Iowa Distance Mentoring Model, how she made the shift to using a coaching model, and what she likes about using it.",https://vimeo.com/139807351,2:00,2015,6.6,INS3,,
"Interactions, Intervention and Instruction","Accommodations, Modifications and Adaptations","DC Special Education Cooperative. (2021, January 15). Early Childhood Inclusion: Environmental Adaptations [Video]. YouTube. https://www.youtube.com/watch?app=desktop&v=kiOERIL9sPY&t=6s",Early Childhood Inclusion: Environmental Adaptations: Webinar reviews what environmental adaptations are and how teachers can make  changes to their environment to create an inclusive classroom.,https://www.youtube.com/watch?app=desktop&v=kiOERIL9sPY&t=6s,28:01 Begin at 4:07,2021,5.2,E2,,
"Interactions, Intervention and Instruction","Accommodations, Modifications and Adaptations","Desired Results Access Projects. (2017). Kaylee Getting Around [Video]. California Department of Education, Special Education Division. https://www.draccess.org/videolibrary/KayleeGettingAround","Kaylee Getting Around: Kaylee, a preschooler, uses a walker to move around her classroom and outside.",https://www.draccess.org/videolibrary/KayleeGettingAround,3:31,2017,6.6,INS4,,
"Interactions, Intervention and Instruction","Responsive, Evidence-based",Doing What Works. (n.d.). CONNECT Video 6.11: Summary and Wrap Up: Interactive and Dialogic Reading in Preschool [Video]. Center to Mobilize Early Childhood Education. https://connectmodules.dec-sped.org/connect-modules/resources/videos/video-6-11/,CONNECT Video 6.11: Summary and Wrap Up: Interactive and Dialogic Reading in Preschool: Overview of interactive and dialogic reading in preschool. Reviews research regarding language skills and later reading success and strategies to implement interactive and dialogic read-a-louds. ,https://connectmodules.dec-sped.org/connect-modules/resources/videos/video-6-11/,9:29,,5.2,INS6,,
"Interactions, Intervention and Instruction",Inclusion,"Early CHOICES. (2018, May 6). Inclusion from an Occupational Therapist's Perspective [Video]. YouTube. https://www.youtube.com/watch?v=Z1nr_J1T92g&list=PLRFbj7RcOrU1eg1is9nWt-MVxz2vyg5ZQ&index=18","Inclusion from an Occupational Therapist's Perspective: Deb Wallenburg, an occupational therapist describes how the field has changed during her 36 years in the profession - moving from self-contained classrooms to inclusive settings. Deb describes her experiences in the inclusive classroom and the hug benefits of inclusion.",https://www.youtube.com/watch?v=Z1nr_J1T92g&list=PLRFbj7RcOrU1eg1is9nWt-MVxz2vyg5ZQ&index=18,10:48,2018,6.6,INS4,,
"Interactions, Intervention and Instruction",Inclusion,"Early CHOICES. (2018, May 7). Free Choice Support with Block Play [Video]. YouTube. https://www.youtube.com/watch?v=cPofHKsClBI&list=PLRFbj7RcOrU1eg1is9nWt-MVxz2vyg5ZQ&index=15","Free Choice Support with Block Play: Illustrates three boys, one in a wheel chair, and a teacher exploring ramps and wheels. ",https://www.youtube.com/watch?v=cPofHKsClBI&list=PLRFbj7RcOrU1eg1is9nWt-MVxz2vyg5ZQ&index=15,4:40,2018,5.2,E1,,
"Interactions, Intervention and Instruction",Inclusion,"Early CHOICES. (2020, June 12). Presuming Competence and Inclusion [Video].  YouTube. https://www.youtube.com/watch?v=D0vHZNOMGoA&list=PLRFbj7RcOrU1eg1is9nWt-MVxz2vyg5ZQ&index=4",Presuming Competence and Inclusion: Explores what underlying mindsets need to be held for high quality of children with disabilities and their families. ,https://www.youtube.com/watch?v=D0vHZNOMGoA&list=PLRFbj7RcOrU1eg1is9nWt-MVxz2vyg5ZQ&index=3,3:21,2020,6.6,INS1,,
"Interactions, Intervention and Instruction",Inclusion,"Early CHOICES. (2020, november 20). Evidence Based Research Practices: Speech & Language Services [Webinar]. YouTube. https://www.youtube.com/watch?v=auGZVEAxfkc&list=PLRFbj7RcOrU1eg1is9nWt-MVxz2vyg5ZQ&index=25","Evidence Based Practices: Speech & Language Services: Two speech and language pathologists shares their mindset, schedules, and key take always to providing speech and language services in inclusive classrooms. ",https://www.youtube.com/watch?v=auGZVEAxfkc&list=PLRFbj7RcOrU1eg1is9nWt-MVxz2vyg5ZQ&index=24,1:10,2020,6.5,INT3,,
"Interactions, Intervention and Instruction","Responsive, Evidence-based","Early CHOICES. (2020, November 24).  Understanding and Supporting Transitions: 4 Strategies to Try Today! [Webinar]. YouTube. https://www.youtube.com/watch?v=euEwVa8i5DY",Understanding and Supporting Transitions: 4 Strategies to Try Today!: Describes why everyday transitions can be challenging for young children and provides strategies to use to make them go more smoothly. ,https://www.youtube.com/watch?v=euEwVa8i5DY,4:18,2020,6.3,INS4,,
"Interactions, Intervention and Instruction","Responsive, Evidence-based","EITP Illinois. (2016, February 8). Evidence-Based Tools for Teaching Play to Children with Special Needs[Video]. YouTube. https://www.youtube.com/watch?v=bNDwkvBbwkI&list=PL7F9l-VZdRS8in345ayGuQ8pr6RDGT8L1",Evidence-Based Tools for Teaching Play to Children with Special Needs - Webinar identifies what play is; the importance of play; conceptual foundations of play; evidence-based strategies to improve play in children ages birth to three years; and methods of assessment and progress monitoring of play skills. ,https://www.youtube.com/watch?v=bNDwkvBbwkI&list=PL7F9l-VZdRS8in345ayGuQ8pr6RDGT8L1,1:17:01 Begin at 7:30,2016,1.1,INS1,,
"Interactions, Intervention and Instruction","Responsive, Evidence-based","EITP Illinois. (2016, March 2). Environments that Promote Young Children's Participation - Implementing DEC RPs [Video]. YouTube. https://www.youtube.com/watch?v=A2YA9KjraJc","Environments that Promote Young Children’s Participation- Implementing DEC RPs - Webinar reviews  the six Environment RPs; examples of how the Environment RPs are implemented in early intervention settings; and strategies to implement the Environment RPs as an advocacy tool to influence policies and practices. Physical, social and temporal environmental features are explored. ",https://www.youtube.com/watch?v=A2YA9KjraJc,1:07:56 Begin at 6:58,2016,5.2,E2,,
"Interactions, Intervention and Instruction",Inclusion,"Easterseals Disability Film Challenge. (2015, April 21). Bumblebees - 2015 Disability Film Challenge Entryn[Video]. YouTube. https://www.youtube.com/watch?v=C8c5N6BmCLo",Bumblebees - 2015 Disability Film Challenge Entry: A short film with an important message: never underestimate the ability of a person or child with a disability. ,https://www.youtube.com/watch?v=C8c5N6BmCLo,4:00,2015,6.6,INS1,,
"Interactions, Intervention and Instruction",Coaching,"VEIPD Videos. (2015, September 21). Coaching a Family during an Early Intervention Visit [Video]. Youtube. https://www.youtube.com/watch?v=ZDx9L6yPMZU","Coaching a Family During an Early Intervention Visit: This video shows Yvonnie, an early interventionist, using coaching skills to support a mother during an EI visit.",https://www.youtube.com/watch?v=ZDx9L6yPMZU,4:46,2015,6.6,,,
"Interactions, Intervention and Instruction","Accommodations, Modifications and Adaptations",Desired Results Access Project. (n.d.). Nelcy Takes a Walk [Video]. Desired Results Access Project. https://www.draccess.org/videolibrary/NelcyTakesaWalk,Nelcy Takes a Walk: Illustrates how video peer modeling was used to support two and a half year old Nelcy to start using a walker and ultimately walk without it. ,https://www.draccess.org/videolibrary/NelcyTakesaWalk,3:48,,6.6,INS4,,
"Interactions, Intervention and Instruction",Inclusion,"Edelman, L. & Van Alstyne, J. (2013). Henry Gets Around [Video]. Colorado Department of Education. https://www.cde.state.co.us/sites/default/files/video/resultsmatter/HenryGetsAround.mp4","Henry Gets Around: Illustration of Henry, a preschooler with a physical disability, completely included with his peers. ",https://www.cde.state.co.us/sites/default/files/video/resultsmatter/HenryGetsAround.mp4,4:12,2013,6.6,INS4,,
"Interactions, Intervention and Instruction",Tele-practice,"Edelman, L. & Vitelli, R. (Producers). (n.d.). Preschool During the Pandemic: Episode 3: Reflections on Inclusion in Remote Preschool [Video]. Early Childhood Technical Assistance Center. https://ectacenter.org/topics/disaster/preschoolpandemic-episode03.asp",Preschool During the Pandemic: Episode 3: Reflections on Inclusion in Remote Preschool: Early Childhood special educators Brittany Behenna Griffith and Tara Hughes share strategies they use to include all children in their virtual classroom and the importance of supporting each other. ,https://ectacenter.org/topics/disaster/preschoolpandemic-episode03.asp,14:57,,5.1,INS6,,
"Interactions, Intervention and Instruction",Inclusion,"Edelman, L. (2011). Ari at Lunch. Desired Results [Video]. Access Project. https://www.draccess.org/videolibrary/AriAtLunch","Ari at Lunch: Ari, a preschooler with Down Syndrome, eats lunch with her friends. ",https://www.draccess.org/videolibrary/AriAtLunch,5:03,2011,5.2,INT2 ,,
"Interactions, Intervention and Instruction",Inclusion,"Edelman, L. (2011). Win-Win: Inclusive Preschool Settings [Video]. Desired Results Access Project.  https://www.draccess.org/videolibrary/WinWinInclusivePreschoolSettings","Win-Win: Inclusive Preschool Settings: Illustrates an inclusive preschool program - footage of classroom activities and interviews describe the strong collaboration among children, staff, and parents and highlights the benefits of inclusive preschool settings for all involved.",https://www.draccess.org/videolibrary/WinWinInclusivePreschoolSettings,5:39,2011,5.2,E1,,
"Interactions, Intervention and Instruction",Inclusion,"Edelman, L. (2015). Getty's Window to Inclusion: The Chance To Be Just Like Any Other Kid [Video]. Desired Results Access Project. https://www.draccess.org/videolibrary/GettysWindowToInclusion","Getty's Window To Inclusion: The Chance To Be Just Like Any Other Kid: Illustrates how essential early childhood inclusion is for all children, including those who cannot be in close proximity to other children because of health concerns. In this video, Kate Mathany describes how her daughter Getty virtually attends a  preschool classroom every day using a VGo. ",https://www.draccess.org/videolibrary/GettysWindowToInclusion,14:55,2015,6.6,INS4,,
"Interactions, Intervention and Instruction",Teaming,"Colorado Department of Education. (2021, July 30). Blake's Story [Video]. YouTube.  https://www.youtube.com/watch?v=hhw4iNqeFKo",Blake’s Story: This vignette illustrates how an occupational therapist worked with the family to embed some of Blake’s outcomes in shopping trips and make grocery shopping easier for mom.,https://www.youtube.com/watch?v=hhw4iNqeFKo,7:28,2021,6.3,E1,,
"Interactions, Intervention and Instruction",Teaming,"Colorado Department of Education. (2021, July 30). Jacob's Story [Video]. YouTube. https://www.youtube.com/watch?v=rT6_hYk3iPU",Jacob’s Story: This vignette illustrates how a physical therapist worked with the family to integrate two-and a half-year-old Jacob’s outcomes into their family routines while he and his younger brother have fun at the playground.,https://www.youtube.com/watch?v=rT6_hYk3iPU,5:26,2021,6.3,E1,,
"Interactions, Intervention and Instruction",Teaming,"Colorado Department of Education. (2021, July 31). Jenni's Story [Video].  YouTube. https://www.youtube.com/watch?v=iKklSA3cFsE",Jenni’s Story: This vignette illustrates how a physical therapist worked with the entire family to address the family’s goal that two-and-a-half-year-old Jenni walks independently.,https://www.youtube.com/watch?v=iKklSA3cFsE,8:12,2021,5.2,,,
"Interactions, Intervention and Instruction",Teaming,"Ohio Developmental Disabilities Council. (2016, February 12). Video #6: A Virtual Co-visit with Liam's Family [Video]. YouTube. https://www.youtube.com/watch?v=zd8FvvZnrVM","Video #6 A Virtual Home Visit with Liam’s Family: This video illustrates how Jaime, a speech-language pathologist, makes a virtual home visit from her office to join Beth, her son Liam, and Peggy, a developmental specialist.",https://www.youtube.com/watch?v=zd8FvvZnrVM,5:51,2016,6.6,INS4,,
"Interactions, Intervention and Instruction",Teaming,"Ohio Developmental Disabilities Council. (2016, April 28). A Virtual Co-visit with Straton's Family [Video]. YouTube. https://www.youtube.com/watch?v=GK_Yw1cyJ-Q","Video #7 A Virtual Co-Visit with Straton’s Family: This video illustrates how Kate, a physical therapist, makes a virtual home visit from her office to join Tammy, her son Straton, and Peggy, a developmental specialist.",https://www.youtube.com/watch?v=GK_Yw1cyJ-Q,18:24,2016,3.1,INS4,,
"Interactions, Intervention and Instruction",Tele-practice,Colorado Department of Education. (2020). Using the SSOOPPRR: Guiding Home Visiting During the COVID-19 Pandemic [Video]. Vimeo. https://vimeo.com/402638736/2a3ad8b5af,"Using the SSOOPPRR: Guiding Home Visiting During the COVID-19 Pandemic: In this video, mobile coaching using the SS-OO-PP-RR framework for guiding home visits is discussed. Led by Larry Edelman, Jenny Seuntjens and Juliann Woods address the importance of supporting families during the COVID-19 pandemic.",https://vimeo.com/402638736/2a3ad8b5af,13:29,2020,6.6,,,
"Interactions, Intervention and Instruction",Inclusion,"Edelman, L., Lopez Breaux, M., & Hulkower, J. (n.d.). Inclusion and Joy [Video]. Desired Results Access Project. https://www.draccess.org/videolibrary/InclusionAndJoy",Inclusion and Joy: Two preschool teachers discuss and illustrate the importance of joy for children and teachers and its relationship to early childhood inclusion.,https://www.draccess.org/videolibrary/InclusionAndJoy,4:47,,5.2,E1,,
"Interactions, Intervention and Instruction",Inclusion,"Edelman, L., Mathany, K., Ngo, P., & Hill, C. (2016). Getty's Door to Inclusion [Video]. Desired Results Access Project. https://www.draccess.org/videolibrary/GettysDoorToInclusion","Getty's Door to Inclusion: Getty virtually attends  kindergarten every day using the VGo. Getty's mother, Kate Mathany, and her teacher, Pinky Ngo, describe and illustrate the importance of having consistent and high expectations for all children, sound communication strategies, and effective parent-teacher collaboration. ",https://www.draccess.org/videolibrary/GettysDoorToInclusion,18:06,2016,6.6,INS4,,
"Interactions, Intervention and Instruction",IEP,"Edelman, L., Sen, P., & Vitelli, R. (Producers). (n.d.). Preschool During the Pandemic: Episode 5: Alia Goes Back to Preschool [Video]. Early Childhood Technical Assistance Center. https://ectacenter.org/topics/disaster/preschoolpandemic-episode05.asp","Preschool During the Pandemic: Episode 5: Alia Goes Back to Preschool: Alia's mother, Phally, describes the challenges and joys of supporting her daughter with an IEP to participate fully in remote and in-class preschool. ",https://ectacenter.org/topics/disaster/preschoolpandemic-episode05.asp,12:17,,6.6,INS4,,
"Interactions, Intervention and Instruction",Coaching,"Edelman, L., Woods, J., & Seuntjens, J. (Producers). (2020). Supporting Grayson's Family[Video]. Early Childhood Technical Assistance Center. https://ectacenter.org/topics/disaster/ti-service.asp?_sm_au_=iQVVqFmkJJp5fBBmBLQtvK7BJGKjp#grayson-c","Supporting Grayson’s Family: Grayson’s parents, Niki, and Matt, describe their experience with mobile coaching from their initial reluctance to their wholehearted acceptance of the approach with their EI provider Jenny.  This short video shares their family’s story and focuses on how the pandemic impacted their lives and their supports to their family including Grayson.  ",https://ectacenter.org/topics/disaster/ti-service.asp?_sm_au_=iQVVqFmkJJp5fBBmBLQtvK7BJGKjp#grayson-c,10:34,2020,6.6,INS5,,
"Interactions, Intervention and Instruction","Responsive, Evidence-based","EITP Illinois. (2017, July 17). Strategies for Success: Working with Children with Cerebral/Cortical Visual Impairment [Video]. YouTube. https://www.youtube.com/watch?v=2cRAVMQx_48","Strategies for Success: Working with Children with Cerebral/Cortical Visual Impairment: Webinar reviews the etiology of cerebral/cortical visual impairment, the preparation of the environment as it relates to learning, and the identification of needed supports. ",https://www.youtube.com/watch?v=2cRAVMQx_48,1:31,2017,1.3,E3,,
"Interactions, Intervention and Instruction",Developmentally Appropriate Practice,"Embler, D. (Director). (2008). Pathways to Literacy [Video]. The Center for Early Literacy Learning. http://www.earlyliteracylearning.org/ta_pract_videos1.php ","Pathways to Literacy: This video Illustrates how literacy learning opportunities can be found in everyday places, in everyday activities.",http://earlyliteracylearning.org/ta_pract_videos1.php,4:02,2008,6.3,,,
"Interactions, Intervention and Instruction",Developmentally Appropriate Practice,"Embler, D. (Director). (2008). Ready, Set, Read: Early Literacy Learning for Preschoolers [Video]. Center for Early Literacy Learning. http://www.earlyliteracylearning.org/ta_pract_videos1.php ","Ready, Set, Read: Early Literacy Learning for Preschoolers: This video describes shared reading, an interactive style of adult-child reading for 4 to 5-year-olds.",http://www.earlyliteracylearning.org/ta_pract_videos1.php,16:32,2008,6.1,INS6,,
"Interactions, Intervention and Instruction","Responsive, Evidence-based","Embler, D. (2008). Weaving Wonderful Tale  [Video]. The Center for Early Literacy Learning. http://www.earlyliteracylearning.org/ta_pract_videos1.php","Weaving Wonderful Tales: The shared reading of storybooks, an interactive style of adult-child reading, is portrayed with 2 to 3-year-olds.",http://www.earlyliteracylearning.org/ta_pract_videos1.php,9:11,2008,6.1,,,
"Interactions, Intervention and Instruction","Responsive, Evidence-based","Embler, D. (Director). (2009). Interest Leads to Learning. [Video]. The Center for Early Literacy Learning. http://www.earlyliteracylearning.org/ta_pract_videos1.php ","Interest Lead to Learning: Two types of interests are reviewed,  personal and situational, which can be used to design meaningful learning experiences. ",http://earlyliteracylearning.org/ta_pract_videos1.php,11:01,2009,6.5,INS1,,
"Interactions, Intervention and Instruction","Accommodations, Modifications and Adaptations","Embler, D. (Director). (2011). Getting Kids Involved: Creating Opportunities for Learning [Video]. Center for Early Literacy Learning. http://www.earlyliteracylearning.org/ta_pract_videos1.php","Getting Kids Involved: Creating Opportunities for Learning: Illustrates ways that adaptations can be used to promote the active participation of infants, toddlers, and preschoolers in everyday literacy activities. Examples of adaptations in home and classroom environments, activities, materials, and/or instructions are shown. ",http://www.earlyliteracylearning.org/ta_pract_videos1.php,12:13,2011,5.2,E2,,
"Interactions, Intervention and Instruction","Responsive, Evidence-based","Florida State University, Iowa Department of Education & UNC-Chapel Hill. (2020). An Illustration of Using the SS-OO-PP-RR Framework to Guide Home Visiting [Video]. Early Childhood Technical Assistance Center. https://ectacenter.org/topics/disaster/ti-service.asp?_sm_au_=iQVVqFmkJJp5fBBmBLQtvK7BJGKjp#grayson-c","An Illustration of Using the SS-OO-PP-RR Framework to Guide Home Visiting: Grayson’s parents, Niki and Matt, describe their experience with mobile coaching from their initial reluctance to their wholehearted acceptance of the approach with their EI provider Jenny.  This video shares their family’s story and focuses on how the pandemic impacted their lives and their supports to their family including Grayson.  ",https://ectacenter.org/topics/disaster/ti-service.asp?_sm_au_=iQVVqFmkJJp5fBBmBLQtvK7BJGKjp#grayson-c,18:38,2020,6.6,INS3,,
"Interactions, Intervention and Instruction",IEP,Head Start Center for Inclusion. (n.d.). Individualized Education Program (IEP) Basics: Video 1: ABC's of IEP [Video]. Head Start Early Childhood Learning and Knowledge Center. https://eclkc.ohs.acf.hhs.gov/children-disabilities/article/individualized-education-program-iep-basics,"Individualized Education Program (IEP) Basics: Video 1: ABC's of IEP: Webinar introduces the IEP, discusses the relationship between the IEP and instruction in an inclusive classroom, and describes how the IEP should be used to provide a high quality program for children with disabilities. ",https://eclkc.ohs.acf.hhs.gov/children-disabilities/article/individualized-education-program-iep-basics,13:11,,6.6,INS4,,
"Interactions, Intervention and Instruction",Augmentative and Alternative Communication,"Hess, Jacqueline. (2016, May 17). Don't Wait to Communicate! Augmentative and Alternative Communication (AAC) [Video]. Early Hearing Detection and Intervention, National Technical Resource Center. http://www.infanthearing.org/flashplayer/hd_videos.htm?file=http://www.infanthearing.org/flashvideos/webinars/ECHO_Coffee_Break_5_17_2016.mp4",Don’t Wait to Communicate! Augmentative and Alternative Communication (AAC) - Webinar: This webinar introduces augmentative and alternative communication systems.,http://www.infanthearing.org/flashplayer/hd_videos.htm?file=http://www.infanthearing.org/flashvideos/webinars/ECHO_Coffee_Break_5_17_2016.mp4,22:32,2016,6.6,INT4,,
"Interactions, Intervention and Instruction",Application of Curriculum Frameworks,Hilton/Early Head Start Foundation. (2007).  Including Infants and Toddlers with Disabilities: Session 1: Creating Bright Futures: (Including Infants and Toddlers with Disabilities and Their Families) [Video]. Head Start Early Childhood Learning and Knowledge Center. https://eclkc.ohs.acf.hhs.gov/children-disabilities/specialquest-multimedia-training-library/session-1-creating-bright-futures-including-infants-toddlers-disabilities-their,Including Infants and Toddlers with Disabilities: Session 1: Creating Bright Futures (Including Infants and Toddlers with Disabilities and Their Families): This video highlights the Special Quest vision for including infants and toddlers with disabilities and their families in early care and education programs with early intervention and other community supports. Families' and service providers' perspectives on inclusion are discussed.,https://eclkc.ohs.acf.hhs.gov/children-disabilities/specialquest-multimedia-training-library/session-1-creating-bright-futures-including-infants-toddlers-disabilities-their,11:20,2007,5.2,E2,,
"Interactions, Intervention and Instruction",Inclusion,Hilton/Early Head Start Foundation. (2007).  Including Infants and Toddlers with Disabilities: Session 7: Getting Started [Video]. Head Start Early Childhood Learning and Knowledge Center. https://eclkc.ohs.acf.hhs.gov/children-disabilities/specialquest-multimedia-training-library/session-7-getting-started,Including Infants and Toddlers with Disabilities: Session 7: Getting Started: This video offers a story of one program that includes a young child named Jalisa in an early care and education setting. The video offers specific examples of how to plan for this inclusion across a variety of roles.,https://eclkc.ohs.acf.hhs.gov/children-disabilities/specialquest-multimedia-training-library/session-7-getting-started,23:12,2007,5.2,E2,,
"Interactions, Intervention and Instruction","Responsive, Evidence-based",Hilton/Early Head Start Foundation. (2007).  Including Infants and Toddlers with Disabilities: Session 8: Just Do It [Video]. Head Start Early Childhood Learning and Knowledge Center. https://eclkc.ohs.acf.hhs.gov/children-disabilities/specialquest-multimedia-training-library/session-8-just-do-it,"Including Infants and Toddlers with Disabilities: Session 8: Just Do It: This video focuses on the specialized activities and accommodations that can, during normal routines, be provided in inclusive settings to serve an infant or toddler with a significant disability.",https://eclkc.ohs.acf.hhs.gov/children-disabilities/specialquest-multimedia-training-library/session-8-just-do-it,8:40,2007,6.6,,,
"Interactions, Intervention and Instruction",Developmentally Appropriate Practice,"Imaginevideogallery. (2018, August 21). Parten's Social Stages of Play [Video]. YouTube. https://www.youtube.com/watch?v=l05mzSyqQEk","Parten’s Social Stages of Play: This video is part of the following article: Jacobi-Vessels, J. L. (2018). Playing to learn: The essential role of play in early childhood instruction. Imagine (9), 16-21.",https://www.youtube.com/watch?v=l05mzSyqQEk&feature=youtu.be,1:00,2018,6.5,INT4,,
"Interactions, Intervention and Instruction",Inclusion,"ImTylerdotOrg. (2012, July 12). I'm Tyler [Video]. Vimeo. https://vimeo.com/47256393",I'm Tyler: Tyler is a typical high school student who has cerebral palsy and some other challenges.  Tyler's mission is to educate the world about Ability Awareness. He believes that what a person can do is much more important than what he or she cannot.,https://vimeo.com/47256393,12:14,2012,6.6,INS1,,
"Interactions, Intervention and Instruction","Responsive, Evidence-based","JC Boushh. (2009, July 27). Animal School [Video]. YouTube. https://www.youtube.com/watch?v=99JKYiMbLcQ",Animal School: An eye-opening analogy on how many view children and how to teach children with disabilities. ,https://www.youtube.com/watch?v=o8limRtHZPs,5:18,2009,6.6,INS1,,
"Interactions, Intervention and Instruction","Responsive, Evidence-based","McWilliam, R. (2010). CONNECT Video 1.12 Routine in a Program - Rolling with Friends [Video]. Division for Early Childhood. https://connectmodules.dec-sped.org/connect-modules/resources/videos/video-1-12/","CONNECT Video 1.12 Routine in a Program - Rolling with Friends: A physical therapist implements strategies to develop Jake’s motor skills, particularly his ability to roll, surrounded by his friends. ",https://connectmodules.dec-sped.org/connect-modules/resources/videos/video-1-12/,3:25,2010,6.3,INS5,,
"Interactions, Intervention and Instruction","Accommodations, Modifications and Adaptations","McWilliam, R. (Producer). (2010). CONNECT Video 1.14: Routine in a Program - Expanded Block Play[Video]. Division for Early Childhood. https://connectmodules.dec-sped.org/connect-modules/resources/videos/video-1-14/","CONNECT Video 1.14: Routine in a Program - Expanded Block Play: Austin's first uses a communication board posted on the wall to decide what he wants to build. His occupational therapist created a picture template to support him build a block structure. Austin places the blocks directly on the visual aid and builds a garage for his car with minimal assistance. Later, a peer is enlisted as a helper to create a door for his garage. ",https://connectmodules.dec-sped.org/connect-modules/resources/videos/video-1-14/,3:08,2010,6.3,INS4,,
"Interactions, Intervention and Instruction",Embedded Instruction,"McWilliam, R. (Producer). (2010). CONNECT Video 1.16: Routine in a Program - Reading at Circle Time[Video]. Division for Early Childhood. https://connectmodules.dec-sped.org/connect-modules/resources/videos/video-1-16/",CONNECT Video 1.16: Routine in a Program - Reading at Circle Time: A teacher combines several embedded interventions into circle time to support Jacob's learning and participation. ,https://connectmodules.dec-sped.org/connect-modules/resources/videos/video-1-16/,1:24,2010,6.3,INS5,,
"Interactions, Intervention and Instruction","Accommodations, Modifications and Adaptations ",PBS Learning Media. (n.d.) Mobile Pediatric Stander Benefits Children| Move to Include [Video]. PBS Learning Media. https://cptv.pbslearningmedia.org/resource/mti17.inclusion.mobile.pediatric.stander.benefits/mobile-pediatric-stander-benefits-children-move-to-include/,Move to Include: Mobile Pediatric Stander Benefits Children: Describes the benefits of mobile pediatric standers for children as an adaptive technology. Showcases preschoolers using mobile standers. ,https://cptv.pbslearningmedia.org/resource/mti17.inclusion.mobile.pediatric.stander.benefits/mobile-pediatric-stander-benefits-children-move-to-include/,3:00,,6.6,INS4,,
"Interactions, Intervention and Instruction",Universal Design for Learning,"National Center on Universal Design for Learning. (2015, March 31). Getting the Right Size: UDL [Video]. YouTube. https://www.youtube.com/watch?v=DYGQUcP1790","Getting the Right Size: UDL: Using a shoe store analogy, this short video by OCALI provides an overview of Universal Design for Learning.",https://www.youtube.com/watch?v=DYGQUcP1790,2:22,2015,5.2,E2,,
"Interactions, Intervention and Instruction",Disability Specific,"NITV Shorts. (2020, November 20). The Silent Child - Oscar Winning Short Film [Video]. YouTube. https://www.youtube.com/watch?v=2GbxFIVQv8c",The Silent Child — Oscar® Winning Short Film: A deaf 6-year-old girl named Libby lives in a world of silence until a caring teacher gives her the gift of communication.,https://www.youtube.com/watch?v=2GbxFIVQv8c,20:03,2020,1.2,F4,,
"Interactions, Intervention and Instruction",Lanuage,Office of English Language Acquisition. (2020). Integrating Language into Early Childhood Education [Audio].  SoundCloud. https://soundcloud.com/ed_oela/integrating-language-into-early-childhood-education,"OELA Podcast Series – Integrating Language into Early Childhood Education: This podcast explores the four key practices presented in the brief: embracing an asset orientation, promoting multilingual development, providing frequent interaction with complex texts, and teaching foundational literacy skills.  These practices are based on recommendations from the National Academies of Science, Engineering, and Medicine report Promoting the Educational Success of Children and Youth Learning English: Promising Futures.",https://soundcloud.com/ed_oela/integrating-language-into-early-childhood-education,24:34,2020,5.1,F4,,
"Interactions, Intervention and Instruction",Application of Curriculum Frameworks,"Office of Head Start. (2018, June 19). Instructional Practices to Support Individualization [Video]. Head Start Early Childhood Leaning and Knowledge Center. https://eclkc.ohs.acf.hhs.gov/video/instructional-practices-support-individualization",Instructional Practices to Support Individualization: Reviews the importance of using evidence-based practices to support inclusion; specific instructional practices and strategies for maximizing learning and development for children with or suspected of having a disability; and accessing free professional development resources. ,https://eclkc.ohs.acf.hhs.gov/video/instructional-practices-support-individualization,5:14,2018,6.1,INS6,,
"Interactions, Intervention and Instruction",Inclusion,Early Childhood Technical Assistance Center. (2019). Part 3: Social Outcomes in Inclusion [Video]. Early Childhood Technical Assistance Center. https://ectacenter.org/topics/inclusion/videos.asp,"Part 3: Social Outcomes in Inclusion: This series shares the experiences of practitioners and families from across the country, illustrating how the fields of early education and early childhood special education are successfully supporting preschoolers and their families during the COVID-19 pandemic.",https://ectacenter.org/topics/inclusion/videos.asp,1:50,2019,6.3,,,
"Interactions, Intervention and Instruction",Application of Curriculum Frameworks,"VEIPD Videos. (2012, October 9).  Inclusion in Action [Video]. YouTube. https://www.youtube.com/watch?v=45DV6bGo-hk",Inclusion in Action: Patty's Play Group: Features an inclusive play group designed so that toddlers with and without disabilities and their families have fun together.,https://www.youtube.com/watch?v=45DV6bGo-hk,6:20,2012,5.2,E2,,
"Interactions, Intervention and Instruction",Developmentally Appropriate Practice,Pathways. (2017). Parents' Guide to the Stages of Play [Video]. Pathways.org. https://pathways.org/watch/parents-guide-stages-play/,"Parents’ Guide to the Stages of Play: Young children develop their social skills through the six stages of play, all of which are important for their development.  All of the stages of play involve exploring, being creative, and having fun. ",https://pathways.org/watch/parents-guide-stages-play/,1:30,2017,6.5,INS7,,
"Interactions, Intervention and Instruction",Developmentally Appropriate Practice,"Pathways. (n.d.). Five Essential Tummy Time Moves, How to Do Tummy Time [Video]. Pathways.org. https://pathways.org/watch/five-essential-tummy-time-moves-how-to-do-tummy-time/","Five Essential Tummy Time Moves, How To Do Tummy Time: Five different positions for placing a baby on their tummy for interaction and play are shown. The narrator explains the positions and the importance of tummy time for overall development. ",https://pathways.org/watch/five-essential-tummy-time-moves-how-to-do-tummy-time/,4:15,,6.4,INS2,,
"Interactions, Intervention and Instruction",Developmentally Appropriate Practice,"Porter, J. & Gary Christian Film & Video. (Producers). (2009). Preschool Inclusion Series: Session 4: Drew's Family Story of Inclusion [Video]. Head Start Early Childhood Learning and Knowledge Center. https://eclkc.ohs.acf.hhs.gov/children-disabilities/specialquest-multimedia-training-library/session-4-drews-family-story-inclusion","Preschool Inclusion Series: Session 4: Drew's Family Story of Inclusion: The array of resources needed to support the inclusion of a child with a disability are identified. Through the story of Drew's family, viewers also consider the influence of a parent's own disability on the collaborative process of inclusion.",https://eclkc.ohs.acf.hhs.gov/children-disabilities/specialquest-multimedia-training-library/session-4-drews-family-story-inclusion,6:09,2009,5.2,E1,,
"Interactions, Intervention and Instruction",Developmentally Appropriate Practice,"Porter, J. & Gary Christian Film & Video. (Producers). (2009). Preschool Inclusion Series: Session1: Preschool Inclusion: Laying the Groundwork for Success [Video]. Head Start Early Childhood Learning and Knowledge Center. https://eclkc.ohs.acf.hhs.gov/children-disabilities/specialquest-multimedia-training-library/session-1-preschool-inclusion-laying-groundwork-success",Preschool Inclusion Series: Session 1: Preschool Inclusion: Laying the Groundwork for Success: Provides the rationale for inclusion from the perspective of professionals and families.  Benefits for the classroom staff and children are discussed.,https://eclkc.ohs.acf.hhs.gov/children-disabilities/specialquest-multimedia-training-library/session-1-preschool-inclusion-laying-groundwork-success,18:09,2009,5.2,E1,,
"Interactions, Intervention and Instruction","Responsive, Evidence-based","Positive Parenting Newsfeed. (2018, June 6). Eye Contact: The Key to Bonding with Baby? [Video]. YouTube. https://www.youtube.com/watch?v=ULxsRpflEcA",Eye Contact: The Key to Bonding with Baby?: The importance of making eye contact with babies and suggestions for how to incorporate eye contact into daily life. ,https://www.youtube.com/watch?v=ULxsRpflEcA,1:05,2018,6.2,,,
"Interactions, Intervention and Instruction","Responsive, Evidence-based",Prince George's County Memorial Library System. (n.d.). Early Literacy: Playing [Video].  Prince George's County Memorial Library System. https://www.pgcmls.info/early-literacy,"Early Literacy: Playing: Children learn about language and literacy skills through play. While playing they practice putting thoughts into words. The role of pretend, dramatic, and make-believe play in children’s development are illustrated. ",https://www.pgcmls.info/early-literacy,2:33,2015,6.5,,,
"Interactions, Intervention and Instruction","Accommodations, Modifications and Adaptations",Puckett Institute. (n.d.). Everyday Learning at Home: Promoting Child Participation in Learning Activities [Video]. Early Childhood Technical Assistance Center. https://ectacenter.org/decrp/topic-environment.asp,Everyday Learning at Home: Promoting Child Participation in Learning Activities: Illustrates children being active participants in everyday activities with the support of assistive technology. ,https://ectacenter.org/decrp/topic-environment.asp,2:59,,6.6,INS4,,
"Interactions, Intervention and Instruction","Accommodations, Modifications and Adaptations",Puckett Institute. (n.d.). Supporting Your Child's Learning [Video]. Early Childhood Technical Assistance Center. https://ectacenter.org/decrp/topic-environment.asp,Supporting Your Child's Learning:  Illustrates children being active participants in everyday activities with the support of assistive technology. ,https://ectacenter.org/decrp/topic-environment.asp,1:59,2017,6.6,INS4,,
"Interactions, Intervention and Instruction","Accommodations, Modifications and Adaptations","Recordsky. (2011, May 16). Laelia's New Power Chair! Day One! [Video]. YouTube. https://www.youtube.com/watch?v=dZ9Av8l6iNc","Laelia's New Power Chair! Day One!: Laelia, a young girl born with Halls Contractures-arthrogryposis multiple congenita, tries out her power chair for the first time. During the video, learning cues are provided by adults, as well as the mom's comments about safety.",https://www.youtube.com/watch?v=dZ9Av8l6iNc,3:10,2011,6.6,E5,,
"Interactions, Intervention and Instruction","Responsive, Evidence-based","Recordsky. (2012, April 3). Laelia's Morning Routine [Video]. YouTube. https://www.youtube.com/watch?v=fgPU9FZK_NU","Laelia's Morning Routine: Laelia, a young girl born with Halls Contractures-arthrogryposis multiple congenita, shows viewers how she has learned to navigate her surroundings and gain independence. ",https://www.youtube.com/watch?v=fgPU9FZK_NU,6:54,2012,6.6,E5,,
,,,,,,,,,,
"Interactions, Intervention and Instruction",Everyday Learning Opportunities,"recordsky. (2013, February 23). Roland Decides to Walk Independently with no Prodding! (After a bit of help from Laelia.) [Video]. YouTube. https://www.youtube.com/watch?v=w03SfihfslQ","Roland Decides to Walk Independently with no Prodding! (After a bit of help from Laelia.) Laelia helps her adopted brother, Roland, walk by taking his hand. Both children have Halls Contractures-arthrogryposis multiple congenita.",https://www.youtube.com/watch?v=w03SfihfslQ,1:10,2013,6.6,INS4,,
"Interactions, Intervention and Instruction","Responsive, Evidence-based","Regional Educational Laboratory Program. (2020, July 15). Interactive Read-a-louds: Learning from Books Together [Video]. Regional Educational Laboratory Program. https://ies.ed.gov/ncee/edlabs/regions/west/Publications/Details/281",Interactive Read-a-louds: Learning from Books Together: This video demonstrates how to facilitate an interactive read aloud of a story with children in a face-to-face or distance learning environment. The routine is aligned with evidence-based recommendations from the What Works Clearinghouse Practice Guide Improving Reading Comprehension in Kindergarten Through 3rd Grade and may be especially beneficial for children whose home language is not English. The strategies can also be used with preschoolers. ,https://ies.ed.gov/ncee/edlabs/regions/west/Publications/Details/281,16:52,2020,6.1,F1,,
"Interactions, Intervention and Instruction",Coaching,Hartford Foundation. (n.d.). Foundations for Coaching in Early Childhood: Partnering with Parents and Professionals [Video]. Hartford Foundation. https://www.hfpg.org/foundations-of-coaching-in-early-childhood,"Foundations for Coaching in Early Childhood:  Partnering with Parents and Professionals (Video Series): This is a series of seven videos for early childhood coaches, based on the 5 key characteristics of coaching as outlined by Dathan Rush and M'Lisa Shelden. These characteristics can be applied to a number of early childhood settings.",https://www.hfpg.org/foundations-of-coaching-in-early-childhood,Varies,,6.6,,,
"Interactions, Intervention and Instruction",Inclusion,"Sandall, S.R. (Presenter). (n.d.). Individualizing Videos [Webinar]. Head Start Center for Inclusion. http://headstartinclusion.org/training-materials/professional-development-packages/individualizing/",Individualizing Videos: Set of short videos demonstrates the process that two teachers went through when planning for specific children who need more individualized instruction on some of their learning objectives. These vignettes will show clips of their planning meeting as well as what it looks like in the classroom when these plans are implemented,http://headstartinclusion.org/training-materials/professional-development-packages/individualizing/,varies,,6.6,INS4,,
"Interactions, Intervention and Instruction",Developmentally Appropriate Practice,SpecialQuest Birth-Five. (2009). Preschool Inclusion Series: Session 2: Samantha's Story [Video]. Head Start Early Childhood Learning and Knowledge. https://eclkc.ohs.acf.hhs.gov/children-disabilities/specialquest-multimedia-training-library/session-2-samanthas-story-preschool-inclusion-success-option-1,Preschool Inclusion Series: Session 2: Samantha's Story: Preschool Inclusion Success (Option 1): Illustrates successful inclusion and what is necessary to provide collaborative services to preschoolers with disabilities and their families in early care and education environments. ,https://eclkc.ohs.acf.hhs.gov/children-disabilities/specialquest-multimedia-training-library/session-2-samanthas-story-preschool-inclusion-success-option-1,10:14,2009,5.2,E1,,
"Interactions, Intervention and Instruction",Inclusion,"SSHRC-CRSH. (2016, April 4). Shelley Moore: Transforming Inclusive Education [Video]. YouTube. https://www.youtube.com/watch?v=RYtUlU8MjlY",Shelley Moore: Transforming Inclusive Education: Provides a fasinating analogy between inclusion and bowling and describes the importance of designing curriculum to reach the children that are hardest to reach - those that need more challenge and those that need more support. ,https://www.youtube.com/watch?v=RYtUlU8MjlY,3:08,2016,6.6,INS1,,
"Interactions, Intervention and Instruction","Accommodations, Modifications and Adaptations","StepUpAT Project. (2019, August 21). Using Switches to Facilitate Environmental Access [Video].YouTube. https://www.youtube.com/watch?v=kZg4FerUS_A","Using Switches to Facilitate Environmental Access: Children use switch adapted toys within an early childhood setting while the narrator discusses the importance of switch adapted toys in supporting children's play, play with peers, and skill building.",https://www.youtube.com/watch?v=kZg4FerUS_A,1:05,2019,6.6,INS4,,
"Interactions, Intervention and Instruction",Inclusion,"TEDx Talks. (2014, April 22). Disabling Segregation [Video]. YouTube. https://www.youtube.com/watch?v=izkN5vLbnw8","Disabling Segregation:  Photojournalist Dan Habib, disability-rights advocate, didn't give much thought to disability — until his son Samuel was born with cerebral palsy. Dan explains his family's fight to ensure an inclusive education for Samuel, and how inclusion benefits not just Samuel and those who are included, but all of us.",https://www.youtube.com/watch?v=izkN5vLbnw8,17:57,2014,5.2,E2,,
"Interactions, Intervention and Instruction","Responsive, Evidence-based","The Brainwaves Video Anthology. (2015, October 23). Gloria Ladson-Billings- Successful Teachers of African American Children [Video]. YouTube. https://www.youtube.com/watch?v=hmAZjNRmalI",Gloria Ladson-Billings – Successful Teachers of African American Children: Gloria Ladson-Billings (PhD Stanford ’84) is the Chair of the Department of Curriculum & Instruction where she holds the Kellner Family Endowed Professorship in Urban Education and is Faculty Affiliate in the Departments of Educational Policy Studies and Afro American Studies at the University of Wisconsin-Madison.  She briefly discusses 3 characteristics of teachers successful in working with children who are African American based on her research. ,https://www.youtube.com/watch?v=hmAZjNRmalI&feature=youtu.be,3:01,2015,5.1,,,
"Interactions, Intervention and Instruction",Developmentally Appropriate Practice,The Center for Early Childhood Education. (2021). Helping Children Develop Empathy and a Sense of Justice [Video]. Eastern Connecticut State University. https://www.easternct.edu/center-for-early-childhood-education/equity/empathy-and-justice.html,Helping Children Develop Empathy and a Sense of Justice: Renowned educator and author Vivian Paley explains the importance of supporting the development of children's empathy and sense of justice from their earliest days.,https://www.easternct.edu/center-for-early-childhood-education/equity/empathy-and-justice.html,3:22,2021,6.4,INT2,,
"Interactions, Intervention and Instruction",Augmentative and Alternative Communication,The Center to Mobilize Early Childhood Education (2010).  Routine in the Community- Going to the Store [Video].  Division for Early Childhood.  https://connectmodules.dec-sped.org/connect-modules/resources/videos/video-1-8/,Routine in the Community – Going to the Store: A 3-year-old boy with language delays communicates with his mother about a trip to the grocery store using a voice output device.  ,https://connectmodules.dec-sped.org/connect-modules/resources/videos/video-1-8/,1:06,2010,6.6,INS4,,
"Interactions, Intervention and Instruction",Embedded Instruction,The Center to Mobilize Early Childhood Education. (2010). CONNECT Audio 1.3: Maggie's Perspective (Program Administrator)[Audio file]. Center to Mobilize Early Childhood Education. https://connectmodules.dec-sped.org/connect-modules/resources/audio/audio-1-3/,"CONNECT Audio 1.3: Maggie's Perspective (Program Administrator): The administrator of a childcare program in which Luke, a three year old boy with developmental delays, has recently enrolled, shares her perspective. She discusses her attitudes and challenges to support the use of embedded interventions in the classroom.",https://connectmodules.dec-sped.org/connect-modules/resources/audio/audio-1-3/,2:10,2010,7.3,,,
"Interactions, Intervention and Instruction",Everyday Learning Opportunities,The Center to Mobilize Early Childhood Education. (2010). CONNECT Video 1.10: Routine in a Program: Water Play [Video]. Division for Early Childhood. https://connectmodules.dec-sped.org/connect-modules/resources/videos/video-1-10/ ,"CONNECT Video 1.10: Routine in a Program: Water Play: A classmate, Ava, is paired with Luke to introduce him to a new activity in water play. With the prompting of the teacher, Ava takes Luke’s hand and leads him through the sprinkler. Ava was chosen for this peer support strategy as she is a gentle, easy going classmate and she and Luke get along well.",https://connectmodules.dec-sped.org/connect-modules/resources/videos/video-1-10/,1:13,2010,6.3,E1,,
"Interactions, Intervention and Instruction",Everyday Learning Opportunities,The Center to Mobilize Early Childhood Education. (2010). CONNECT Video 1.11: Routine in a Program - Singing a Song [Video]. Division for Early Childhood. https://connectmodules.dec-sped.org/connect-modules/resources/videos/video-1-11/ ,CONNECT Video 1.11: Routine in a Program – Singing a Song: Jack watches and imitates a classmate making motions during a song. He has the opportunity to play a game with a friend and to work on motor skills throughout the song. Watch how the teacher encourages and facilitates the interaction between these peers. ,https://connectmodules.dec-sped.org/connect-modules/resources/videos/video-1-11/,1:21,2010,6.3,E1,,
"Interactions, Intervention and Instruction",Everyday Learning Opportunities,The Center to Mobilize Early Childhood Education. (2010). CONNECT Video 1.14: Routine in a Program: Expanded Block Play [Video]. Division for Early Childhood. https://connectmodules.dec-sped.org/connect-modules/resources/videos/video-1-14/ ,"CONNECT Video 1.4: Routine in a Program: Expanded Block Play: Austin first uses a communication board posted on the wall to decide what he wants to build. Then his therapist introduces a template to assist in the building process. Later, a peer is enlisted as a helper to create a door for his garage. In just 5 minutes, 3 different embedded interventions were used to help Austin successfully participate in this activity.",https://connectmodules.dec-sped.org/connect-modules/resources/videos/video-1-14/,3:07,2010,6.3,INS4,,
"Interactions, Intervention and Instruction",Everyday Learning Opportunities,"The Center to Mobilize Early Childhood Education. (2010). CONNECT Video 1.17: Routine in a Program - Playing Red Light Green Light [Video]. FPG Child Development Institute, University of north Carolina at Chapel Hill.  https://connectmodules.dec-sped.org/connect-modules/resources/videos/video-1-17/","CONNECT Video 1.17: Routine in a Program - Playing Red Light Green Light: Jack, a preschooler, plays a game of red light green light with his classmates. He starts off sitting on his teacher’s lap in the top left of screen, using a voice output switch to lead the game. Then he takes a turn scooting across the floor starting in the lower left of the screen next to the other teacher.",https://connectmodules.dec-sped.org/connect-modules/resources/videos/video-1-17/,1:36,2010,6.3,INS4,,
"Interactions, Intervention and Instruction","Accommodations, Modifications and Adaptations ",The Center to Mobilize Early Childhood Education. (2010). CONNECT Video 1.20: Routine in a Program - Eating Lunch [Video]. Division for Early Childhood. https://connectmodules.dec-sped.org/connect-modules/resources/videos/video-1-20/,CONNECT Video 1:20: Routine in a Program - Eating Lunch: Luke uses a communication device to comment and make a request at lunch. His teacher encourages and praises him. ,https://connectmodules.dec-sped.org/connect-modules/resources/videos/video-1-20/,2:02,2010,6.6,INS4,,
"Interactions, Intervention and Instruction",Everyday Learning Opportunities,The Center to Mobilize Early Childhood Education. (2010). CONNECT Video 1.5: Routine in a Program: Enjoying Meal Time [Video]. Division for Early Childhood. https://connectmodules.dec-sped.org/connect-modules/resources/videos/video-1-5/ ,"CONNECT Video 1.5: Routine in a Program: Enjoying Mealtime: Alisa, a toddler with multiple disabilities has joined a newly inclusive childcare setting. A practitioner helps Jalisa get into her special chair and helps Jalisa use a spoon. Jalisa’s team –Head Start practitioners, therapists, and the family – work together on planning and implementing embedded interventions",https://connectmodules.dec-sped.org/connect-modules/resources/videos/video-1-5/,1:42,2010,6.3,E1,,
"Interactions, Intervention and Instruction",Everyday Learning Opportunities,The Center to Mobilize Early Childhood Education. (2010). CONNECT Video 1.6: Routine in a Program: Taking Turns [Video]. Division for Early Childhood. https://connectmodules.dec-sped.org/connect-modules/resources/videos/video-1-6/ ,CONNECT Video 1.6: Routine in a Program: Taking Turns: A preschool teacher facilitates a game of peek-a-boo between two boys with special needs. She embeds learning by encouraging communication with signs and turn-taking.,https://connectmodules.dec-sped.org/connect-modules/resources/videos/video-1-6/,1:23,2010,6.3,E1,,
"Interactions, Intervention and Instruction",Everyday Learning Opportunities,The Center to Mobilize Early Childhood Education. (2010). CONNECT Video 1.8: Routine in the Community- Going to the Store [Video].Division for Early Childhood. https://connectmodules.dec-sped.org/connect-modules/resources/videos/video-1-8/,"CONNECT Video 1.8: Routine in the Community - Going to the Store: Luke demonstrates how he is able to participate in a family trip to the grocery store with using his voice output device. He uses some sign language to communicate, but is unable to learn many signs due to a lack of fine motor skills. This voice output device is able to speak hundreds of words for him that he would otherwise be unable to express. Here he makes requests for different foods, and tells his dad when he is ready to go home.",https://connectmodules.dec-sped.org/connect-modules/resources/videos/video-1-8/,1:06,2010,6.6,INS4,,
"Interactions, Intervention and Instruction","Accommodations, Modifications and Adaptations",The Center to Mobilize Early Childhood Education. (2010). CONNECT Video 5.4: Perl Using a Switch and Stander [Video]. Division for Early Childhood. https://connectmodules.dec-sped.org/connect-modules/resources/videos/video-5-4/,"CONNECT Video 5.4: Perl Using a Switch and Stander: The teacher uses two adaptations, a switch device, and a box to help a preschool aged child to participate in a game with another child.",https://connectmodules.dec-sped.org/connect-modules/resources/videos/video-5-4/,3:20,2010,6.6,INS4,,
"Interactions, Intervention and Instruction","Accommodations, Modifications and Adaptations",The Center to Mobilize Early Childhood Education. (2010). CONNECT Video 5.5: Max Using a Walker [Video]. Division for Early Childhood. https://connectmodules.dec-sped.org/connect-modules/resources/videos/video-5-5/,"CONNECT Video 5.5: Max Using a Walker: A teacher helps preschooler, Max, use a walker to get from the classroom to the playground.",https://connectmodules.dec-sped.org/connect-modules/resources/videos/video-5-5/,2:19,2010,6.6,INS4,,
"Interactions, Intervention and Instruction","Accommodations, Modifications and Adaptations",The Center to Mobilize Early Childhood Education. (2010). CONNECT Video 5.6: Using an Adapted Triangle [Video]. Division for Early Childhood. https://connectmodules.dec-sped.org/connect-modules/resources/videos/video-5-6/,"CONNECT Video 5.6: Using an Adapted Tricycle: Joshua, a child with Pfeiffer Syndrome, peddles an adapted tricycle alongside his physical therapist. The PT discusses the importance of peer engagement to foster socialization and provide peer modeling. ",https://connectmodules.dec-sped.org/connect-modules/resources/videos/video-5-6/,3:18,2010,6.6,INS4,,
"Interactions, Intervention and Instruction","Accommodations, Modifications and Adaptations",The Center to Mobilize Early Childhood Education. (2010). CONNECT Video 5.7: Communicating at Breakfast [Video]. Division for Early Childhood. https://connectmodules.dec-sped.org/connect-modules/resources/videos/video-5-7/,CONNECT Video 5.7: Communicating at Breakfast: An adult uses a child’s communication board to show him how to ask for more cereal at breakfast.,https://connectmodules.dec-sped.org/connect-modules/resources/videos/video-5-7/,0:46,2010,6.6,INS4,,
"Interactions, Intervention and Instruction","Accommodations, Modifications and Adaptations",The Center to Mobilize Early Childhood Education. (2010). CONNECT Video 5.9: Dress Up Time [Video]. Division for Early Childhood. https://connectmodules.dec-sped.org/connect-modules/resources/videos/video-5-9/,CONNECT Video 5.9: Dress Up Time: A preschool aged child uses pictures and symbols to communicate with a teacher about the clothes and toys she wants in the dramatic play area.,https://connectmodules.dec-sped.org/connect-modules/resources/videos/video-5-9/,1:11,2010,6.6,INS4,,
"Interactions, Intervention and Instruction",Everyday Learning Opportunities,The Center to Mobilize Early Childhood Education. (2010). CONNECT Video 6.10: Dialogic reading with Katy [Video]. Division for Early Childhood. https://connectmodules.dec-sped.org/connect-modules/resources/videos/video-6-10/,CONNECT Video 6.10: Dialogic reading with Katy: A teacher reads to a group of children using dialogic reading practices.,https://connectmodules.dec-sped.org/connect-modules/resources/videos/video-6-10/,4:14,2010,6.1,INS6,,
"Interactions, Intervention and Instruction",Everyday Learning Opportunities,The Center to Mobilize Early Childhood Education. (2010). CONNECT Video 6.5: Preparing a book for dialogic reading [Video]. Division for Early Childhood. https://connectmodules.dec-sped.org/connect-modules/resources/videos/video-6-5/,CONNECT Video 6.5: Preparing a book for dialogic reading: A teacher shows how to prepare a book for dialogic reading using the CROWD prompts and sticky notes.,https://connectmodules.dec-sped.org/connect-modules/resources/videos/video-6-5/,1:48,2010,6.1,INS6,,
"Interactions, Intervention and Instruction",Everyday Learning Opportunities,The Center to Mobilize Early Childhood Education. (2010). CONNECT Video 6.6: Demonstration of How to Use CROWD Prompts [Video]. Division for Early Childhood. https://connectmodules.dec-sped.org/connect-modules/resources/videos/video-6-6/,CONNECT Video 6.6: Demonstration of How to Use CROWD Prompts: A university instructor shows a class how to read a book to a group of children using the CROWD prompts and dialogic reading practices.,https://connectmodules.dec-sped.org/connect-modules/resources/videos/video-6-6/,3:06,2010,6.1,INS6,,
"Interactions, Intervention and Instruction",Everyday Learning Opportunities,The Center to Mobilize Early Childhood Education. (2010). CONNECT Video 6.7: Introducing the book Carrot Soup [Video]. Division for Early Childhood. https://connectmodules.dec-sped.org/connect-modules/resources/videos/video-6-7/,CONNECT Video 6.7: Introducing the book Carrot Soup: A teacher introduces a book to a group of young children using dialogic reading practices.,https://connectmodules.dec-sped.org/connect-modules/resources/videos/video-6-7/,2:50,2010,6.1,INS6,,
"Interactions, Intervention and Instruction",Everyday Learning Opportunities,The Center to Mobilize Early Childhood Education. (2010). CONNECT Video 6.8: Reading the Book Carrot Soup [Video]. Division for Early Childhood. https://connectmodules.dec-sped.org/connect-modules/resources/videos/video-6-8/,CONNECT Video 6.8: Reading the Book Carrot Soup: A teacher reads to a group of young children using dialogic reading practices.,https://connectmodules.dec-sped.org/connect-modules/resources/videos/video-6-8/,3:33,2010,6.1,INS6,,
"Interactions, Intervention and Instruction",Everyday Learning Opportunities,"The Center to Mobilize Early Childhood Education. (2010). CONNECT Video 6.9: Closing the Book, Carrot Soup [Video]. Division for Early Childhood. https://connectmodules.dec-sped.org/connect-modules/resources/videos/video-6-9/","CONNECT Video 6.9: Closing the Book, Carrot Soup: After finishing a book, a teacher closes the book with some questions for the children to keep them engaged.",https://connectmodules.dec-sped.org/connect-modules/resources/videos/video-6-9/,0:55,2010,6.1,INS6,,
"Interactions, Intervention and Instruction",Everyday Learning Opportunities,The Center to Mobilize Early Childhood Education. (2010). CONNECT Video 7.10: Reviewing Classroom Rules [Video]. Division for Early Childhood. https://connectmodules.dec-sped.org/connect-modules/resources/videos/video-7-10/,CONNECT Video 7.10: Reviewing Classroom Rules: A teacher reviews the classroom rules with the children during whole group time.,https://connectmodules.dec-sped.org/connect-modules/resources/videos/video-7-10/,2:27,2010,6.4,INS6,,
"Interactions, Intervention and Instruction",Everyday Learning Opportunities,The Center to Mobilize Early Childhood Education. (2010). CONNECT Video 7.11: How is Froggy Feeling? [Video]. Division for Early Childhood. https://connectmodules.dec-sped.org/connect-modules/resources/videos/video-7-11/,CONNECT Video 7.11: How is Froggy Feeling?: A teacher reads a book to a group of children to review different types of emotion to enhance their emotional literacy skills.,https://connectmodules.dec-sped.org/connect-modules/resources/videos/video-7-11/,2:47,2010,6.4,INT2,,
"Interactions, Intervention and Instruction",Everyday Learning Opportunities,The Center to Mobilize Early Childhood Education. (2010). CONNECT Video 7.12: Putting on a Puppet Show [Video]. Division for Early Childhood. https://connectmodules.dec-sped.org/connect-modules/resources/videos/video-7-12/,"CONNECT Video 7.12: Putting on a Puppet Show: After seeing some children arguing while putting on a puppet show, a teacher helps children use a technique called the Turtle Technique as a way to calm down and think of a better solution.",https://connectmodules.dec-sped.org/connect-modules/resources/videos/video-7-12/,1:01,2010,6.4,INT2,,
"Interactions, Intervention and Instruction",Everyday Learning Opportunities,The Center to Mobilize Early Childhood Education. (2010). CONNECT Video 7.13: Finding a Resolution in the Block Area [Video]. Division for Early Childhood. https://connectmodules.dec-sped.org/connect-modules/resources/videos/video-7-13/,CONNECT Video 7.13: Finding a Resolution in the Block Area: A teacher uses a series of picture cards on the wall to help the children solve their conflict in the block area.,https://connectmodules.dec-sped.org/connect-modules/resources/videos/video-7-13/,1:12,2010,6.4,INT2,,
"Interactions, Intervention and Instruction",Everyday Learning Opportunities,The Center to Mobilize Early Childhood Education. (2010). CONNECT Video 7.16: Rolling a Ball Rhyming Activity [Video]. Division for Early Childhood. https://connectmodules.dec-sped.org/connect-modules/resources/videos/video-7-16/,CONNECT Video 7.16: Rolling a Ball Rhyming Activity: A teacher works with a small group of children to reinforce the concept of words that rhyme using a rolling ball game.,https://connectmodules.dec-sped.org/connect-modules/resources/videos/video-7-16/,1:20,2010,6.3,E1,,
"Interactions, Intervention and Instruction",Everyday Learning Opportunities,The Center to Mobilize Early Childhood Education. (2010). CONNECT Video 7.17: Letters on the Alphabet Tree [Video]. Division for Early Childhood. https://connectmodules.dec-sped.org/connect-modules/resources/videos/video-7-17/,CONNECT Video 7.17: Letters on the Alphabet Tree: A teacher uses an embedded learning activity during center time with a small group of children to help them learn to identify letters.,https://connectmodules.dec-sped.org/connect-modules/resources/videos/video-7-17/,0:52,2010,6.3,E1,,
"Interactions, Intervention and Instruction",Everyday Learning Opportunities,The Center to Mobilize Early Childhood Education. (2010). CONNECT Video 7.18: Washing clothes [Video]. Division for Early Childhood. https://connectmodules.dec-sped.org/connect-modules/resources/videos/video-7-18/,CONNECT Video 7.18: Washing clothes: A teacher uses a series of pictures to help scaffold a child’s learning during an activity in the dramatic play area.,https://connectmodules.dec-sped.org/connect-modules/resources/videos/video-7-18/,1:54,2010,6.1,INS6,,
"Interactions, Intervention and Instruction",Everyday Learning Opportunities,The Center to Mobilize Early Childhood Education. (2010). CONNECT Video 7.19:  Peer Supports in Bingo [Video]. Division for Early Childhood. https://connectmodules.dec-sped.org/connect-modules/resources/videos/video-7-19/,CONNECT Video 7.19: Peer Supports in Bingo: A teacher is playing a game of Bingo with some children and encourages the children to help one another.,https://connectmodules.dec-sped.org/connect-modules/resources/videos/video-7-19/,0:45,2010,6.1,INS6,,
"Interactions, Intervention and Instruction",Everyday Learning Opportunities,The Center to Mobilize Early Childhood Education. (2010). CONNECT Video 7.2: The Teacher's Viewpoint- Academic Learning [Video]. Division for Early Childhood. https://connectmodules.dec-sped.org/connect-modules/learners/module-7/step-1/,"CONNECT Video 7.2: The Teacher’s Viewpoint – Academic Learning: Michelle, a childcare teacher, shares a dilemma about whether to use tiered instruction to improve children’s academic learning in language and literacy.",https://connectmodules.dec-sped.org/connect-modules/learners/module-7/step-1/,1:39,2010,6.7,INS3,,
"Interactions, Intervention and Instruction",Everyday Learning Opportunities,The Center to Mobilize Early Childhood Education. (2010). CONNECT Video 7.6: Tiered Instruction Framework [Video]. Division for Early Childhood. https://connectmodules.dec-sped.org/connect-modules/resources/videos/video-7-6/,CONNECT Video 7.6: Tiered Instruction Framework: A framework for tiered instruction that can be used in early childhood settings is discussed.,https://connectmodules.dec-sped.org/connect-modules/resources/videos/video-7-6/,1:57,2010,6.4,INS9,,
"Interactions, Intervention and Instruction",Everyday Learning Opportunities,The Center to Mobilize Early Childhood Education. (2010). CONNECT Video 7.7: Christopher's Story [Video]. Division for Early Childhood. https://connectmodules.dec-sped.org/connect-modules/resources/videos/video-7-7/,CONNECT Video 7.7: Christopher’s Story: This video clip is of a child with disabilities and describes how the adults in his life build positive relationships with him and each other.,https://connectmodules.dec-sped.org/connect-modules/resources/videos/video-7-7/,1:55,2010,6.2,TC1,,
"Interactions, Intervention and Instruction",Everyday Learning Opportunities,The Center to Mobilize Early Childhood Education. (2010). CONNECT Video 7.9 Creating an Environment [Video]. Division for Early Childhood. https://connectmodules.dec-sped.org/connect-modules/resources/videos/video-7-9/,CONNECT Video 7.9 Creating an Environment: This video shows an example of a classroom environment and how it is organized and arranged to help children feel connected and safe.,https://connectmodules.dec-sped.org/connect-modules/resources/videos/video-7-9/,1:59,2010,6.3,E3,,
"Interactions, Intervention and Instruction",Everyday Learning Opportunities,The Center to Mobilize Early Childhood Education. (2010). CONNECT Video 7.1: The Teacher's Viewpoint- Social Emotional Development [Video]. Division for Early Childhood. https://connectmodules.dec-sped.org/connect-modules/resources/videos/video-7-1/,"CONNECT Video 7.1: The Teacher’s Viewpoint – Social Emotional Development: Emily, a pre-K teacher, shares a dilemma about whether to use tiered instruction to promote children’s social emotional development and address challenging behaviors.",https://connectmodules.dec-sped.org/connect-modules/resources/videos/video-7-1/,1:09,2010,6.4,INS9,,
"Interactions, Intervention and Instruction",Coaching,Virginia Early Intervention Professional Development Center. (2015). Coaching in Action [Video]. Virginia Early Intervention Professional Development Center. https://veipd.org/main/videos.html,"Coaching in Action: This video features Robin, a speech-language pathologist, coaching a mother during an early intervention visit.  Robin uses observation, practice, reflection, feedback, and joint planning during this activity to help the mother learn intervention strategies she can use with her son.",https://veipd.org/main/videos.html,11:28,2015,6.6,INS5,,
"Interactions, Intervention and Instruction",Everyday Learning Opportunities,Winterberry Press 2002.  (2002). CONNECT Video 1.13: Routine in the Community - Playing at the Park [Video]. Division for Early Childhood. https://connectmodules.dec-sped.org/connect-modules/resources/videos/video-1-13/,CONNECT Video 1.13: Routine in the Community - Playing at the Park: Often the best peers to provide support are siblings. A sister leads and plays with her brother around a community park.  ,https://connectmodules.dec-sped.org/connect-modules/resources/videos/video-1-13/,1:19,2002,6.3,INS5,,
"Interactions, Intervention and Instruction",Inclusion,Wisconsin  Department of Public Instruction. (n.d.). Meaningful Inclusion in Early Childhood [Video]. Wisconsin Department of Public Instruction. https://dpi.wi.gov/sped/early-childhood,Meaningful Inclusion in Early Childhood: This mini documentary highlights one school districts vision where early childhood inclusion is the norm in school and community based programs. ,https://dpi.wi.gov/sped/early-childhood,5:53,2018,5.2,E3,,
"Interactions, Intervention and Instruction",Behavior,WXXI Public Broadcasting. (n.d.). Move to Include: Behavioral Analysis [Video]. PBS Learning Media. https://cptv.pbslearningmedia.org/resource/mti17.behavioral.analysis/behavioral-analysis-move-to-include/,"Move to Include: Behavioral Analysis: Behavior Analyst, Jennifer Rymanowki shares the work she does with child with autism spectrum disorder. ",https://cptv.pbslearningmedia.org/resource/mti17.behavioral.analysis/behavioral-analysis-move-to-include/,2:19,,6.1,INS6,,
"Interactions, Intervention and Instruction","Accommodations, Modifications and Adaptations ",WXXI Public Broadcasting. (n.d.). Move to Include: Speech Pathologists [Video]. PBS Learning Media. https://cptv.pbslearningmedia.org/resource/mti17.speech.pathologist/speech-pathologist-move-to-include/,Move to Include: Speech Pathologist: Describes the work speech pathologists do and how they support children with communicative delays and disorders.  ,https://cptv.pbslearningmedia.org/resource/mti17.speech.pathologist/speech-pathologist-move-to-include/,2:25,,6.6,INS4,,
"Interactions, Intervention and Instruction","Accommodations, Modifications and Adaptations","Your Alberta. (2018, April 10). Making Sense of Universal Design for Learning  [Video]. YouTube. https://www.youtube.com/watch?v=PQSAQdxnQBY","Making Sense of Universal Design for Learning: This video provides a rationale for UDL, discusses the principles of UDL, and identifies aspects of the curriculum and environment to be addressed.",https://www.youtube.com/watch?v=PQSAQdxnQBY,3:52,2018,5.2,E2,,
"Interactions, Intervention and Instruction","Responsive, Evidence-based","Dunlap, G. & Lee. J. (2019, January 28). Developing and Implementing Intensive Interventions: Prevent-Teach-Reinforce for Young Children [Webinar]. National Center for Pyramid Model Innovations. https://challengingbehavior.cbcs.usf.edu/Training/Webinar/archive/2019/01-28/2019-01-28_Developing-and-Implementing-Intensive-Individualized-Interventions.html",Developing and Implementing Intensive Interventions:  Prevent-Teach-Reinforce for Young Children - Webinar: This webinar introduces Prevent-Teach-Reinforce for Young Children (PTR-YC). PTR-YC is an evidence-based model that classroom teams can use to resolve patterns of serious challenging behavior. The webinar offers a description of the background and procedures of PTR-YC along with a case study to illustrate the PTR-YC process.,https://challengingbehavior.cbcs.usf.edu/Training/Webinar/archive/2019/01-28/2019-01-28_Developing-and-Implementing-Intensive-Individualized-Interventions.html,7:00,2019,6.4,INS9,,
"Interactions, Intervention and Instruction",Inclusion,"IHDCYH Talks | Entretiens de L'IDSEA. (2022, September 30). Building high-quality, inclusive, and culturally responsive early childhood environments [Video]. Youtube. https://www.youtube.com/watch?v=csA7W-zdC6w","Building high-quality, inclusive, and culturally responsive early childhood environments: High-quality, inclusive, and culturally responsive early childhood environments are crucial to young children's healthy physical and mental development and life-long well-being. The Early Childhood Collaborative Research Centre at Mount Saint Vincent University (MSVU), directed by Dr. Jessie-Lee McIsaac, Tier II Canada Research Chair in Early Childhood: Diversity and Transitions and Assistant Professor in the Faculty of Education, Department of Child and Youth Study at MSVU, whose research focuses on high-quality, inclusive, and culturally responsive early childhood environments.",https://www.youtube.com/watch?v=csA7W-zdC6w,4:24,2022,6.1,E1,,
"Interactions, Intervention and Instruction",Developmentally Appropriate Practice,"Porter, J. & Gary Christian Film & Video (Producers). (2009). Preschool Inclusion Series: Session 3: Samantha's Story: Preschool Inclusion Success (Option 2) [Video]. Head Start Early Childhood Learning. https://eclkc.ohs.acf.hhs.gov/children-disabilities/specialquest-multimedia-training-library/session-3-samanthas-story-preschool-inclusion-success-option-2","Preschool Inclusion Series: Session 3: Samantha's Story: Preschool Inclusion Success (Option 2): Aspects of successful inclusion of Samantha in a Head Start preschool classroom are discussed.  Her Dad, speaking Spanish, discusses his goals for Samantha in this inclusive preschool.   ",https://eclkc.ohs.acf.hhs.gov/children-disabilities/inclusion-children-disabilities-training-guide/samanthas-story-preschool-inclusion-success,10:14,2009,5.2,E1,,
"Interactions, Intervention and Instruction",Everyday Learning Opportunities,The Center to Mobilize Early Childhood Education. (2010). CONNECT Video 7.14: Using an Incentive System with Sammy [Video]. Division for Early Childhood. https://connectmodules.dec-sped.org/connect-modules/resources/videos/video-7-14/,CONNECT Video 7.14: Using an Incentive System with Sammy: A teacher uses an incentive system with a child who needs some additional behavior support.,https://connectmodules.dec-sped.org/connect-modules/resources/videos/video-7-14/,1:59,2010,6.4,INT2,,
"Interactions, Intervention and Instruction ",Inclusion,"Annie Elainey. (2016, March 25). Coming Out as Disabled - My Visible and Invisible Disability [CC] [Video]. https://www.youtube.com/watch?v=RxNWV8Kg_GY","Coming Out as Disabled | My Visible and Invisible Disability [CC]:  Annie Elainey, a woman with an undiagnosed disability, shares her experience of others' conscious and unconscious judgements. ",https://www.youtube.com/watch?v=RxNWV8Kg_GY,5:41,2016,,,,
"Interactions, Intervention and Instruction ",Responsive Adult-Child Interactions,"Edelman, L., and Greer, L. (2016). Cody Plays with Glue and Wood [Video]. Desired Results Access Project.  https://www.draccess.org/videolibrary/CodyPlaysWithGlueAndWood","Cody Plays with Glue and Wood: A teacher supports two boys, one with down syndrome, using glue and wooden blocks. ",https://www.draccess.org/videolibrary/CodyPlaysWithGlueAndWood,3:04,2016,6.7,,,
"Interactions, Intervention and Instruction ",Responsive Adult-Child Interactions,"Edelman, L., and Greer, L. (2016). Cody Writing and Drawing [Video]. Desired Results Access Project.  https://www.draccess.org/videolibrary/CodyWritingAndDrawing","Cody Writing and Drawing: Cody, a preschooler with down syndrome, engages in writing.",https://www.draccess.org/videolibrary/CodyWritingAndDrawing,4:27,2017,6.7,,,
"Interactions, Intervention and Instruction ",Responsive Adult-Child Interactions,"Edelman, L., Brown, G., and Anderson, T. (n.d.). Logan Makes a Pattern [Video]. Desired Results Access Project. https://www.draccess.org/videolibrary/LoganMakesPattern","Logan Makes a Pattern: Logan, a preschooler with a visual impairment, makes a pattern using a dowel and various wood shapes. He finds the correct shape through touch. ",https://www.draccess.org/videolibrary/LoganMakesPattern,2:33,2017,1.4,,,
"Interactions, Intervention and Instruction ",Tele-practice,"Edelman, L., Griffith, B.B., & Hughes, T. (Producers). (n.d.). Preschool During the Pandemic: Episode 13: Authentic Learning in Remote Preschool, Part 1: Home Learning Materials and Authentic Assessment [Video]. Early Childhood Technical Assistance Center. https://ectacenter.org/topics/disaster/preschoolpandemic-episode13-1.asp","Preschool During the Pandemic: Episode 13: Authentic Learning in Remote Preschool, Part 1: Home Learning Materials and Authentic Assessment: Early childhood special educators, Brittany Behenna Griffith and Tara Hughes, illustrate how they provide families with engaging asynchronous learning activities and materials and how the families share rich documentation of their children participating in the activities on Seesaw (their classroom platform) to enable authentic assessment.  ",https://ectacenter.org/topics/disaster/preschoolpandemic-episode13-1.asp,16:38,2021,4.2,A2,,
"Interactions, Intervention and Instruction ",Tele-practice,"Edelman, L., Griffith, B.B., & Hughes, T. (Producers). (2021). Preschool During the Pandemic: Episode 13: Authentic Learning in Remote Preschool, Part 2: Informing and Differentiating Instruction [Video]. Early Childhood Technical Assistance Center. https://ectacenter.org/topics/disaster/preschoolpandemic-episode13-2.asp","Preschool During the Pandemic: Episode 13: Authentic Learning in Remote Preschool, Part 2: Informing and Differentiating Instruction: Early childhood special educators Tara Hughes and Brittany Behenna Griffith illustrate how they use authentic assessment documentation that families share on Seesaw to help inform and differentiate instruction",https://ectacenter.org/topics/disaster/preschoolpandemic-episode13-2.asp,10:09,2021,4.2,A2,,
"Interactions, Intervention and Instruction ",Inclusion,"Edelman, L., Mathany, K., Ngo, P., & Hill, C. (2016). A Mother's Voice: Technology and Inclusion [Video]. Desired Results Access Project. https://www.draccess.org/videolibrary/AMothersVoiceTechnology",A Mother's Voice: Technology and Inclusion: Kate Mathany shares her experiences using technology to make inclusion possible for her daughter Getty and discusses how embracing inclusion can help teachers become better at what they do. ,https://www.draccess.org/videolibrary/AMothersVoiceTechnology,3:57,2016,6.6,INS4,,
"Interactions, Intervention and Instruction ",Intersectionality,"Learning for Justice. (2016, May 18). Intersectionality 101 [Video]. YouTube. https://www.youtube.com/watch?v=w6dnj2IyYjE",Intersectionality 101: Reviews the basics of intersectionality. ,https://www.youtube.com/watch?v=w6dnj2IyYjE,3:03,2016,,,,
"Interactions, Intervention and Instruction ",Developmentally Appropriate Practice,National Center on Quality Teaching and Learning Media Team (Producer). (n.d.). Designing Environments [Video]. Head Start Early Childhood Learning and Knowledge Center. https://eclkc.ohs.acf.hhs.gov/video/designing-environments,Designing Environments: Learn about features of the physical and social classroom environment that maximize young children's engagement and learning.,https://eclkc.ohs.acf.hhs.gov/video/designing-environments,4:47,,5.2,E2,,
"Interactions, Intervention and Instruction ","Accommodations, Modifications and Adaptations","Rachel Hope. (2015, February 20). Assistive Technology for Developmental Delays - Part 1 [Video]. Youtube. https://www.youtube.com/watch?v=0Zosc8dEBf8","Assistive Technology for Developmental Delays - Part 1: Describes developmental delays in young children, defines Assistive Technology, and suggests assistive technology tools to use with children with physical developmental delays.",https://www.youtube.com/watch?v=0Zosc8dEBf8,4:32,2016,6.4,,,
"Interactions, Intervention and Instruction ","Accommodations, Modifications and Adaptations","Rachel Hope. (2015, February 21). Assistive Technology for Developmental Delays - Part 2 [Video]. Youtube. https://www.youtube.com/watch?v=FauUZhQXNno","Assistive Technology for Developmental Delays - Part 2: Suggests assistive technology tools to use with children with communication, cognitive, and social and emotional delays.",https://www.youtube.com/watch?v=FauUZhQXNNo,5:05,2015,6.4,,,
"Interactions, Intervention and Instruction ",Inclusion ,"Rubys Rainbow. (2017, October 25). Ruby's Inclusion Story [Video]. YouTube. https://www.youtube.com/watch?v=wBz6glO5x5Q","Ruby's Inclusion Story: So many parents ask what inclusion can look like. Liz Plachta, Ruby's mom, decided to take a sneak peek into what a day of inclusion looks like for Ruby. Liz talks with her teachers, principal and therapists and show what an impact-not only her peers have on her- but how much Ruby herself contributes and brings into the classroom…and life! ",https://www.youtube.com/watch?v=wBz6glO5x5Q,12:33,2017,5.2,,,
"Interactions, Intervention and Instruction ",Inclusion,"TheCGBros. (2018, December 18). Ian [Video]. YouTube. https://www.youtube.com/watch?v=Hz_d-cikWmI",Ian: An animated short inspired by a true story about a boy with cerebral palsy who is determined to build friendships.,https://www.youtube.com/watch?v=Hz_d-cikWmI,9:51,2018,5.2,E1,,
"Interactions, Intervention and Instruction ",Behavior,"Wandsworth Local Offer. (2020, June 15). Autism Calming Strategies [Video]. YouTube. https://www.youtube.com/watch?v=fND28VE0VxU","Autism Calming Strategies: Demonstration of five calming strategies including Five Finger Breathing, Bubble Breathing, Pretend You're a Giraffe, Pretend You're a Tortoise, and Make Lemonade.",https://www.youtube.com/watch?v=fND28VE0VxU,4:30,2020,6.4,INT1 ,,
Intervention and Instruction,Everyday Learning Opportunities,"Puckett Institute. (2017, September 7). Adapting Children's Learning Opportunities[Video]. YouTube. https://www.youtube.com/watch?v=YILJN0upryQ",Adapting Children's Learning Opportunities: Adaptations that facilitate children accessing materials and activities within their daily environments are illustrated.,https://www.youtube.com/watch?v=YILJN0upryQ&feature=youtu.be,2:40,2017,6.3,E3 ,,
Interventions and Instruction,Everyday Learning Opportunities,Colorado Department of Education. (2001). Evan's Story [Video]. YouTube. https://www.cde.state.co.us/resultsmatter/RMVideoSeries_JustBeingKids,Evan’s Story: This vignette illustrates how a speech-language pathologist worked with 18- month-old Evan’s family at home and the teacher at childcare to embed his feeding and communication outcomes into daily routines.,https://youtu.be/4lt5Kc-jKRw,10:20,2001,6.3,INS2,,
Interventions and Instruction,"Accommodations, Modifications and Adaptations","NationSwell. (2014, February 5). How One Man's Trip to Toys 'R' Us Brought Mobility to Hundreds of Disabled Kids [Video]. YouTube. https://www.youtube.com/watch?v=U-NE7B0RTdA","How One Man's Trip to Toys 'R' Us Brought Mobility to Hundreds of Disabled Kids: Creator of the Go Baby Go, Cole Galloway, links mobility to social interactions and other areas of development.  Out of frustration that there were no powered chairs for children under the age of three, Galloway began modifying off-the-shelf motorized cars, custom designing some to provide individualized physical therapy for their drivers. This video showcases how new found mobility by way of a custom 4x4, changes one child's interactions with his peers on the playground.",https://www.youtube.com/watch?v=U-NE7B0RTdA,4:49,2014,6.6,E5,,
Professionalism,Legislation and Policy,Office of Special Education and Rehabilitative Services. (2018). IDEA Website: Statute/Regulations Video[Video]. YouTube. https://www.youtube.com/watch?v=n8YkKG2I9hk,IDEA Website: Statute/Regulations Video: The U.S. Department of Education’s Office of Special Education and Rehabilitative Services oversees the Individuals with Disabilities Education Act (IDEA). This video guides you through the features of the Statute and Regulations page on the IDEA website.,https://www.youtube.com/watch?v=n8YkKG2I9hk,5:25,2018,7.4,L10,,
Professionalism,Diversity and Equity ,"Adelman, L. (Producer). (2017). The Raising of America: Early Childhood and the Future of our Nation[Video]. California Newsreel & Vital Pictures. https://raisingofamerica.org/trailer-raising-america-11-min",The Raising of America: Early Childhood and the Future of our Nation: This video raises questions about U.S. policies and social structures that impact children and families and advocates for early childhood education and intervention as services that can positively impact outcomes for children and families.,https://raisingofamerica.org/trailer-raising-america-11-min,11:00,2017,7.1,L5,,
Professionalism,Promoting Diversity and Equity through Cultural Competence,"Allen, R. (2020, June 12) Creating Anti-Racist Early Childhood Spaces [Webinar]. National Center for Pyramid Model Innovations. https://challengingbehavior.cbcs.usf.edu/Training/Webinar/archive/2020/06-12/2020-06-12_creating-anti-racist-ec-spaces.html",Creating Anti-Racist Early Childhood Spaces - Webinar: It is important to address issues of race and bias in early childhood settings. This webinar presents strategies for creating an anti-racist environment to promote the development of healthy racial identities.,https://challengingbehavior.cbcs.usf.edu/Training/Webinar/archive/2020/06-12/2020-06-12_creating-anti-racist-ec-spaces.html,12:00,2019,1.2,,,
Professionalism,Advocating for Improved Child Outcomes,"Arizona K12 Center at north Arizona University. (2016, March 15). Teaching Leadership in Action: Leading in Advocacy [Video]. YouTube. https://www.youtube.com/watch?v=Z4QzvcxNQVg","Teacher Leadership in Action: Leading in Advocacy: In this video you will see National Board-Certified Teacher, Beth Maloney, using her voice to advocate for the profession and students. Learn more about how Beth advocates for the profession and Arizona’s students at the school, district, state, and national levels.",https://www.youtube.com/watch?v=Z4QzvcxNQVg,3:59,2016,7.3,L5,,
Professionalism,Advocating for Improved Child Outcomes,"Center for Early Education and Development University of Minnesota. (2012). Child Development Care Story, Part 4: Pay now or Pay Later [Video]. Center for Early Education and Development University of Minnesota. https://ceed.umn.edu/project-for-babies-videos/","Child Development Core Story, Part 4: Pay now or Pay Later: Researchers and experts in early childhood connect quality early care in the early years to economic benefits.",https://ceed.umn.edu/project-for-babies-videos/,3:25,2015,7.3,,,
Professionalism,Advocating for Improved Child Outcomes,Center for IDEA Early Childhood Data Systems & Early Childhood Technical Assistance Center. (2019). Converting Child Outcomes Data to OSEP Progress Categories/Summary Statements[Video]. YouTube. https://www.youtube.com/watch?v=nbC-cQZ9N_0,Converting Child Outcomes Data to OSEP Progress Categories/Summary Statements: Explains how the child outcomes data that local programs collect are converted to the national data reported by the U.S.,https://www.youtube.com/watch?v=nbC-cQZ9N_0,6:12,2019,7.3,A11,,
Professionalism,Advocating for Improved Child Outcomes,"Council for Exceptional Children. (2014, June 12). I am an Advocate: Erica Cutright, Teacher & Parent [Video]. YouTube. https://www.youtube.com/watch?v=XoZC1vN2OSk&feature=emb_logo","I am an Advocate: Erica Cutright, Teacher and Parent: Erica (KY) came to ask the hard questions and advocate for equal access to content and curriculum for those who do not have their own voice.",https://www.youtube.com/watch?v=XoZC1vN2OSk&feature=emb_logo,0:43,2014,7.3,,,
Professionalism,Advocating for Improved Child Outcomes,"American Association on Intellectual and Developmental Disabilities. (n.d.). Disability as the ""Fit"" Between Environment and Personal Competencies[Video].  American Association on Intellectual and Developmental Disabilities. https://www.aaidd.org/education/video-library#.VucXgNDyaUw","Disability as the ""Fit"" Between Environment and Personal Competencies: James Thompson shares what he has learned about individuals with intellectual and developmental disabilities - they want relationships, an inviting home, meaningful education, and to contribute to their communities…just like individuals without disabilities. ",https://www.aaidd.org/education/video-library#.VucXgNDyaUw,5:47,2015,7.3,L3,,
Professionalism,Mindfulness,Early Childhood National Centers & EarlyEdU Alliance. (n.d.). Mindfulness: A Resilience Practice [Video]. Head Start Early Childhood Learning and Knowledge Center. https://eclkc.ohs.acf.hhs.gov/video/mindfulness-resilience-practice,Mindfulness: A Resilience Practice: Describes how stress may impact teachers throughout their day and a few quick tips on how to improve well-being,https://eclkc.ohs.acf.hhs.gov/video/mindfulness-resilience-practice,1:34,,7.2,,,
Professionalism,Legislation and Policy,"Early CHOICES. (2020, June 12). Research, Science and Laws that Support Preschool Inclusion [Video]. YouTube. https://www.youtube.com/watch?v=06NfZSkjt0w","Research, Science and Laws that Support Preschool Inclusion: Introduction to the foundation for preschool inclusion established by research, science and laws and provides information regarding resources for further learning.",https://www.youtube.com/watch?v=06NfZSkjt0w,2:45,2020,7.4,L10,,
Professionalism,Advocating for Improved Child Outcomes,"Early CHOICES. (2020, November 18 ). ""What Advocacy Means to Me"" with Sandy Ginther [Video]. YouTube. https://www.youtube.com/watch?v=8TlwqJtvkJg&list=PLRFbj7RcOrU1eg1is9nWt-MVxz2vyg5ZQ&index=24","""What Advocacy Means to Me"" with Sandy Ginther: Sandy Ginther, parent, early childhood expert and inclusion advocate, shares her story of advocating for inclusion for her now-adult daughter who has Down syndrome.  ",https://www.youtube.com/watch?v=8TlwqJtvkJg&list=PLRFbj7RcOrU1eg1is9nWt-MVxz2vyg5ZQ&index=23,4:55,2020,2.2,F10,,
Professionalism,Reflective Practice,"Ohio Developmental Disabilities Council. (2016, May 11). Using Video as a Foundation for Reflective Supervision [Video]. YouTube. https://www.youtube.com/watch?v=JER__EAu-Vg","Using Video as a Foundation for Reflective Supervision: Jaime, a speech-language pathologist, and BJ, her supervisor, illustrate how they use video as a foundation for reflective supervision. BJ and Jaime review and reflect on a video that Jaime shared of a virtual home visit to better support Jaime’s coaching practices.",https://www.youtube.com/watch?v=JER__EAu-Vg,5:50,2016,7.2,L9,,
Professionalism,Self-Reflection,"Colorado Department of Education. (2021, July 30). Using Video for Self-Reflection [Video]. YouTube. https://www.youtube.com/watch?v=d47zZ-i0h24","Using Video for Self-Reflection: Megan Klish Fibbe, a physical therapist, shares her experience of using video to reflect on her interactions with a family during a home visit. Viewing the video was an opportunity for self-reflection and change. ",https://www.youtube.com/watch?v=d47zZ-i0h24,1:41,2009,7.2,L9,,
Professionalism,Legislation and Policy,"EITP Illinois. (2018, June 26). IDEA Advocacy: Protecting the Parent School Relationship [Video]. YouTube. https://www.youtube.com/watch?v=_2OxTRUeFj4",IDEA Advocacy: Protecting the Parent School Relationship: Reviews the key aspects of IDEA as well as Section 504  and ADA.,https://www.youtube.com/watch?v=_2OxTRUeFj4,1:15:32 Begin at 11:42,2018,7.4,L10,,
Professionalism,IEP,"Indiana IEP Resource Center. (2018, February 2021). Focus on Inclusion 2018 Interview with Dan Habib [Video]. YouTube. https://www.youtube.com/watch?v=3LmJAznopAY","Focus on Inclusion 2018 Interview with Dan Habib: Documentary producer, Dan Habib, is interviewed by the IEP Resource Center at the 2018 Focus on Inclusion Conference. ",https://www.youtube.com/watch?v=3LmJAzNopAY,5:50,2018,6.6,E1,,
Professionalism,Diversity and Equity,"Learning for Justice. (2010, July 17). Introduction to Culturally Relevant Pedagogy [Video]. YouTube. https://www.youtube.com/watch?v=nGTVjJuRaZ8","Introduction to Culturally Relevant Pedagogy: Education experts Jackie Jordan Irvine, Geneva Gay and Kris Gutierrez explain how to make culturally relevant pedagogy a reality in your classroom.",Introduction to Culturally Relevant Pedagogy (youtube.com),4:39,2010,5.1,,,
Professionalism,Adversity,National Scientific Council on the Developing Child. (2016). The Case for Science-Based Innovation in Early Childhood [Video]. Center for the Developing Child Harvard University. https://developingchild.harvard.edu/resources/the-case-for-science-based-innovation-in-early-childhood/,The Case for Science-Based Innovation in Early Childhood: Describes the mission of the Center on the Developing Child and its vision for using science to innovate in the early childhood field and fundamentally change the lives of children facing adversity.,https://developingchild.harvard.edu/resources/the-case-for-science-based-innovation-in-early-childhood/,3:00,2016,1.2,L3,,
Professionalism,Inclusion,"NW Disability Support. (2012, April 2). We All Belong [Video]. YouTube. https://www.youtube.com/watch?v=AFoLsYDQzzY","We All Belong: A documentary film exploring the issues of belonging and diversity in our classrooms. It profiles real parents and the dreams and fears they share. This film is a frank discussion of civil, human, and educational rights and offers a window into best practices and the struggle families face to achieve inclusion for their children.",https://www.youtube.com/watch?v=AFoLsYDQzzY,14:30,2012,6.6,INS4,,
Professionalism,Advocating for Improved Child Outcomes,"Office of Special Education and Rehabilitative Services (OSERS). (2016, October 6). Ann Turnbull Celebrates the 30th Birthday of Idea Part B, Section 619, and IDEA Part C [Video]. YouTube. https://www.youtube.com/watch?v=iZc5FEUw10g","Ann Turnbull Celebrates the 30th Birthday of IDEA: Ann Turnbull presents a historical perspective on public law as a parent of a child with a disability, an advocate & educator",https://youtu.be/iZc5FEUw10g,6:21,2016,7.3,L5,,
Professionalism,Advocating for Improved Child Outcomes,"Open Society Foundations. (2013, December 9). Early Childhood Intervention and the Power of Family [Video]. YouTube. https://www.youtube.com/watch?v=3GAHmiI1K64",Early Childhood Intervention and the Power of Family : Professionals around the world discuss the value and importance of early intervention and the power families hold in supporting their children's learning and development. ,https://www.youtube.com/watch?v=3GAHmiI1K64,7:33,2013,7.3,,,
Professionalism,Academic and Personnel Standards ,"Parikshak, S. & Bryans, A. (n.d.) Head Start Performance Standards: Children with Disabilities [Video]. Head Start Early Childhood Learning and Knowledge Center. https://eclkc.ohs.acf.hhs.gov/policy/showcase/disabilities ","Head Start Performance Standards: Children with Disabilities: Discover how the new HSPPS address services to children with disabilities. Sangeeta Parikshak and Amanda Bryans describe the new Standards for the full inclusion and participation of children with disabilities in all program activities, including but not limited to children eligible for services under the Individuals with Disabilities Education Act (IDEA).",https://eclkc.ohs.acf.hhs.gov/policy/showcase/disabilities,9:49,,7.4,L10,,
Professionalism,Advocating for Improved Child Outcomes,"Partnership for People with Disabilities at Virginia Commonwealth University. (2015). Brandon's Story, A Mother's Voice [Video]. Virginia Early Intervention Professional Development. https://www.veipd.org/main/videos.html","Brandon’s Story, A Mother’s Voice: This Telly Award winning video features Brandon’s mother as she talks about the importance and impact of early intervention on her son’s life and on her family. You will also hear from Brandon, who is a teenager and talented musician.",https://www.veipd.org/main/videos.html,8:15,2015,7.3,L5,,
Professionalism,Advocating for Improved Child Outcomes,Partnership for People with Disabilities at Virginia Commonwealth University. (n.d.).  Inclusion Mean Everyone [Video].  Virginia Early Intervention Professional Development Center. https://sites.google.com/a/vcu.edu/early-intervention-video-library/inclusive-practices,"Inclusion Means Everyone: Speakers focus on the importance of all children, from infancy on through adulthood, being fully included in all aspects of family and community life.",https://youtu.be/rEr-0vuC1gM,3:15,2013,7.3,,,
Professionalism,Advocating for Improved Child Outcomes,"TED [TEDx Talks]. (2016, October 19). Jenna Kanell: A Bee Showed Me That Limits are Lies [Video]. YouTube. https://www.youtube.com/watch?v=Bm-7_wAz8yM","A Bee Showed Me That Limits Are Lies | Jenna Kanell: Explores the question ""What would we be capable of, if no one told us we had limitation?""",https://www.youtube.com/watch?v=Bm-7_wAz8yM,13:30,2016,7.3,,,
Professionalism,Diversity and Equity ,"TED. (2016, April 20). Joshua Bingwa: What Makes Us Different [Video]. YouTube. https://www.youtube.com/watch?v=3WKlaMJaE0g","What Makes Us Different: Thirteen-year-old Joshua Bingwa from Kenya uses nature, specifically a bee, to discuss similarities and differences of “humans” and other living things.  ",https://www.youtube.com/watch?v=3WKlaMJaE0g,6:09,2016,5.1,,,
Professionalism,Presuming Competence,"TEDx Talks. (2016, March 11). Under the Table - The Importance of Presuming Competence [Video]. YouTube. https://www.youtube.com/watch?v=AGptAXTV7m0","Under the Table - The Importance of Presuming Competence: Shelley Moore shares a story of how our assumptions influence not only how we act, but how we treat others. Diversity is a strength, and to truly move inclusion forward, presuming competence is essential. Although, Shelley's story is of a school-aged child, her message is very relevant to individuals of all ages. ",https://www.youtube.com/watch?v=AGptAXTV7m0,15:11,2016,1.3,A4,,
Professionalism,Legislation and Policy,The Center to Mobilize Early Childhood Education. (2010). Foundations of Inclusion Birth to Five [Video]. Division for Early Childhood. https://connectmodules.dec-sped.org/connect-modules/resources/videos/foundations-of-inclusion-birth-to-five/,"CONNECT Video: Foundations of Inclusion Birth to Five: This video presents the historical, legal and research foundations related to early childhood inclusion.",https://connectmodules.dec-sped.org/connect-modules/resources/videos/foundations-of-inclusion-birth-to-five/,13:46,2010,7.4,F9,,
Professionalism,Legislation and Policy,"VEIPD Videos. (2017, July 17). IDEA, Part C (Overview) [Video]. Youtube. https://www.youtube.com/watch?v=mHkLUp52vZ0","IDEA Part C (Overview): This video provides an overview of Part C of the Individuals with Disabilities Education Act (2004), as well as the history behind the current authorization of IDEA. ",https://www.youtube.com/watch?v=mHkLUp52vZ0,7:21,2017,7.4,L10,,
Professionalism,Advocating for Improved Child Outcomes,"Wehmeyer, M. (n.d.). History of the Disability Movement in the United States [Video]. American Association on Intellectual and Developmental Disabilities. https://www.aaidd.org/education/video-library#.VucXgNDyaUw","History of the Disability Movement in the United States:  Michael Wehmeyer, University of Kansas professor, shares the history of disability rights in the United States and the three major shifts in the disability movement: Professional Movement, Parent Movement, and Self-Determination Movement. ",https://www.aaidd.org/education/video-library#.VucXgNDyaUw,9:48,2015,7.3,,,
Professionalism,Advocating for Improved Child Outcomes ,"ZERO TO THREE. (2022, May 3). State of Babies Yearbook: 2022 Briefing [Video]. Youtube. https://www.youtube.com/watch?v=mO-doTXl5Pk&t=17s","State of Babies Yearbook 2022: Time for a Change. Explore key findings from the 2022 State of Babies Yearbook with ZERO TO THREE’s Chief Policy Officer, Miriam Calderón.",State of Babies Yearbook: 2022 Briefing (youtube.com),6:59,2022,7.3,,,
Professionalism,Recommended Practices,"Colorado Department of Education. (2014, September 30). DEC Recommended Practices 2014 [Video]. YouTube. https://www.youtube.com/watch?v=KhqerY2e5mE",DEC Recommended Practices 2014: This video offers an overview of the new DEC Recommended Practices. ,https://www.youtube.com/watch?v=KhqerY2e5mE,2:43,2014,7.1,L4,,
Professionalism,Advocating for Improved Child Outcomes,"DEC CEC. (2015, April 28). Sharing the Knowledge with Families [Video]. YouTube. https://www.youtube.com/watch?v=vl435YLMIok",Sharing the Knowledge: Various experts in the field discuss how the DEC RPs communicate to families what to expect from practitioners and the field of early intervention/ early childhood. Sharing the DEC RPs with families is an important tool in strengthening their role in supporting their child's learning and development. ,https://www.youtube.com/watch?v=vl435YLMIok,3:00,2015,7.3,L5,,
Professionalism,Application of Personnel Standards,"DEC CEC. (2016, January 19). Evidence Syntheses of the DEC Recommended Practices [Video]. YouTube. https://www.youtube.com/watch?v=D56HhWozXhM","Evidence Syntheses of the DEC Recommended Practices: Three sources informed the DEC Recommended Practices: empirical evidence available for each practice, knowledge gained through experience and validation activities with stakeholders.",https://www.youtube.com/watch?v=D56HhWozXhM,3:51,2016,7.2,L9,,
Social Emotional,Social Emotional,"Pyramid Model. (2018, May 17). Practical Strategies for Teaching Social Emotional Skills [Video]. YouTube. National Center for Pyramid Model Innovations (NCPMI). https://www.youtube.com/watch?v=jVqjF7BDsnw","Practical Strategies for Teaching Social Emotional Skills: Highlights strategies and approaches that early childhood personnel and families can use to systematically target social emotional supports that build young children’s skills in a variety of areas including making friends, problem solving, asking an adult for help, talking about feelings, and managing their emotions. The strategies rely on a 3-stage approach to supporting young children’s social emotional development by (1) introducing and practicing a skill, (2) building fluency and competency with a skill, and (3) ensuring there is maintenance of a skill. Multiple examples are provided of early childhood personnel demonstrating how to introduce a skill using a variety of tools, practice a skill through planned and unscripted activities, and maintain the skill by recognizing children for using the skill on their own.",https://www.youtube.com/watch?v=jVqjF7BDsnw,5:03,2018,1.2,INS2,,
Teaming,Coaching,"American Speech-Language-Hearing Association. (2016, October 6). Using Coaching Strategies to Engage With Families in an Early Intervention Context [Video].  YouTube. https://www.youtube.com/watch?v=dJvriZEZfkI","Using Coaching Strategies to Engage With Families in an Early Intervention Context: Overview of federal regulations, ECTA Center key principals and ASHA guidelines in relation to service delivery. Review of coaching elements and strategies to support practitioners team with families and other individuals that are meaningful in children's lives. A home visit is shared where the practitioner implements some of the coaching strategies with a mom. ",https://www.youtube.com/watch?v=dJvriZEZfkI,9:01,2016,3.2,INS13,,
Teaming,Teaming with Families / IEP,American Speech-Language-Hearing Association. (2023). Interprofessional Education/Interprofessional Practice (IPE/IPP) [Video]. YouTube. https://www.youtube.com/watch?v=sR82_QA623A,Interprofessional Education/Interprofessional Practice (IPE/IPP): Practitioners from varying disciplines demonstrate the competencies needed to develop an IEP. Benefits for both the child and professionals are discussed as are the challenges of working as a team. ,https://www.youtube.com/watch?v=sR82_QA623A,3:25,2023,3.1,TC2,,
Teaming,Collaborating and Teaming with Families,"American-Speech-Language-Hearing Association. (2015, February 12). Positive Experiences with Inpterprofessional Collaborative Practice [Video]. YouTube. https://www.youtube.com/watch?v=dmJ9TeocGg4",Positive Experiences with Interprofessional Collaborative Practice: A mom discusses her positive experience when individual providers connect with each other and collaborate with strategies. She also discusses her transition from early intervention to the school setting. ,https://www.youtube.com/watch?v=dmJ9TeocGg4,4:31,2015,3.1,TC2,,
Teaming,Principles of Family-Centered Best Practice,"Anh V. (2017, September 30). From Home to Classroom [Video]. YouTube. https://www.youtube.com/watch?v=JSVVcH4gB0A",From Home to Classroom: This video shows a simulation of the the parent and practitioner interactions and assumptions from each.,https://www.youtube.com/watch?v=JSVVcH4gB0A,8:58,2017,2.1,INS5,,
Teaming,Primary Service Provider,"Tricia Catalino. (2013, January 15). Primary Service Provider Panel Discussion [Video]. YouTube. https://www.youtube.com/watch?v=k4_KoNa9-WE",Primary Service Provider Panel Discussion: A panel of physical therapists discuss the primary service provider teaming approach in early intervention. ,https://www.youtube.com/watch?v=k4_KoNa9-WE,17:16,2013,3.1,TC5,,
Teaming,Service Coordinator,FGRBI. (2017). Setting the Stage for FGRBI- The Role of the Service Coordinator [Video]. Vimeo. https://vimeo.com/223316705,Setting the Stage for FGRBI - The Role of the Service Coordinator: Service coordinators describe how they set the stage for families beginning intervention by describing FGRBI and by supporting families to identify key routines and priorities.,https://vimeo.com/223316705,4:15,2017,2.3,F5,,
Teaming,Collaborating and Teaming with Families,"Colorado Department of Education. (2015, February 3). Finley's Parent-Teacher Conference [Video]. YouTube. https://www.youtube.com/watch?v=_ll_hUMrE0s","Finley's Parent- Teacher Conference: A parent-teacher conference for which the meeting occurred during the half hour before preschool began.  The mom brought two of her children, her preschooler and infant, along with her.  The video illustrates a variety of practices, including using engaging open-ended questions, active listening, positive ways to share information with families, having strengths-based discussions, and sharing photo and video documentation with families. ",https://www.youtube.com/watch?v=_ll_hUMrE0s&feature=emb_logo  https://youtu.be/_ll_hUMrE0s,11:03,2010,3.1,TC2,,
Teaming,Developing IEP,"Colorín Colorado. (2019). Building upon students strengths: The ""Can Do"" Approach [Video]. Colorín Colorado. https://www.colorincolorado.org/video/building-upon-student-strengths-can-do-approach","Building upon Students Strengths: The “Can Do” Approach: Lynn, a researcher and ELL Standards specialist at WIDA, discusses building on student’s strengths, interests, and preferences to plan instruction.  ",https://www.colorincolorado.org/video/building-upon-student-strengths-can-do-approach,1:27,2019,6.6,INS1,,
Teaming,Collaborating and Teaming with Families,"CT Birth 23. (2010, October 7). Early Intervention Home Visits [Video]. YouTube. https://www.youtube.com/watch?v=8fOJGmIdj0c","Early Intervention Home Visits: Illustrates what families can expect during a home visit, how children learn best, the primary provider model, parent coaching, and typical daily routines. ",https://www.youtube.com/watch?v=8fOJGmIdj0c,11:45,2010,3.2,TC5,,
Teaming,Coaching,"Early Childhood Technical Assistance Center. (2017, May-August). Learning Lab: Coaching for Practice Change: Session 1 Part 2: Live Coaching with Denise Binder [Video]. Early Childhood Technical Assistance Center. https://ectacenter.org/~calls/2017/learninglab.asp",Learning Lab: Coaching for Practice Change: Session 1 Part 2: Live Coaching with Denise Binder: Reviews key elements of the live coaching  and practice-based coaching models. Highlights the importance of a  teacher-coach agreement.  ,https://ectacenter.org/~calls/2017/learninglab.asp,10:24,2017,3.2,TC2,,
Teaming,Coaching,"Early Childhood Technical Assistance Center. (2017, May-August). Learning Lab: Coaching for Practice Change: Session 1 Part 3: Home Visiting with Juliann Woods [Video]. Early Childhood Technical Assistance Center. https://ectacenter.org/~calls/2017/learninglab.asp","Learning Lab: Coaching for Practice Change: Session 1 Part 3: Home Visiting with Juliann Woods:  Review of three practice-based coaching approaches/strategies and how they fit together: Family Guided Routine Based Intervention (FGRBI), Distance Mentoring Model (DMM), and SS-OO-PP-RR (setting the stage, observation and opportunities to embed, problem solving and planning, reflection and review). ",https://ectacenter.org/~calls/2017/learninglab.asp,11:47,2017,3.2,TC2,,
Teaming,Coaching,"Dianne Heverly. (2018, October 1). Families Front and Center: The power of Coaching [Video]. YouTube. https://www.youtube.com/watch?v=hvTMbE9oe1o",Families Front and Center: The Power of Coaching: A developmental vision specialist describes how she used video recordings of her early intervention home visits as a foundation for self-reflection and refinement of her practice.,https://www.youtube.com/watch?v=hvTMbE9oe1o,5:22,2018,3.1,TC2,,
Teaming,Collaborating and Teaming with Families,FGRBI. (2014). A Home Visit with Kiyah’s Family (Using Family Guided Routines Based Intervention) [Video]. Vimeo. https://vimeo.com/113852064,"A Home Visit with Kris and Kiyah: Special education teacher Peg joins Kiyah and her father, Kris on a home visit. Peg supports Kris to embed opportunities for Kiyah to learn and participate in the family's everyday activities such as getting ready for childcare and taking a walk.",https://vimeo.com/113852064,10:52,2014,2.3,F5,,
Teaming,Coaching,"UNM HSC CDD. (2017, December 7). A Home Visit with Hailey's Family: Learning to Coach with FGRBI [Video]. Vimeo. https://vimeo.com/246306003",A Home Visit with Hailey's Family: Learning to Coach with FGRBI: An early interventionist describes her work with Hailey and her parents. She describes her transition to using a coaching approach called SS-OO-PP-RR and the benefits of coaching with Family Guided Routines Based Intervention.,https://vimeo.com/246306003,10:56,2017,3.2,TC2,,
Teaming,Coaching,"UNM HSC CDD. (2018, January 9). Using Video Technology to Enhance Coaching in Early Intervention [Video]. Vimeo. https://vimeo.com/250314780","Using Video Technology To Enhance Coaching In Early Intervention: lllustrates early intervention practitioners video record their home visits, post the videos to a private video sharing and collaboration platform, and receive coaching on their application of new practices. ",https://vimeo.com/250314780,6:37,2018,3.2,TC2,,
Teaming,Reflective Practice,"UNM HSC CDD. (2016, April 11). Using Video to Enhance Family Support and Reflective Practice [Video]. Vimeo. https://vimeo.com/162439545",Using Video to Enhance Family Support and Reflective Practice: An early intervention practitioner discusses how she used video to enhance services she provided to a family and reflect on her practices.,https://vimeo.com/162439545,5:49,2016,3.2,INS13,,
Teaming,Coaching,"Colorado Department of Education. (2011, July 30). Using Video Reflection and Coaching at SD27J [Video]. YouTube. https://www.youtube.com/watch?v=8u185n5G5rA","Using Video Reflection and Coaching at SD27J Preschool: Description of how video is used for self-reflection and coaching at a Preschool in Brighton, CO.",https://www.youtube.com/watch?v=8u185n5G5rA,5:48,2011,3.2,TC1,,
Teaming,Coaching,"Ohio Developmental Disabilities Council. (2016, May 11). Using Instant Messaging and Video for Just-In-Time Support [Video]. YouTube. https://www.youtube.com/watch?v=4Q_Ts4fmCnk","Using Instant Messaging and Video for Just-In-Time Support: Lauren, a parent, and Ginger, her daughter’s speech-language pathologist, illustrate how Lauren shares video with Ginger via text messaging for “just-in-time” feedback and coaching.",https://www.youtube.com/watch?v=4Q_Ts4fmCnk,4:30,2016,3.1,INS3,,
Teaming,Video conferencing,"Ohio Developmental Disabilities Council. (2016, May 11). Using Video and Video Conferencing to Enable Team Meetings over Distances [Video]. YouTube. https://www.youtube.com/watch?v=Xl7sCZG9F9M",Using Video and Video Conferencing to Enable Team Meetings over Distances: This video illustrates several ways that video and video conferencing are being used to enhance supports for families and team functioning.,https://www.youtube.com/watch?v=Xl7sCZG9F9M,6:35,2016,3.1,TC1,,
Teaming,Video conferencing,Ohio Developmental Disabilities Council. (2016). Using FaceTime to Enhance Team Collaboration [Video]. YouTube. https://www.youtube.com/watch?v=CP4Ysbbvt_E,"Using FaceTime to Enhance Team Collaboration: Kate, a physical therapist, and Lori, a developmental specialist, illustrate how video conferencing is being used to help practitioners who work in different locations better collaborate to support families.",https://www.youtube.com/watch?v=CP4Ysbbvt_E,4:50,2016,3.1,TC1,,
Teaming,Coaching,"EITP Illinois.  (2017, July 17). Coaching Families of Young Children with Disabilities: What it is and How it Works - Part 1 [Webinar]. YouTube. https://www.youtube.com/watch?v=iqoTKtKvuFQ&list=PL7F9l-VZdRS_FoEefAwejgOPwAc6J7QQg&index=1 ","Coaching Families of Young Children with Disabilities: What it is and How it Works - Part 1: In part one of this two part webinar series, the importance of engaging families and the foundation for coaching families is discussed.  Key principals of early intervention, DEC family recommended practices, and adult learning characteristics are reviewed. ",https://www.youtube.com/watch?v=iqoTKtKvuFQ&list=PL7F9l-VZdRS_FoEefAwejgOPwAc6J7QQg,1:08,2017,3.2,INS13,,
Teaming,IFSP,"EITP Illinois. (2010, October 1). The ""IFSP"" Video [Video]. YouTube. https://www.youtube.com/watch?v=SLgbOeEEaRM","The ""IFSP"" Video: An example of an IFSP meeting that does not align with IDEA, EI/ESCE Standards or DEC RPs. Review of what should not take place is discussed. ",https://www.youtube.com/watch?v=SLgbOeEEaRM,6:41,2010,2.3,F4,,
Teaming,Collaborating and Teaming  ,"EITP Illinois. (2016, February 8). Transition from Early Intervention to Early Childhood: What do I need to know? [Video].  YouTube. https://www.youtube.com/watch?v=irrfIQTZGxk&list=PL7F9l-VZdRS8in345ayGuQ8pr6RDGT8L1","Transition from Early Intervention to Early Childhood: What do I need to know?: Webinar explores Part C and Part B of IDEA 2004 with emphasis on transition, evaluation, and eligibility;  strategies that facilitate successful transitions; and  strategies to support families through the transition from early intervention. ",https://www.youtube.com/watch?v=irrfIQTZGxk&list=PL7F9l-VZdRS8in345ayGuQ8pr6RDGT8L1,1:17:41 Begin at 5:55,2016,2.3,TR1,,
Teaming,Coaching,"EITP Illinois. (2017, July 17). Coaching Families of Young Children with Disabilities: What it is and How it Works - Part 2 [Video]. YouTube. https://www.youtube.com/watch?v=eIzAsdnFUqI&list=PL7F9l-VZdRS_FoEefAwejgOPwAc6J7QQg","Coaching Families of Young Children with Disabilities: What it is and How it Works - Part 2: In part two of this two part webinar series, strategies for coaching and collaborating with families in early intervention to support their children's development is discussed.  DEC family recommended practices, the foundation of coaching and the benefits of coaching are also reviewed.",https://www.youtube.com/watch?v=eIzAsdnFUqI&list=PL7F9l-VZdRS_FoEefAwejgOPwAc6J7QQg,1:21,2017,3.2,INS13,,
Teaming,Tele-practice,"Family, Infant and Preschool Program. (2020). Providing Early Intervention Services Through Distance Technology. North Carolina Department of Health and Human Services [Video]. https://www.assurethefuture.org/tele-intervention.html","Providing Early Intervention Services Through Distance Technology: Illustrates how practitioners can use tele-intervention while social distancing and includes an overview of system requirements, how to plan a visit, the three parts of a virtual visit, and what conducting a tele-intervention visit looks like in action. ",https://www.assurethefuture.org/tele-intervention.html,19:59,2020,3.1,TC2,,
Teaming,Coaching,Foundations of Coaching in Early Childhood. (n.d.). Foundations of Coaching in Early Childhood: Partnering with Parents and Professionals: Chapter 2: Joint Planning[Video]. The Hartford Foundation for Public Giving. https://www.hfpg.org/foundations-of-coaching-in-early-childhood,Foundations of Coaching in Early Childhood: Partnering with Parents and Professionals: Chapter 2: Joint Planning: Showcases joint planning during early intervention visits with families and teachers. ,https://www.hfpg.org/foundations-of-coaching-in-early-childhood,4:43,,3.1,TC2,,
Teaming,Coaching,Foundations of Coaching in Early Childhood. (n.d.). Foundations of Coaching in Early Childhood: Partnering with Parents and Professionals: Chapter 3: Observation [Video]. The Hartford Foundation for Public Giving. https://www.hfpg.org/foundations-of-coaching-in-early-childhood,Foundations of Coaching in Early Childhood: Partnering with Parents and Professionals: Chapter 3: Observation: Illustrates when observation happens and how it is used to support families and teachers.,https://www.hfpg.org/foundations-of-coaching-in-early-childhood,1:53,,3.1,A6,,
Teaming,Coaching,Foundations of Coaching in Early Childhood. (n.d.). Foundations of Coaching in Early Childhood: Partnering with Parents and Professionals: Chapter 4: Action/ Practice [Video]. The Hartford Foundation for Public Giving. https://www.hfpg.org/foundations-of-coaching-in-early-childhood,Foundations of Coaching in Early Childhood: Partnering with Parents and Professionals: Chapter 4: Action/Practice: Describes the importance of action/practice and using new skills in real life contexts. ,https://www.hfpg.org/foundations-of-coaching-in-early-childhood,3:17,,3.1,F4,,
Teaming,Coaching,Foundations of Coaching in Early Childhood. (n.d.). Foundations of Coaching in Early Childhood: Partnering with Parents and Professionals: Chapter 5: Reflection [Video]. The Hartford Foundation for Public Giving. https://www.hfpg.org/foundations-of-coaching-in-early-childhood,"Foundations of Coaching in Early Childhood: Partnering with Parents and Professionals: Chapter 5: Reflection: Describes the importance of facilitating the coachee to reflect. Identifies four different types of questions to promote reflection: awareness, analysis, alternatives, and action questions. ",https://www.hfpg.org/foundations-of-coaching-in-early-childhood,3:51,,3.1,INS1,,
Teaming,Coaching,Foundations of Coaching in Early Childhood. (n.d.). Foundations of Coaching in Early Childhood: Partnering with Parents and Professionals: Chapter 6: Feedback [Video]. The Hartford Foundation for Public Giving. https://www.hfpg.org/foundations-of-coaching-in-early-childhood,"Foundations of Coaching in Early Childhood: Partnering with Parents and Professionals: Chapter 6: Feedback: Discusses four different types of feedback (affirmative, evaluative, informative, directive).",https://www.hfpg.org/foundations-of-coaching-in-early-childhood,3:28,,3.1,TC1,,
Teaming,Coaching,"Gabe Fremuth. (2015, July 27). Dathan and M'Lisa Top Ten Misconceptions of Coaching [Video]. YouTube. https://www.youtube.com/watch?v=LhbzZh27SZY","Dathan and M'Lisa Top Ten Misconceptions of Coaching: Highlights misconceptions practitioners have about coaching, and provides research that supports coaching methods. ",https://www.youtube.com/watch?v=LhbzZh27SZY,21:26,2015,3.2,INS13,,
Teaming,Developing and Reviewing the IFSP,"EITP Illinois. (2015, July 27). Bri IFSP Video Chapter 1 Introductions & Family Priorities [Video].YouTube. https://www.youtube.com/watch?v=LhbzZh27SZY","Bri IFSP Video Chapter 1 Introductions & Family Priorities: Introduces the family and team members, reviews the purpose of the IFSP meeting, highlights the role of the service coordinator, and includes strategies to ensure families are at the center of the IFSP meeting.",https://www.youtube.com/watch?v=ZDPM1tUie7A,8:02,2015,2.1,F4,,
Teaming,Developing and Reviewing the IFSP,"EITP Illinois. (2010, November 9). Bri IFSP Video Chapter 2.1 Levels of Development- Communication [Video]. YouTube. https://www.youtube.com/watch?v=cNpsFDdW_FE","Bri IFSP Video Chapter 2.1 Levels of Development-Communication: Illustrates a discussion of Bri's development, beginning with her language and  communication skills.  The practitioners highlight Bri's strengths and encourages the family's input, seating the family at the center of the development of the IFSP.",https://www.youtube.com/watch?v=cNpsFDdW_FE,9:10,2010,2.1,F4,,
Teaming,Developing and Reviewing the IFSP,"EITP Illinois. (2010, November 9). Bri IFSP Video Chapter 2.2 Levels of Development-Cognitive and Self-Help [Video]. YouTube. https://www.youtube.com/watch?v=-gXe_B0FY9M","Bri IFSP Video Chapter 2.2 Levels of Development-Cognitive and Self-Help: Illustrates a discussion about Bri's  cognitive development and self-help skills. The practitioners highlight Bri's strengths and encourages the family's input, seating the family at the center of the development of the IFSP.",https://www.youtube.com/watch?v=-gXe_B0FY9M,9:03,2010,2.1,F4,,
Teaming,Developing and Reviewing the IFSP,"EITP Illinois. (2010, November 10). Bri IFSP Video Chapter 2.3 Levels of Development- Motor and Social [Video]. YouTube. https://www.youtube.com/watch?v=9I4a7qHOJxo","Bri IFSP Video Chapter 2.3 Levels of Development-Motor and Social: Video 4 in a series of 10, illustrates a discussion about Bri's motor and social development. The practitioners highlight Bri's strengths and encourages the family's input, seating the family at the center of the development of the IFSP.",https://www.youtube.com/watch?v=9I4a7qHOJxo,9:59,2010,2.1,F4,,
Teaming,Developing and Reviewing the IFSP,"EITP Illinois. (2010, November 9). Bri IFSP Video Chapter 3.1 Child Outcomes [Video]. YouTube. https://www.youtube.com/watch?v=cSX52lnYT7s","Bri IFSP Video Chapter 3.1 Child Outcomes: Illustrates the introduction of a discussion around child outcomes which include positive social-emotional skills, acquiring and using knowledge and skills, and taking appropriate actions to meet needs.",https://www.youtube.com/watch?v=cSX52lnYT7s,8:21,2010,2.3,F4,,
Teaming,Developing and Reviewing the IFSP,"EITP Illinois. (2010, November 9). Bri IFSP Video Chapter 3.2 Child Outcomes [Video]. YouTube. https://www.youtube.com/watch?v=EHpwqywFN3o",Bri IFSP Video Chapter 3.2 Child Outcomes: Illustrates a discussion around the first two child outcomes - positive social-emotional skills and acquiring and using knowledge and skills. Use of collaborative strategies is highlighted. ,https://www.youtube.com/watch?v=EHpwqywFN3o,9:59,2010,3.2,F4,,
Teaming,Developing and Reviewing the IFSP,"EITP Illinois. (2010, November 9). Bri IFSP Video Chapter 3.3 Child Outcomes [Video]. YouTube. https://www.youtube.com/watch?v=EHpwqywFN3o",Bri IFSP Video Chapter 3.3 Child Outcomes: Illustrates a discussion around the third child outcome - taking appropriate actions to meet needs. ,https://www.youtube.com/watch?v=dHcfL2DCimY,7:12,2010,3.2,,,
Teaming,Developing and Reviewing the IFSP,"EITP Illinois. (2010, November 9). Bri IFSP Video Chapter 4.1 Family Centered Functional Outcomes [Video]. YouTube. https://www.youtube.com/watch?v=ZnRP-bvNKUg",Bri IFSP Video Chapter 4.1 Family Centered Functional Outcomes: Illustrates a discussion identifying family-centered functional outcomes.,https://www.youtube.com/watch?v=ZnRP-bvNKUg,5:29,2010,2.3,F4,,
Teaming,Developing and Reviewing the IFSP,"EITP Illinois. (2010, November 9). Bri IFSP Video Chapter 4.2 Family Centered Functional Outcomes [Video]. YouTube. https://www.youtube.com/watch?v=vCm6Nrgta7Q",Bri IFSP Video Chapter 4.2 Family Centered Functional Outcomes: Illustrates a discussion identifying strategies for meeting family-centered functional outcomes taking into account the families strengths and priorities. ,https://www.youtube.com/watch?v=vCm6Nrgta7Q,8:16,2010,2.3,F4,,
Teaming,Developing and Reviewing the IFSP,"EITP Illinois. (2010, November 9). Bri IFSP Video Chapter 4.3 Family Centered Functional Outcomes [Video]. YouTube. https://www.youtube.com/watch?v=GYg1nfe2vyE",Bri IFSP Video Chapter 4.3 Family Centered Functional Outcomes: Illustrates a discussion identifying strategies for meeting family-centered functional outcomes with a focus accessing community resources. ,https://www.youtube.com/watch?v=GYg1nfe2vyE,9:31,2010,2.2,F4,,
Teaming,Developing and Reviewing the IFSP,"EITP Illinois. (2010, November 9). Bri IFSP Video Chapter 5 Service Plan [Video]. YouTube. https://www.youtube.com/watch?v=NlqZBrXNoTM",Bri IFSP Video Chapter 5 Service Plan: Illustrates a discussion surrounding the development of the IFSP. ,https://www.youtube.com/watch?v=NlqZBrXNoTM,9:55,2010,2.3,F4,,
Teaming,IEP,Head Start Center for Inclusion. (n.d.). Individualized Education Program (IEP) Basics: Video 2: Setting Up for an IEP Meeting [Video]. Head Start Early Childhood Learning and Knowledge Center. https://eclkc.ohs.acf.hhs.gov/children-disabilities/article/individualized-education-program-iep-basics,Individualized Education Program (IEP) Basics: Video 2: Setting Up for an IEP Meeting: Illustrates the facilitators of the IEP meeting as they plan and set up the environment. ,https://eclkc.ohs.acf.hhs.gov/children-disabilities/article/individualized-education-program-iep-basics,2:01,,3.1,TC3,,
Teaming,IEP,Head Start Center for Inclusion. (n.d.). Individualized Education Program (IEP) Basics: Video 4: Beginning the Meeting [Video]. Head Start Early Childhood Learning and Knowledge Center. https://eclkc.ohs.acf.hhs.gov/children-disabilities/article/individualized-education-program-iep-basics,"Individualized Education Program (IEP) Basics: Video 4: Beginning the Meeting: Observe the facilitator of the IEP meeting as she sets up the environment, reviews the to-do-list, and informs participate of logistics. ",https://eclkc.ohs.acf.hhs.gov/children-disabilities/article/individualized-education-program-iep-basics,0:45,,3.1,TC3,,
Teaming,IEP,Head Start Center for Inclusion. (n.d.). Individualized Education Program (IEP) Basics: Video 5: Generating Goals [Video]. Head Start Early Childhood Learning and Knowledge Center. https://eclkc.ohs.acf.hhs.gov/children-disabilities/article/individualized-education-program-iep-basics,Individualized Education Program (IEP) Basics: Video 5: Generating Goals: Illustrates the creation of goals for the IEP. ,https://eclkc.ohs.acf.hhs.gov/children-disabilities/article/individualized-education-program-iep-basics,4:23,,3.3,TC1,,
Teaming,IEP,Head Start Center for Inclusion. (n.d.). Individualized Education Program (IEP) Basics: Video 6: Signing the Individual Education Program [Video]. Head Start Early Childhood Learning and Knowledge Center. https://eclkc.ohs.acf.hhs.gov/children-disabilities/article/individualized-education-program-iep-basics,Individualized Education Program (IEP) Basics: Video 6: Signing the Individual Education Program: Observe the facilitator recap the meeting highlights before passing around the Individualized Education Program. ,https://eclkc.ohs.acf.hhs.gov/children-disabilities/article/individualized-education-program-iep-basics,1:28,,3.2,TC2,,
Teaming,IEP,Head Start Center for Inclusion. (n.d.). Individualized Education Program (IEP) Basics: Video 7: Informal Wrap Up [Video]. Head Start Early Childhood Learning and Knowledge Center. https://eclkc.ohs.acf.hhs.gov/children-disabilities/article/individualized-education-program-iep-basics,Individualized Education Program (IEP) Basics: Video 7: Informal Wrap Up: Observe the facilitator recap the meeting highlights before passing around the Individualized Education Program. ,https://eclkc.ohs.acf.hhs.gov/children-disabilities/article/individualized-education-program-iep-basics,1:28,,3.2,TC2,,
Teaming,IEP,Head Start Center for Inclusion. (n.d.). Individualized Education Program (IEP) Basics: Video 3: Roundtable Introductions at the Meeting [Video]. Head Start Early Childhood Learning and Knowledge Center. https://eclkc.ohs.acf.hhs.gov/children-disabilities/article/individualized-education-program-iep-basics,Individualized Education Program (IEP) Basics: Video 3: Roundtable Introductions at the Meeting: Demonstrates the introduction of attendees at an IEP meeting. ,https://eclkc.ohs.acf.hhs.gov/children-disabilities/article/individualized-education-program-iep-basics,1:14,,3.1,TC3,,
Teaming,Coaching,Head Start Early Childhood Learning and Knowledge Center. (n.d.). Practice-Based Coaching (PBC)[Video]. Head Start Early Childhood Learning and Knowledge Center. https://eclkc.ohs.acf.hhs.gov/professional-development/article/practice-based-coaching-pbc,Practice- Based Coaching (PBC): The Practice-Based Coaching (PBC) model starts with creating a strong partnership between the coach and education staff. Learn what collaborative coaching partnerships look like in action and what it takes to develop a strong partnership.,https://eclkc.ohs.acf.hhs.gov/professional-development/article/practice-based-coaching-pbc,3:38,,3.1,TC2,,
Teaming,Coaching,"Hemmeter, M.L. (2020, September 16). Coaching with Intention: Making the Most of the PBC Cycle [Video]. National Center for Pyramid Model Innovations. https://challengingbehavior.cbcs.usf.edu/Training/Webinar/archive/2020/09-16/2020-09-16-Coaching-With-Intention.html","Coaching with Intention: Making the Most of the PBC Cycle - Webinar: There are specific evidence-based practices for implementing Practice-Based Coaching (PBC). In addition, coaches must learn to provide different levels of support based on individual coachees’ needs.  For coaching to be effective, it must be delivered with fidelity. In this webinar, panelists discuss the tools you can use to ensure you are using PBC with fidelity.",https://challengingbehavior.cbcs.usf.edu/Training/Webinar/archive/2020/09-16/2020-09-16-Coaching-With-Intention.html,7:00,2020,3.2,,,
Teaming,Collaborating and Teaming ,Hilton/ Early Head Start Training Program. (2007). Collaboration and Teaming: Session 4: Building Effective Teams [Video]. Head Start Early Childhood Learning and Knowledge Center. https://eclkc.ohs.acf.hhs.gov/children-disabilities/specialquest-multimedia-training-library/session-4-building-effective-teams,Collaboration and Teaming: Session 4: Building Effective Teams: Illustrates examples of four skills necessary for successful teaming. Participants consider the characteristics of effective teams and generate ideas for creating successful teams in their own work.,https://eclkc.ohs.acf.hhs.gov/children-disabilities/specialquest-multimedia-training-library/session-4-building-effective-teams,10:45,2007,3.2,TC1,,
Teaming,Collaborating and Teaming with Families,Hilton/Early Head Start Foundation Training Program. (2007).  Including Infants and Toddlers with Disabilities: Session 9: Transition at Age 3 [Video]. Head Start Early Childhood Learning and Knowledge Center. https://eclkc.ohs.acf.hhs.gov/children-disabilities/specialquest-multimedia-training-library/session-9-transition-age-3,"Including Infants and Toddlers with Disabilities: Session 9: Transition at Age 3: The families' experiences and feelings about transition and how they collaborate with providers, despite differences among systems (such as early intervention and preschool special education and Early Head Start and Head Start), are shared.",https://eclkc.ohs.acf.hhs.gov/children-disabilities/specialquest-multimedia-training-library/session-9-transition-age-3,6:23,2007,3.3,TR1 ,,
Teaming,Collaborating and Teaming ,Hilton/Early Head Start Training Program. (2007). Collaboration and Teaming: Session 2: Steps to Collaborative Series [Video].Head Start Early Childhood Learning and Knowledge Center. https://eclkc.ohs.acf.hhs.gov/children-disabilities/specialquest-multimedia-training-library/session-2-steps-collaborative-services,Collaboration and Teaming: Session 2: Steps to Collaborative Services: Highlights the issues involved in building collaborative relationships among service providers and families,https://eclkc.ohs.acf.hhs.gov/children-disabilities/specialquest-multimedia-training-library/session-2-steps-collaborative-services,18:12,2007,3.2,TC1,,
Teaming,Collaborating and Teaming  ,Hilton/Early Head Start Training Program. (2007). Collaboration and Teaming: Session 3: Building Collaborative Relationships [Video]. Head Start Early Childhood Learning and Knowledge Center. https://eclkc.ohs.acf.hhs.gov/children-disabilities/specialquest-multimedia-training-library/session-3-building-collaborative-relationships,"Collaboration and Teaming: Session 3: Building Collaborative Relationships: Illustrates (1) specific strategies for successful teaming and integration of services for infants and toddlers with disabilities and their families; (2) an activity on community mapping of both informal and formal resources that support young children with disabilities and their families in their communities; and (3) offers supporting materials on, learning about community partners and strengthening collaborative relationships.",https://eclkc.ohs.acf.hhs.gov/children-disabilities/specialquest-multimedia-training-library/session-3-building-collaborative-relationships,10:08,2007,3.2,TC1,,
Teaming,Collaborating and Teaming with Professionals,The Center to Mobilize Early Childhood Education. (2010). CONNECT Audio 1.4: Kathy's Perspective (Speech Therapist)[Audio file].  Division for Early Childhood.  https://connectmodules.dec-sped.org/connect-modules/resources/audio/audio-1-4/,"CONNECT Audio 1.4: Kathy's Perspective (Speech Therapist): A speech therapist in a childcare program shares her perspective on serving Luke, a three year old boy with developmental delays who recently enrolled. She discusses the challenges of using embedded interventions in the classroom.",https://connectmodules.dec-sped.org/connect-modules/resources/audio/audio-1-4/,2:03,2010,3.2,TC1,,
Teaming,Collaborating and Teaming with Professionals,The Center to Mobilize Early Childhood Education. (2010). CONNECT Audio 1.5: Jackie's Perspective (Luke's Teacher)[Audio file]. Division for Early Childhood.  https://connectmodules.dec-sped.org/connect-modules/resources/audio/audio-1-5/,"CONNECT Audio 1.5: Jackie's Perspective (Luke's Teacher): Luke's teacher at the childcare program shares her perspective a few months after Luke, a three-year old boy with developmental delays, has joined her classroom.",https://connectmodules.dec-sped.org/connect-modules/resources/audio/audio-1-5/,1:53,2010,3.2,TC3,,
Teaming,Collaborating and Teaming with Professionals,The Center to Mobilize Early Childhood Education. (2010). CONNECT Audio 3.4: Shawanda's Perspective (Teacher) [Audio file]. Division for Early Childhood. https://connectmodules.dec-sped.org/connect-modules/resources/audio/audio-3-4/,CONNECT Audio 3.4: Shawanda’s Perspective (Teacher): A teacher in a childcare program shares her perspective on collaborating with other professionals in her classroom.,https://connectmodules.dec-sped.org/connect-modules/resources/audio/audio-3-4/,12:43,2010,3.2,TC2,,
Teaming,Collaborating and Teaming with Professionals,The Center to Mobilize Early Childhood Education. (2010). CONNECT Audio 3.5: Ashley's perspective (speech therapist) [Audio file]. Division for Early Childhood. https://connectmodules.dec-sped.org/connect-modules/resources/audio/audio-3-5/,CONNECT Audio 3.5: Ashley’s perspective (speech therapist): A speech therapist shares her perspective on working with children in classroom settings and collaborating with the teachers and families.,https://connectmodules.dec-sped.org/connect-modules/resources/audio/audio-3-5/,11:16,2010,3.2,TC2,,
Teaming,Collaborating and Teaming with Families,The Center to Mobilize Early Childhood Education. (2010). CONNECT Audio 3.6: Susan's Perspective (David's Mother) [Audio file]. Division for Early Childhood.  https://connectmodules.dec-sped.org/connect-modules/resources/audio/audio-3-6/,"CONNECT Audio 3.6: Susan’s Perspective (David’s Mother): The mother of David, a 4-year old with language delays, shares her perspective addressing her son’s goals. ",https://connectmodules.dec-sped.org/connect-modules/resources/audio/audio-3-6/,0:57,2010,3.2,TC2,,
Teaming,Collaborating and Teaming with Professionals,The Center to Mobilize Early Childhood Education. (2010). CONNECT Audio 5.4: Ms. Mary's Perspective (Family Child Care Provider) [Audio file]. Division for Early Childhood. https://connectmodules.dec-sped.org/connect-modules/resources/audio/audio-5-4/,"CONNECT Audio 5.4: Ms. Mary’s Perspective (Family Child Care Provider): A child care provider of Sophie, a two-year-old with language and physical delays, discusses her feelings about using assistive technology and wanting to become more comfortable with using communication boards with Sophie.",https://connectmodules.dec-sped.org/connect-modules/resources/audio/audio-5-4/,0:30,2010,3.2,TC2,,
Teaming,Collaborating and Teaming with Professionals,The Center to Mobilize Early Childhood Education. (2010). CONNECT Audio 5.6: Karen's Perspective (Speech Therapist) [Audio file]. Division for Early Childhood. https://connectmodules.dec-sped.org/connect-modules/resources/audio/audio-5-6/,"CONNECT Audio 5.6: Karen’s Perspective (Speech Therapist): Sophie’s speech therapist shares her thoughts about working with Sophie and using assistive technology to help her communicate. She also talks about her willingness to work with Ms. Mary, Sophie’s child care provider, to make her more comfortable with using assistive technology.",https://connectmodules.dec-sped.org/connect-modules/resources/audio/audio-5-6/,1:06,2010,3.1,TC2,,
Teaming,Collaborating and Teaming with Professionals,The Center to Mobilize Early Childhood Education. (2010). CONNECT Video 1.1: The Teacher's Viewpoint [Video].  Division for Early Childhood. https://connectmodules.dec-sped.org/connect-modules/resources/videos/video-1-1/,"CONNECT Video 1.1: The Teacher's Viewpoint: Jackie, a teacher in a community-based childcare program shares her concerns about including Luke, a 3 year old boy with developmental delays, in her classroom",https://connectmodules.dec-sped.org/connect-modules/resources/videos/video-1-1/,1:50,2010,3.2,INS13,,
Teaming,Collaborating and Teaming with Professionals,The Center to Mobilize Early Childhood Education. (2010). CONNECT Video 2.1: The Teacher's Viewpoint [Video]. Division for Early Childhood. https://connectmodules.dec-sped.org/connect-modules/resources/videos/video-2-1/ ,"CONNECT Video 2.1: The Teacher’s Viewpoint: Melanie, a teacher in a community-based childcare program shares a dilemma about the transition of Tamiya, a two-year-old girl turning three with developmental delays, joining her classroom. ",https://connectmodules.dec-sped.org/connect-modules/resources/videos/video-2-1/,1:55,2010,3.3,TR1,,
Teaming,Collaborating and Teaming with Families,The Center to Mobilize Early Childhood Education. (2010). CONNECT Video 2.2: The Family's Viewpoint [Video]. Division for Early Childhood. https://connectmodules.dec-sped.org/connect-modules/resources/videos/video-2-2/,"CONNECT Video 2.2: The Family’s Viewpoint: Rosemary, the mother of Tamiya, a two-year-old girl turning three with developmental delays, shares her view on the upcoming transition of her daughter into a childcare program.",https://connectmodules.dec-sped.org/connect-modules/resources/videos/video-2-2/ ,2:27,2010,3.3,TR2,,
Teaming,Collaborating and Teaming with Families,The Center to Mobilize Early Childhood Education. (2010). CONNECT Video 2.3: Highlights of a Home Visit [Video]. Division for Early Childhood. https://connectmodules.dec-sped.org/connect-modules/learners/module-2/step-3/a-definition/engaging-families/,"CONNECT Video 2.3: Highlights of a Home Visit: The preschool teacher makes a home visit before the child starts preschool to build rapport with the mom, gather information, and share information about what the first day of school will be like.",https://connectmodules.dec-sped.org/connect-modules/learners/module-2/step-3/a-definition/engaging-families/,3:03,2010,3.3,TR2,,
Teaming,Collaborating and Teaming with Professionals,The Center to Mobilize Early Childhood Education. (2010). CONNECT Video 3.1: The Teacher's Viewpoint [Video]. Division for Early Childhood. https://connectmodules.dec-sped.org/connect-modules/learners/module-3/step-1/,"CONNECT Video 3.1: The Teacher’s Viewpoint: Shawanda, a teacher in a community-based childcare program shares a dilemma about collaborating with a speech therapist to address the learning goals of David, a 4-year-old boy in her class.",https://connectmodules.dec-sped.org/connect-modules/learners/module-3/step-1/,1:50,2010,3.1,TC3,,
Teaming,Collaborating and Teaming with Professionals,The Center to Mobilize Early Childhood Education. (2010). CONNECT Video 3.2: The Therapist's Viewpoint [Video]. Division for Early Childhood. https://connectmodules.dec-sped.org/connect-modules/learners/module-3/step-1/,"CONNECT Video 3.2: The Therapist’s Viewpoint: Ashley, a speech therapist shares her view on collaborating with a teacher in a community-based childcare program to address the goals of David, a 4-year-old boy with language delays",https://connectmodules.dec-sped.org/connect-modules/learners/module-3/step-1/,1:09,2010,3.1,TC3,,
Teaming,Collaborating and Teaming with Professionals,The Center to Mobilize Early Childhood Education. (2010). CONNECT Video 3.3: Conversations with Examples of Attending and Active Listening  [Video]. Division for Early Childhood. https://connectmodules.dec-sped.org/connect-modules/resources/videos/video-3-3/,"CONNECT Video 3.3: Conversation with Examples of Attending and Active Listening: Andi, a Head Start teacher, and LeeMarie, a speech therapist, have a conversation about collaborating to address the learning goals of a 4-year-old child in Andi’s classroom. This is part one of a three-part conversation highlighting examples of attending and active listening communication strategies.",https://connectmodules.dec-sped.org/connect-modules/resources/videos/video-3-3/,2:37,2010,3.2,TC3,,
Teaming,Collaborating and Teaming with Professionals,The Center to Mobilize Early Childhood Education. (2010). CONNECT Video 3.4: Conversation with Examples of Seeking and Verifying Information [Video]. Division for Early Childhood. https://connectmodules.dec-sped.org/connect-modules/resources/videos/video-3-4/,"CONNECT Video 3.4: Conversation with Examples of Seeking and Verifying Information: Andi, a Head Start teacher, and LeeMarie, a speech therapist, have a conversation about collaborating to address the learning goals of a 4-year-old child in Andi’s classroom. This is part two of a three-part conversation highlighting examples of seeking and verifying communication strategies.",https://connectmodules.dec-sped.org/connect-modules/resources/videos/video-3-4/,2:38,2010,3.2,TC3,,
Teaming,Collaborating and Teaming with Professionals,The Center to Mobilize Early Childhood Education. (2010). CONNECT Video 3.5: Conversation with Examples of Joining and Supporting [Video]. Division for Early Childhood. https://connectmodules.dec-sped.org/connect-modules/resources/videos/video-3-5/,"CONNECT Video 3.5: Conversation with Examples of Joining and Supporting: Andi, a Head Start teacher, and LeeMarie, a speech therapist, have a conversation about collaborating to address the learning goals of a 4-year-old child in Andi’s classroom. This is part three of a three-part conversation highlighting examples of joining and supporting communication strategies",https://connectmodules.dec-sped.org/connect-modules/resources/videos/video-3-5/,3:12,2010,3.2,TC3,,
Teaming,Collaborating and Teaming with Professionals,"The Center to Mobilize Early Childhood Education. (2010). CONNECT Video 5.1: The Family Childcare Provider's Viewpoint [Video]. FPG Child Development Institute, University of North Carolina at Chapel Hill. https://connectmodules.dec-sped.org/connect-modules/resources/videos/video-5-1/","CONNECT Video 5.1: The Family Childcare Provider’s Viewpoint: Ms. Mary, a family child care provider, shares a dilemma about her concerns of using communication boards with Sophie, a 2-year-old girl in her program.",https://connectmodules.dec-sped.org/connect-modules/resources/videos/video-5-1/,1:50,2010,3.1,TC2,,
Teaming,Collaborating and Teaming with Families,The Center to Mobilize Early Childhood Education. (2010). CONNECT Video 5.2: The Family's Viewpoint [Video]. Division for Early Childhood. https://connectmodules.dec-sped.org/connect-modules/resources/videos/video-5-2/,"CONNECT Video 5.2: The Family’s Viewpoint: Holly, Sophie’s mother, shares her dilemma about sending Sophie to a family child care provider who does not have experience working with children who use assistive technology.",https://connectmodules.dec-sped.org/connect-modules/resources/videos/video-5-2/,2:14,2010,3.1,TC1,,
Teaming,Relationships,The Center to Mobilize Early Childhood Education. (2010). Foundations of Transition for Young Children [Video]. Division for Early Childhood. https://connectmodules.dec-sped.org/connect-modules/resources/videos/foundations-of-transition/,"Foundations of Transition for Young Children: Importance of relationships among families and professionals, as well as among various agencies serving a child and family are discussed. Desirable outcomes of transition, research on effective transition strategies, and legal requirements of transition planning are also reviewed. ",https://connectmodules.dec-sped.org/connect-modules/resources/videos/foundations-of-transition/,10:03,,2.3,TR1 ,,
Teaming,Collaborating and Teaming  ,The National Center on Quality Teaching and Learning. (n.d.). Transitions: A Community Perspective on Transitioning into Kindergarten [Video]. Head Start Early Learning and Knowledge Center. https://eclkc.ohs.acf.hhs.gov/video/transitions-community-perspective-transitioning-kindergarten,"Transitions: A Community Perspective on Transitioning into Kindergarten: Transition to kindergarten strategies by each collaborative partner are highlighted.  Head Start educators work with receiving schools to understand school readiness and alignment between the program and kindergarten.  The perspectives of parents, children, teachers, program coordinator, principal, and superintendent are presented.",https://eclkc.ohs.acf.hhs.gov/video/transitions-community-perspective-transitioning-kindergarten,12:56,2019,3.3,TR1,,
Teaming,Collaborating and Teaming with Families,"UConn UCEDD. (2010, July 17). Home Visiting Practices for Infants and Toddlers with Disabilities (Robin McWilliam, Ph.D.) [Video]. YouTube. https://www.youtube.com/watch?v=zUwcRFgbdYk","Home Visiting Practices for Infants and Toddlers with Disabilities (Robin McWilliam, Ph.D.): Describes the paradigm shift from practitioners working directly working with a child to working with the family during home visits. Misconceptions regarding home visits are reviewed.",https://www.youtube.com/watch?v=zUwcRFgbdYk,7:49,2010,3.2,TC2,,
Teaming,Coaching,Virginia Early Intervention Professional Development Center. (n.d.).  Coaching a Family during an Early Intervention Visit [Video]. YouTube. https://veipd.org/main/videos.html,"Coaching a Family during an Early Intervention Visit: This video shows Yvonnie, an early interventionist, using coaching skills to support a mother during an early intervention visit.  Yvonnie reviews the mother’s joint plan for helping her son learn to self-feed and pull-to-stand. She uses reflective questions to explore the family’s experience since the last visit.",https://www.youtube.com/watch?v=ZDx9L6yPMZU,4:45,2015,3.2,INS13,,
Teaming ,Family-Centered Early Intervention / Collaborating and Teaming with Families,CADRE. (n.d.). A Tale of Two Conversations [Video]. The Center for Appropriate Dispute Resolution in Special Education. https://www.cadreworks.org/resources/tale-two-conversations-study-guide,"A Tale of Two Conversations: A two-part video showing actors playing a parent of a child with special needs and a school administrator. The meeting was requested by the parent and takes place in the administrator’s office. Take One shows the parent and administrator talking about the child’s special education program. They are talking, but not listening. Their communication is unproductive. Take Two shows each person using more effective communication skills.",https://www.cadreworks.org/resources/tale-two-conversations-study-guide,"Part 1, 6:09 Part 2, 7:29",2019,2.3,F3,,
Teaming ,Family-Centered Practice ,"Colorado Department of Education. (2021, July 30). Janella's Story [Video]. YouTube.https://www.youtube.com/watch?v=-Ew4oCrq6Qg","Janella's Story: A developmental therapist works with an interdisciplinary team and  family to support Janella, a 27 month old, make choices and participate in daily routines. The primary service provider approach is modeled. Conversations among the teams members exemplify what is entailed in developing partnerships between families and practitioners. Throughout the video the mom expresses what it has meant to learn and share ideas relevant to her daughter and family life. ",https://www.youtube.com/watch?v=-Ew4oCrq6Qg,11:34,2021,2.3,F5,,
Teaming ,Collaborating and Teaming / Coaching,"UNM HSC CDD. (2016). Using Video, Self-Reflection, and Coaching to Enhance Early Intervention Services [Video]. Vimeo. https://vimeo.com/191674479","Using Video, Self-Reflection, and Coaching to Enhance Early Intervention Services: This video illustrates how an early intervention program in New Mexico uses video, self-reflection, coaching of practitioners, and coaching of coaches to support their practitioners to use a more routines-based and coaching approach to better support families.",https://vimeo.com/191674479,15:09,2016,3.2,INS13,,